name,normalized_name,type,province,city,external_id,source,source_url,approval_status,institution_status
SMA PGRI CIAMBAR,sma pgri ciambar,sma,,Kab. Sukabumi,69888716,school_pdf,,approved,Swasta
SMA PGRI CIDAHU,sma pgri cidahu,sma,,Kab. Sukabumi,69888787,school_pdf,,approved,Swasta
SMAN 1 KROYA,sman 1 kroya,sma,,Kab. Indramayu,20215975,school_pdf,,approved,Negeri
SMAN 1 TENJO,sman 1 tenjo,sma,,Kab. Bogor,20231338,school_pdf,,approved,Negeri
SMAN 1 CIOMAS,sman 1 ciomas,sma,,Kab. Bogor,20232374,school_pdf,,approved,Negeri
SMAN 1 SUKASARI,sman 1 sukasari,sma,,Kab. Purwakarta,20229747,school_pdf,,approved,Negeri
SMK ASSHIDDIQIYAH 10,smk asshiddiqiyah 10,smk,,Kab. Cianjur,69830537,school_pdf,,approved,Swasta
SMAS AL HASANAH,smas al hasanah,sma,,Kab. Bogor,20253857,school_pdf,,approved,Swasta
SMAS AL HIKMAH,smas al hikmah,sma,,Kab. Bogor,20268875,school_pdf,,approved,Swasta
SMAS ASHRIYAH NURUL IMAN,smas ashriyah nurul iman,sma,,Kab. Bogor,20257671,school_pdf,,approved,Swasta
SMK 98 CIAWI,smk 98 ciawi,smk,,Kab. Bogor,69877904,school_pdf,,approved,Swasta
SMK AL-MUHSININ,smk al-muhsinin,smk,,Kab. Bandung,69955507,school_pdf,,approved,Swasta
SMAS IBNU HAJAR,smas ibnu hajar,sma,,Kab. Bogor,20232339,school_pdf,,approved,Swasta
SMAS MUHAMMADIYAH CILEUNGSI,smas muhammadiyah cileungsi,sma,,Kab. Bogor,20200677,school_pdf,,approved,Swasta
SMAS MUHAMMADIYAH PAMIJAHAN,smas muhammadiyah pamijahan,sma,,Kab. Bogor,20232368,school_pdf,,approved,Swasta
SMAN 6 BOGOR,sman 6 bogor,sma,,Kota Bogor,20220335,school_pdf,,approved,Negeri
SMAN 1 CIGUDEG,sman 1 cigudeg,sma,,Kab. Bogor,20231325,school_pdf,,approved,Negeri
SMAN 1 CIJERUK,sman 1 cijeruk,sma,,Kab. Bogor,20271050,school_pdf,,approved,Negeri
SMAN 1 CISARUA,sman 1 cisarua,sma,,Kab. Bogor,20232375,school_pdf,,approved,Negeri
SMAN 1 GUNUNG SINDUR,sman 1 gunung sindur,sma,,Kab. Bogor,20231331,school_pdf,,approved,Negeri
SMAN 1 JASINGA,sman 1 jasinga,sma,,Kab. Bogor,20200587,school_pdf,,approved,Negeri
SMAN 1 TAJURHALANG,sman 1 tajurhalang,sma,,Kab. Bogor,20232371,school_pdf,,approved,Negeri
SMKS JOYOREJO,smks joyorejo,smk,,Kab. Bogor,69728240,school_pdf,,approved,Swasta
SMAN 1 BABAKAN MADANG,sman 1 babakan madang,sma,,Kab. Bogor,20231322,school_pdf,,approved,Negeri
SMAN 1 CIAMPEA,sman 1 ciampea,sma,,Kab. Bogor,20200676,school_pdf,,approved,Negeri
SMKS KARYA INSANI,smks karya insani,smk,,Kab. Bogor,69728750,school_pdf,,approved,Swasta
SMA IT DARUL QUR`AN MULIA,sma it darul qur`an mulia,sma,,Kab. Bogor,70035800,school_pdf,,approved,Swasta
SMKS JAYABEKA 03,smks jayabeka 03,smk,,Kab. Karawang,69774547,school_pdf,,approved,Swasta
SMAN 1 CIBUNGBULANG,sman 1 cibungbulang,sma,,Kab. Bogor,20231324,school_pdf,,approved,Negeri
SMAN 1 JONGGOL,sman 1 jonggol,sma,,Kab. Bogor,20200680,school_pdf,,approved,Negeri
SMAN 1 LEUWILIANG,sman 1 leuwiliang,sma,,Kab. Bogor,20200601,school_pdf,,approved,Negeri
SMAN 1 CIEMAS,sman 1 ciemas,sma,,Kab. Sukabumi,60726697,school_pdf,,approved,Negeri
SMAN 1 SIMPENAN,sman 1 simpenan,sma,,Kab. Sukabumi,20202258,school_pdf,,approved,Negeri
SMA IT ATTA AWUN,sma it atta awun,sma,,Kab. Garut,69980025,school_pdf,,approved,Swasta
SMK Islam Terpadu IQRO Leles,smk islam terpadu iqro leles,smk,,Kab. Garut,69882346,school_pdf,,approved,Swasta
SMKS BINA MANDIRI,smks bina mandiri,smk,,Kota Depok,20268871,school_pdf,,approved,Swasta
SMAS BINA INSAN JONGGOL,smas bina insan jonggol,sma,,Kab. Bogor,20232353,school_pdf,,approved,Swasta
SMAS HANURA,smas hanura,sma,,Kab. Bogor,20232337,school_pdf,,approved,Swasta
SMAS HARAPAN BANGSA,smas harapan bangsa,sma,,Kab. Bogor,20200688,school_pdf,,approved,Swasta
SMAS NURUL FALAAH,smas nurul falaah,sma,,Kab. Bogor,20252959,school_pdf,,approved,Swasta
SMAS PGRI CIAWI,smas pgri ciawi,sma,,Kab. Bogor,20232392,school_pdf,,approved,Swasta
SMAS PGRI JONGGOL,smas pgri jonggol,sma,,Kab. Bogor,20232391,school_pdf,,approved,Swasta
SMA KP 1 PASEH,sma kp 1 paseh,sma,,Kab. Bandung,20227850,school_pdf,,approved,Swasta
SMK BOASH 1,smk boash 1,smk,,Kab. Bogor,20232487,school_pdf,,approved,Swasta
SMK BUKIT GLORIA,smk bukit gloria,smk,,Kab. Bogor,69878508,school_pdf,,approved,Swasta
SMK CAHAYA,smk cahaya,smk,,Kab. Bogor,20254845,school_pdf,,approved,Swasta
SMK FAJAR UTAMA,smk fajar utama,smk,,Kab. Bogor,70023638,school_pdf,,approved,Swasta
SMK GLOBAL SURYA PRATAMA,smk global surya pratama,smk,,Kab. Bogor,69908501,school_pdf,,approved,Swasta
SMAS PGRI LEUWILIANG,smas pgri leuwiliang,sma,,Kab. Bogor,20200669,school_pdf,,approved,Swasta
SMA Qur`an el Tahdh,sma qur`an el tahdh,sma,,Kab. Bogor,70026792,school_pdf,,approved,Swasta
SMAN 1 RANCABUNGUR,sman 1 rancabungur,sma,,Kab. Bogor,69754446,school_pdf,,approved,Negeri
SMA SINAR ISLAM ASIA PASIFIC BOARDING SCHOOL,sma sinar islam asia pasific boarding school,sma,,Kab. Bogor,70029923,school_pdf,,approved,Swasta
SMK AVICENNA MANDIRI,smk avicenna mandiri,smk,,Kab. Bogor,69888840,school_pdf,,approved,Swasta
SMK BINA MANDIRI MULTIMEDIA,smk bina mandiri multimedia,smk,,Kab. Bogor,69984405,school_pdf,,approved,Swasta
SMKS MADANI,smks madani,smk,,Kota Depok,20258060,school_pdf,,approved,Swasta
SMK BINASENA,smk binasena,smk,,Kab. Bogor,69859698,school_pdf,,approved,Swasta
SMK GOLDEN,smk golden,smk,,Kab. Bogor,69967704,school_pdf,,approved,Swasta
SMK INFORMATIKA BINA GENERASI 3,smk informatika bina generasi 3,smk,,Kab. Bogor,69877619,school_pdf,,approved,Swasta
SMK NEGERI 1 KEMANG,smk negeri 1 kemang,smk,,Kab. Bogor,69955278,school_pdf,,approved,Negeri
SMAN 1 MEGAMENDUNG,sman 1 megamendung,sma,,Kab. Bogor,20232380,school_pdf,,approved,Negeri
SMAN 1 PAMIJAHAN,sman 1 pamijahan,sma,,Kab. Bogor,20231334,school_pdf,,approved,Negeri
SMAN 1 LOSARANG,sman 1 losarang,sma,,Kab. Indramayu,20215974,school_pdf,,approved,Negeri
SMKS YADIKA CIREBON,smks yadika cirebon,smk,,Kab. Cirebon,20245300,school_pdf,,approved,Swasta
SMAN 1 PARUNG,sman 1 parung,sma,,Kab. Bogor,20200602,school_pdf,,approved,Negeri
SMK NAGRAK,smk nagrak,smk,,Kab. Purwakarta,69946486,school_pdf,,approved,Swasta
SMKN 1 PATOKBEUSI,smkn 1 patokbeusi,smk,,Kab. Subang,69757494,school_pdf,,approved,Negeri
SMAS YASTI CISAAT,smas yasti cisaat,sma,,Kab. Sukabumi,20247172,school_pdf,,approved,Swasta
SMAS KEMAH IND 2,smas kemah ind 2,sma,,Kota Bandung,20219734,school_pdf,,approved,Swasta
SMKN 1 CIREBON,smkn 1 cirebon,smk,,Kota Cirebon,20222174,school_pdf,,approved,Negeri
SMA IT AS - SYAKUR,sma it as - syakur,sma,,Kab. Garut,69894140,school_pdf,,approved,Swasta
SMAS TARBIYATUL FALAH,smas tarbiyatul falah,sma,,Kab. Bogor,20200674,school_pdf,,approved,Swasta
SMK 2 PEMBINA BANGSA,smk 2 pembina bangsa,smk,,Kab. Bogor,69880577,school_pdf,,approved,Swasta
SMK AL - MUTTAQIEN,smk al - muttaqien,smk,,Kab. Bogor,69880578,school_pdf,,approved,Swasta
SMK AL-FURQON,smk al-furqon,smk,,Kab. Bogor,69909748,school_pdf,,approved,Swasta
SMK KOMPUTER INDONESIA,smk komputer indonesia,smk,,Kab. Bogor,69895414,school_pdf,,approved,Swasta
SMKS YPUI,smks ypui,smk,,Kab. Bogor,20268527,school_pdf,,approved,Swasta
SMAN 3 SUKABUMI,sman 3 sukabumi,sma,,Kota Sukabumi,20221561,school_pdf,,approved,Negeri
SMK PGRI KLARI,smk pgri klari,smk,,Kab. Karawang,20271592,school_pdf,,approved,Swasta
SMK IT AL JUNAEDIYAH,smk it al junaediyah,smk,,Kab. Sukabumi,69883649,school_pdf,,approved,Swasta
SMKS SUKARAJA,smks sukaraja,smk,,Kab. Tasikmalaya,20269135,school_pdf,,approved,Swasta
SMK MANUK HEULANG,smk manuk heulang,smk,,Kab. Tasikmalaya,69878671,school_pdf,,approved,Swasta
SMK NAHDLATUL ULAMA AL-MINHAJ,smk nahdlatul ulama al-minhaj,smk,,Kab. Bogor,20270546,school_pdf,,approved,Swasta
SMK PLUS INSAN CEMERLANG,smk plus insan cemerlang,smk,,Kab. Bogor,69830586,school_pdf,,approved,Swasta
SMK PLUS PELITA NUSANTARA,smk plus pelita nusantara,smk,,Kab. Bogor,69978524,school_pdf,,approved,Swasta
SMK PLUS PGRI 1 CIBINONG,smk plus pgri 1 cibinong,smk,,Kab. Bogor,20231431,school_pdf,,approved,Swasta
SMK PUTRA MANDIRI BANGSA,smk putra mandiri bangsa,smk,,Kab. Bogor,69816347,school_pdf,,approved,Swasta
SMK TERPADU RANGGANIS,smk terpadu rangganis,smk,,Kab. Bogor,69888795,school_pdf,,approved,Swasta
SMK TRI PATRIA BOGOR,smk tri patria bogor,smk,,Kab. Bogor,70027865,school_pdf,,approved,Swasta
SMKN 1 CIANJUR,smkn 1 cianjur,smk,,Kab. Cianjur,20203872,school_pdf,,approved,Negeri
SMAS PGRI 3,smas pgri 3,sma,,Kota Bandung,20265521,school_pdf,,approved,Swasta
SMK IT BINA WARGA,smk it bina warga,smk,,Kab. Cianjur,69883258,school_pdf,,approved,Swasta
SMAN 4 CIREBON,sman 4 cirebon,sma,,Kota Cirebon,20222367,school_pdf,,approved,Negeri
SMK NURUL FALAH,smk nurul falah,smk,,Kab. Tasikmalaya,69934752,school_pdf,,approved,Swasta
SMKS 2 TRIPLE J CITEUREUP,smks 2 triple j citeureup,smk,,Kab. Bogor,20232491,school_pdf,,approved,Swasta
SMKS ADI SANGGORO,smks adi sanggoro,smk,,Kab. Bogor,20231368,school_pdf,,approved,Swasta
SMKS AGRIBISNIS DAN AGROTEKNOLOGI AMERTA,smks agribisnis dan agroteknologi amerta,smk,,Kab. Bogor,20258339,school_pdf,,approved,Swasta
SMKS AL AMIN,smks al amin,smk,,Kab. Bogor,20232415,school_pdf,,approved,Swasta
SMAN 1 JATISARI,sman 1 jatisari,sma,,Kab. Karawang,20217785,school_pdf,,approved,Negeri
SMKS PGRI 2 KARAWANG,smks pgri 2 karawang,smk,,Kab. Karawang,20217797,school_pdf,,approved,Swasta
SMKS AL-HAFIZ,smks al-hafiz,smk,,Kab. Sukabumi,69734380,school_pdf,,approved,Swasta
SMKS IT MADANI,smks it madani,smk,,Kota Sukabumi,69754839,school_pdf,,approved,Swasta
SMK AL LUTFHI,smk al lutfhi,smk,,Kab. Cianjur,69947490,school_pdf,,approved,Swasta
SMKS PASUNDAN 2 BANDUNG,smks pasundan 2 bandung,smk,,Kota Bandung,20219148,school_pdf,,approved,Swasta
SMK PASUNDAN 2 BANJARAN,smk pasundan 2 banjaran,smk,,Kab. Bandung,20206220,school_pdf,,approved,Swasta
SMK TRIMITSA,smk trimitsa,smk,,Kab. Bogor,69759136,school_pdf,,approved,Swasta
SMKN 1 CIBINONG,smkn 1 cibinong,smk,,Kab. Bogor,20231420,school_pdf,,approved,Negeri
SMKN 1 GUNUNG SINDUR,smkn 1 gunung sindur,smk,,Kab. Bogor,20271184,school_pdf,,approved,Negeri
SMKS PGRI KARISMA BANGSA,smks pgri karisma bangsa,smk,,Kab. Bogor,20268443,school_pdf,,approved,Swasta
SMA PLUS AD DA`WAH,sma plus ad da`wah,sma,,Kab. Cianjur,20203696,school_pdf,,approved,Swasta
SMK MASTER INDONESIA,smk master indonesia,smk,,Kab. Bogor,69862572,school_pdf,,approved,Swasta
SMA PASUNDAN 2,sma pasundan 2,sma,,Kota Cimahi,20224105,school_pdf,,approved,Swasta
SMK MATUSHA DWI ELANG,smk matusha dwi elang,smk,,Kab. Bogor,69954269,school_pdf,,approved,Swasta
SMK NAHDLATUL ULAMA,smk nahdlatul ulama,smk,,Kab. Bogor,69880403,school_pdf,,approved,Swasta
SMKN 1 LEUWILIANG,smkn 1 leuwiliang,smk,,Kab. Bogor,20270736,school_pdf,,approved,Negeri
SMKS 1 AMAL MULIA,smks 1 amal mulia,smk,,Kab. Bogor,20231375,school_pdf,,approved,Swasta
SMKS AL BANA,smks al bana,smk,,Kab. Bogor,69786949,school_pdf,,approved,Swasta
SMKS AL BASYARIAH,smks al basyariah,smk,,Kab. Bogor,20232416,school_pdf,,approved,Swasta
SMKS AL HAFIDZ,smks al hafidz,smk,,Kab. Bogor,69762769,school_pdf,,approved,Swasta
SMKS AMALIAH 1,smks amaliah 1,smk,,Kab. Bogor,20270996,school_pdf,,approved,Swasta
SMKS AN-NUR CARIU,smks an-nur cariu,smk,,Kab. Bogor,69786623,school_pdf,,approved,Swasta
SMKS ARRAHMANIYAH,smks arrahmaniyah,smk,,Kab. Bogor,20258348,school_pdf,,approved,Swasta
SMKS AULIA,smks aulia,smk,,Kab. Bogor,20271915,school_pdf,,approved,Swasta
SMKS AVICENA,smks avicena,smk,,Kab. Bogor,20231381,school_pdf,,approved,Swasta
SMKS BHAKTI CANDRA,smks bhakti candra,smk,,Kab. Bogor,20272075,school_pdf,,approved,Swasta
SMKS BHINNEKA NUSANTARA,smks bhinneka nusantara,smk,,Kab. Bogor,20271579,school_pdf,,approved,Swasta
SMKS BINA CENDIKIA,smks bina cendikia,smk,,Kab. Bogor,69755802,school_pdf,,approved,Swasta
SMKS MULIA BUANA,smks mulia buana,smk,,Kab. Bogor,20258522,school_pdf,,approved,Swasta
SMKS JAYA TAMA BANGSA,smks jaya tama bangsa,smk,,Kab. Sukabumi,69727426,school_pdf,,approved,Swasta
SMKS YASHIKA,smks yashika,smk,,Kab. Sukabumi,20253315,school_pdf,,approved,Swasta
SMK IT PERMATA HATI,smk it permata hati,smk,,Kab. Cianjur,69899988,school_pdf,,approved,Swasta
SMKS BINA HARAPAN,smks bina harapan,smk,,Kab. Bogor,20253547,school_pdf,,approved,Swasta
SMKS BINTANG PELAJAR,smks bintang pelajar,smk,,Kab. Bogor,69725856,school_pdf,,approved,Swasta
SMKS BISTEK,smks bistek,smk,,Kab. Bogor,69753993,school_pdf,,approved,Swasta
SMKS BIT BINA AULIA,smks bit bina aulia,smk,,Kab. Bogor,20254256,school_pdf,,approved,Swasta
SMKS CAKRAWALA,smks cakrawala,smk,,Kab. Bogor,69755439,school_pdf,,approved,Swasta
SMKS CENDIKIA MUSLIM,smks cendikia muslim,smk,,Kab. Bogor,69754780,school_pdf,,approved,Swasta
SMKS DAARUL FATAA,smks daarul fataa,smk,,Kab. Bogor,20232442,school_pdf,,approved,Swasta
SMKS DARMA BAKTI,smks darma bakti,smk,,Kab. Bogor,20276164,school_pdf,,approved,Swasta
SMKS DARUL MUSLIM,smks darul muslim,smk,,Kab. Bogor,20280618,school_pdf,,approved,Swasta
SMKS FAJAR SENTOSA,smks fajar sentosa,smk,,Kab. Bogor,69768238,school_pdf,,approved,Swasta
SMKS GALILEO,smks galileo,smk,,Kab. Bogor,20232445,school_pdf,,approved,Swasta
SMKS GARUDA SATYA,smks garuda satya,smk,,Kab. Bogor,20252891,school_pdf,,approved,Swasta
SMKS GENERASI MANDIRI GUNUNG PUTRI,smks generasi mandiri gunung putri,smk,,Kab. Bogor,20232448,school_pdf,,approved,Swasta
SMKS GIRI TARUNA 2,smks giri taruna 2,smk,,Kab. Bogor,20232449,school_pdf,,approved,Swasta
SMKS HARAPAN,smks harapan,smk,,Kab. Bogor,20253548,school_pdf,,approved,Swasta
SMKS HARAPAN KITA BOGOR,smks harapan kita bogor,smk,,Kab. Bogor,20231403,school_pdf,,approved,Swasta
SMKS HUMANIKA 2,smks humanika 2,smk,,Kab. Bogor,69755276,school_pdf,,approved,Swasta
SMKS INSAN KREATIF,smks insan kreatif,smk,,Kab. Bogor,20231405,school_pdf,,approved,Swasta
SMKS INSAN MADANI,smks insan madani,smk,,Kab. Bogor,20280616,school_pdf,,approved,Swasta
SMKS ISLAM PERMATASARI 1,smks islam permatasari 1,smk,,Kab. Bogor,20200605,school_pdf,,approved,Swasta
SMKS IT AL ASIYAH,smks it al asiyah,smk,,Kab. Bogor,20269154,school_pdf,,approved,Swasta
SMKS BUDINIAH,smks budiniah,smk,,Kab. Bogor,20231394,school_pdf,,approved,Swasta
SMKS KESEHATAN AL IKHLAS,smks kesehatan al ikhlas,smk,,Kab. Bogor,20253162,school_pdf,,approved,Swasta
SMKS KUSUMA BANGSA,smks kusuma bangsa,smk,,Kab. Bogor,20268466,school_pdf,,approved,Swasta
SMKS KUSUMA BANGSA YASTIA,smks kusuma bangsa yastia,smk,,Kab. Bogor,20254275,school_pdf,,approved,Swasta
SMKS LABORATORIUM INDONESIA,smks laboratorium indonesia,smk,,Kab. Bogor,20253855,school_pdf,,approved,Swasta
SMKS MA`ARIF NU CIOMAS,smks ma`arif nu ciomas,smk,,Kab. Bogor,69768294,school_pdf,,approved,Swasta
SMKS MADANI 2,smks madani 2,smk,,Kab. Bogor,69754226,school_pdf,,approved,Swasta
SMKS MANDIRI,smks mandiri,smk,,Kab. Bogor,20232458,school_pdf,,approved,Swasta
SMKS MEDIA TEKNOLOGI,smks media teknologi,smk,,Kab. Bogor,20254047,school_pdf,,approved,Swasta
SMKS MEKANIK CIBINONG,smks mekanik cibinong,smk,,Kab. Bogor,20231411,school_pdf,,approved,Swasta
SMKS MOTIVASI INSANI,smks motivasi insani,smk,,Kab. Bogor,20231414,school_pdf,,approved,Swasta
SMKS MUHAMMADIYAH 1 CILEUNGSI,smks muhammadiyah 1 cileungsi,smk,,Kab. Bogor,20231415,school_pdf,,approved,Swasta
SMKS MUHAMMADIYAH 6 LEUWILIANG,smks muhammadiyah 6 leuwiliang,smk,,Kab. Bogor,20272053,school_pdf,,approved,Swasta
SMKS MUTIARA INSANI,smks mutiara insani,smk,,Kab. Bogor,20269719,school_pdf,,approved,Swasta
SMKS MUTIARA INSANI PARUNG,smks mutiara insani parung,smk,,Kab. Bogor,20275885,school_pdf,,approved,Swasta
SMKS MUTIARA LIDO,smks mutiara lido,smk,,Kab. Bogor,69755750,school_pdf,,approved,Swasta
SMKS NUANSA BOGOR,smks nuansa bogor,smk,,Kab. Bogor,20232470,school_pdf,,approved,Swasta
SMKS NURFADILLAH,smks nurfadillah,smk,,Kab. Bogor,69759160,school_pdf,,approved,Swasta
SMKS NURUL HIDAYAH 1 BOGOR,smks nurul hidayah 1 bogor,smk,,Kab. Bogor,20232471,school_pdf,,approved,Swasta
SMKS NUSA BANGSA,smks nusa bangsa,smk,,Kab. Bogor,20271195,school_pdf,,approved,Swasta
SMKS NUSANTARA,smks nusantara,smk,,Kab. Bogor,20268288,school_pdf,,approved,Swasta
SMKS PANDU BOGOR,smks pandu bogor,smk,,Kab. Bogor,20231426,school_pdf,,approved,Swasta
SMKS PARIWISATA CITAYAM,smks pariwisata citayam,smk,,Kab. Bogor,20268832,school_pdf,,approved,Swasta
SMKS PELITA CIAMPEA 1,smks pelita ciampea 1,smk,,Kab. Bogor,20200606,school_pdf,,approved,Swasta
SMKS PELITA CIAMPEA 2,smks pelita ciampea 2,smk,,Kab. Bogor,20200607,school_pdf,,approved,Swasta
SMKS PELITA HUSADA,smks pelita husada,smk,,Kab. Bogor,10648871,school_pdf,,approved,Swasta
SMKS PGRI 2 CIBINONG,smks pgri 2 cibinong,smk,,Kab. Bogor,20232480,school_pdf,,approved,Swasta
SMKS PGRI PAMIJAHAN,smks pgri pamijahan,smk,,Kab. Bogor,20252939,school_pdf,,approved,Swasta
SMAS AL HIKMAH CIBATU,smas al hikmah cibatu,sma,,Kab. Garut,20227433,school_pdf,,approved,Swasta
SMKS PGRI SUKAMAKMUR,smks pgri sukamakmur,smk,,Kab. Bogor,20272048,school_pdf,,approved,Swasta
SMKS PIJAR ALAM 2,smks pijar alam 2,smk,,Kab. Bogor,69753949,school_pdf,,approved,Swasta
SMKS PUTRA NEGARA,smks putra negara,smk,,Kab. Bogor,20231436,school_pdf,,approved,Swasta
SMKS PUTRA PAKUAN,smks putra pakuan,smk,,Kab. Bogor,20254118,school_pdf,,approved,Swasta
SMKS PGRI BABAKANMADANG,smks pgri babakanmadang,smk,,Kab. Bogor,20232481,school_pdf,,approved,Swasta
SMKS SILIWANGI MANDIRI,smks siliwangi mandiri,smk,,Kab. Bogor,20280611,school_pdf,,approved,Swasta
SMAN 2 KLARI,sman 2 klari,sma,,Kab. Karawang,69915809,school_pdf,,approved,Negeri
SMKS SIRAJUL FALAH PARUNG,smks sirajul falah parung,smk,,Kab. Bogor,20258518,school_pdf,,approved,Swasta
SMKS SYADAM BOJONGGEDE,smks syadam bojonggede,smk,,Kab. Bogor,20271038,school_pdf,,approved,Swasta
SMKS TARUNA TERPADU 2,smks taruna terpadu 2,smk,,Kab. Bogor,20231440,school_pdf,,approved,Swasta
SMKS TEKNOLOGI INDONESIA,smks teknologi indonesia,smk,,Kab. Bogor,20279816,school_pdf,,approved,Swasta
SMKS TERPADU ANTAM BINA INSANI,smks terpadu antam bina insani,smk,,Kab. Bogor,20268252,school_pdf,,approved,Swasta
SMKS TI BUMI PUTRA CIBINONG,smks ti bumi putra cibinong,smk,,Kab. Bogor,69753668,school_pdf,,approved,Swasta
SMKS TRIDAYA CIBINONG,smks tridaya cibinong,smk,,Kab. Bogor,20232489,school_pdf,,approved,Swasta
SMKS WIDYA DHARMA 1 CITEUREUP BOGOR,smks widya dharma 1 citeureup bogor,smk,,Kab. Bogor,20232493,school_pdf,,approved,Swasta
SMKS WIRA BUANA 2,smks wira buana 2,smk,,Kab. Bogor,20268220,school_pdf,,approved,Swasta
SMKS WIRABUANA 1,smks wirabuana 1,smk,,Kab. Bogor,20268219,school_pdf,,approved,Swasta
SMKS WIRADIKARYA,smks wiradikarya,smk,,Kab. Bogor,20253598,school_pdf,,approved,Swasta
SMKS WIYATA MANDALA,smks wiyata mandala,smk,,Kab. Bogor,20200608,school_pdf,,approved,Swasta
SMKS YAPIA PARUNG,smks yapia parung,smk,,Kab. Bogor,20232499,school_pdf,,approved,Swasta
SMKS YASI 1 CILEBUT BOGOR,smks yasi 1 cilebut bogor,smk,,Kab. Bogor,20200599,school_pdf,,approved,Swasta
SMKS YASINA CIGOMBONG,smks yasina cigombong,smk,,Kab. Bogor,20231455,school_pdf,,approved,Swasta
SMKS YMA MEGAMENDUNG,smks yma megamendung,smk,,Kab. Bogor,20231459,school_pdf,,approved,Swasta
SMKS WIRANIAGA,smks wiraniaga,smk,,Kota Depok,20268580,school_pdf,,approved,Swasta
SMA NEGERI 10 DEPOK,sma negeri 10 depok,sma,,Kota Depok,69851425,school_pdf,,approved,Negeri
SMAN 10 BOGOR,sman 10 bogor,sma,,Kota Bogor,20220341,school_pdf,,approved,Negeri
SMAN 11 Kota Depok,sman 11 kota depok,sma,,Kota Depok,69857937,school_pdf,,approved,Negeri
SMAN 12 KOTA DEPOK,sman 12 kota depok,sma,,Kota Depok,69857938,school_pdf,,approved,Negeri
SMAN 13 Kota Depok,sman 13 kota depok,sma,,Kota Depok,69857939,school_pdf,,approved,Negeri
SMAN 3 BOGOR,sman 3 bogor,sma,,Kota Bogor,20220332,school_pdf,,approved,Negeri
SMAN 4 BOGOR,sman 4 bogor,sma,,Kota Bogor,20220334,school_pdf,,approved,Negeri
SMAN 5 BOGOR,sman 5 bogor,sma,,Kota Bogor,20238517,school_pdf,,approved,Negeri
SMAS BUDI UTOMO SUKMAJAYA,smas budi utomo sukmajaya,sma,,Kota Depok,20229149,school_pdf,,approved,Swasta
SMAS YZA 1 BOGOR TIMUR,smas yza 1 bogor timur,sma,,Kota Bogor,20220350,school_pdf,,approved,Swasta
SMK ASSALAMAH,smk assalamah,smk,,Kota Depok,20229209,school_pdf,,approved,Swasta
"SMK BUDI UTOMO 1, KOTA DEPOK","smk budi utomo 1, kota depok",smk,,Kota Depok,20229200,school_pdf,,approved,Swasta
SMK INSAN TEKNOLOGI JATI,smk insan teknologi jati,smk,,Kota Depok,20232540,school_pdf,,approved,Swasta
SMK IT AN NABA,smk it an naba,smk,,Kota Bogor,69853507,school_pdf,,approved,Swasta
SMK NUSA BHAKTI,smk nusa bhakti,smk,,Kota Depok,70046126,school_pdf,,approved,Swasta
SMK PLUS DAWATUL QURAN BOGOR,smk plus dawatul quran bogor,smk,,Kota Bogor,69932818,school_pdf,,approved,Swasta
SMK TAMANSISWA BOGOR,smk tamansiswa bogor,smk,,Kota Bogor,69947461,school_pdf,,approved,Swasta
SMKN 1 BOGOR,smkn 1 bogor,smk,,Kota Bogor,20220273,school_pdf,,approved,Negeri
SMKN 1 DEPOK,smkn 1 depok,smk,,Kota Depok,20229219,school_pdf,,approved,Negeri
SMKN 2 BOGOR,smkn 2 bogor,smk,,Kota Bogor,20220274,school_pdf,,approved,Negeri
SMKN 3 BOGOR,smkn 3 bogor,smk,,Kota Bogor,20220275,school_pdf,,approved,Negeri
SMKN 4 BOGOR,smkn 4 bogor,smk,,Kota Bogor,20258095,school_pdf,,approved,Negeri
SMKS 1 DASA SEMESTA BOGOR,smks 1 dasa semesta bogor,smk,,Kota Bogor,20220280,school_pdf,,approved,Swasta
SMKS 2 GRAFIKA DASA SEMESTA BOGOR,smks 2 grafika dasa semesta bogor,smk,,Kota Bogor,20235830,school_pdf,,approved,Swasta
SMKS BHAKTI INSANI BOGOR,smks bhakti insani bogor,smk,,Kota Bogor,20220309,school_pdf,,approved,Swasta
SMKS BHAKTI TARUNA 1 BOGOR,smks bhakti taruna 1 bogor,smk,,Kota Bogor,20220281,school_pdf,,approved,Swasta
SMKS BINA INSAN MANDIRI,smks bina insan mandiri,smk,,Kota Bogor,69774752,school_pdf,,approved,Swasta
SMKS BINA MANDIRI BOGOR,smks bina mandiri bogor,smk,,Kota Bogor,20238528,school_pdf,,approved,Swasta
SMKS BINA PROFESI BOGOR,smks bina profesi bogor,smk,,Kota Bogor,20220284,school_pdf,,approved,Swasta
SMKS BINA SEJAHTERA 3,smks bina sejahtera 3,smk,,Kota Bogor,69765806,school_pdf,,approved,Swasta
SMKS BINA SEJAHTERA 4,smks bina sejahtera 4,smk,,Kota Bogor,69765807,school_pdf,,approved,Swasta
SMKS BINA TAQWA,smks bina taqwa,smk,,Kota Depok,20271609,school_pdf,,approved,Swasta
SMKS BUDI UTOMO 2 DEPOK,smks budi utomo 2 depok,smk,,Kota Depok,20229201,school_pdf,,approved,Swasta
SMKS CITRA NEGARA DEPOK,smks citra negara depok,smk,,Kota Depok,20232537,school_pdf,,approved,Swasta
SMKS FAJAR DEPOK,smks fajar depok,smk,,Kota Depok,20229204,school_pdf,,approved,Swasta
SMAS AL-BAIRUNI,smas al-bairuni,sma,,Kab. Sukabumi,20247146,school_pdf,,approved,Swasta
SMKS GANESA SATRIA 1 DEPOK,smks ganesa satria 1 depok,smk,,Kota Depok,20229206,school_pdf,,approved,Swasta
SMKS HARAPAN BANGSA,smks harapan bangsa,smk,,Kota Depok,20253762,school_pdf,,approved,Swasta
SMKS HARAPAN SISWA,smks harapan siswa,smk,,Kota Bogor,60726805,school_pdf,,approved,Swasta
SMKS INFORMATIKA GLOBAL NUSANTARA,smks informatika global nusantara,smk,,Kota Bogor,20256553,school_pdf,,approved,Swasta
SMKS INSAN AQILAH 3,smks insan aqilah 3,smk,,Kota Depok,69786395,school_pdf,,approved,Swasta
SMKS ISLAM ARIDHO,smks islam aridho,smk,,Kota Depok,20254087,school_pdf,,approved,Swasta
SMKS ISLAM PLUS YAPIA,smks islam plus yapia,smk,,Kota Depok,20276182,school_pdf,,approved,Swasta
SMKS KAMANDAKA,smks kamandaka,smk,,Kota Bogor,20238532,school_pdf,,approved,Swasta
SMKS KESUMA BANGSA 1 DEPOK,smks kesuma bangsa 1 depok,smk,,Kota Depok,20229212,school_pdf,,approved,Swasta
SMKS KESUMA BANGSA 2 DEPOK,smks kesuma bangsa 2 depok,smk,,Kota Depok,20229213,school_pdf,,approved,Swasta
SMKS MADYA DEPOK,smks madya depok,smk,,Kota Depok,20232543,school_pdf,,approved,Swasta
SMKS PEMBANGUNAN,smks pembangunan,smk,,Kota Bogor,20220277,school_pdf,,approved,Swasta
SMKS PGRI 2 BOGOR,smks pgri 2 bogor,smk,,Kota Bogor,20220290,school_pdf,,approved,Swasta
SMKS PUI KOTA BOGOR,smks pui kota bogor,smk,,Kota Bogor,20238537,school_pdf,,approved,Swasta
SMKS SALAFIYAH SYAFIIYYAH,smks salafiyah syafiiyyah,smk,,Kota Depok,69758971,school_pdf,,approved,Swasta
SMKS SETIA KARYA DEPOK,smks setia karya depok,smk,,Kota Depok,20229230,school_pdf,,approved,Swasta
SMKS TARUNA BHAKTI,smks taruna bhakti,smk,,Kota Depok,20229232,school_pdf,,approved,Swasta
SMKS TEKNINDO JAYA DEPOK,smks teknindo jaya depok,smk,,Kota Depok,20229233,school_pdf,,approved,Swasta
SMKS TI SURYAKENCANA YAPIS BOGOR,smks ti suryakencana yapis bogor,smk,,Kota Bogor,20220304,school_pdf,,approved,Swasta
SMKS TRI DHARMA 1 BOGOR,smks tri dharma 1 bogor,smk,,Kota Bogor,20220305,school_pdf,,approved,Swasta
SMKS TRI DHARMA 2 BOGOR,smks tri dharma 2 bogor,smk,,Kota Bogor,20220306,school_pdf,,approved,Swasta
SMKS TRITURA,smks tritura,smk,,Kota Depok,20257149,school_pdf,,approved,Swasta
SMKS WIKRAMA BOGOR,smks wikrama bogor,smk,,Kota Bogor,20220299,school_pdf,,approved,Swasta
SMKS YASBAM,smks yasbam,smk,,Kota Bogor,20271224,school_pdf,,approved,Swasta
SMKS YKTB 2 BOGOR,smks yktb 2 bogor,smk,,Kota Bogor,20220293,school_pdf,,approved,Swasta
SMAS SANDIKTA,smas sandikta,sma,,Kota Bekasi,20223047,school_pdf,,approved,Swasta
SMAN 1 BOJONGMANGU,sman 1 bojongmangu,sma,,Kab. Bekasi,20237984,school_pdf,,approved,Negeri
SMAN 1 CABANGBUNGIN,sman 1 cabangbungin,sma,,Kab. Bekasi,20218358,school_pdf,,approved,Negeri
SMAN 1 CIKARANG BARAT,sman 1 cikarang barat,sma,,Kab. Bekasi,20237986,school_pdf,,approved,Negeri
SMAN 1 CIKARANG TIMUR,sman 1 cikarang timur,sma,,Kab. Bekasi,20237988,school_pdf,,approved,Negeri
SMAN 1 CIKARANG UTARA,sman 1 cikarang utara,sma,,Kab. Bekasi,20218356,school_pdf,,approved,Negeri
SMAN 1 KARANG BAHAGIA,sman 1 karang bahagia,sma,,Kab. Bekasi,20237989,school_pdf,,approved,Negeri
SMAN 1 KEDUNGWARINGIN,sman 1 kedungwaringin,sma,,Kab. Bekasi,20237990,school_pdf,,approved,Negeri
SMAN 1 MUARAGEMBONG,sman 1 muaragembong,sma,,Kab. Bekasi,20237991,school_pdf,,approved,Negeri
SMAN 1 PEBAYURAN,sman 1 pebayuran,sma,,Kab. Bekasi,20218354,school_pdf,,approved,Negeri
SMAN 1 SUKAKARYA,sman 1 sukakarya,sma,,Kab. Bekasi,20244763,school_pdf,,approved,Negeri
SMAN 1 SUKATANI,sman 1 sukatani,sma,,Kab. Bekasi,20218353,school_pdf,,approved,Negeri
SMAN 1 SUKAWANGI,sman 1 sukawangi,sma,,Kab. Bekasi,20238569,school_pdf,,approved,Negeri
SMAN 1 TAMBELANG,sman 1 tambelang,sma,,Kab. Bekasi,20237993,school_pdf,,approved,Negeri
SMAN 1 TARUMAJAYA,sman 1 tarumajaya,sma,,Kab. Bekasi,20218365,school_pdf,,approved,Negeri
SMAN 10 BEKASI,sman 10 bekasi,sma,,Kota Bekasi,20223019,school_pdf,,approved,Negeri
SMAN 12 BEKASI,sman 12 bekasi,sma,,Kota Bekasi,20231718,school_pdf,,approved,Negeri
SMAN 15 BEKASI,sman 15 bekasi,sma,,Kota Bekasi,20252519,school_pdf,,approved,Negeri
SMAN 2 BEKASI,sman 2 bekasi,sma,,Kota Bekasi,20223033,school_pdf,,approved,Negeri
SMAN 2 CIKARANG PUSAT,sman 2 cikarang pusat,sma,,Kab. Bekasi,20245433,school_pdf,,approved,Negeri
SMAN 2 SUKATANI,sman 2 sukatani,sma,,Kab. Bekasi,20237994,school_pdf,,approved,Negeri
SMAN 3 CIKARANG UTARA,sman 3 cikarang utara,sma,,Kab. Bekasi,20245434,school_pdf,,approved,Negeri
SMAN 9 BEKASI,sman 9 bekasi,sma,,Kota Bekasi,20223040,school_pdf,,approved,Negeri
SMAS AL - MUTTAQIN,smas al - muttaqin,sma,,Kab. Bekasi,20238004,school_pdf,,approved,Swasta
SMAS IMAN MUARAGEMBONG,smas iman muaragembong,sma,,Kab. Bekasi,20251860,school_pdf,,approved,Swasta
SMAS ISLAM AL-KAMAL,smas islam al-kamal,sma,,Kab. Bekasi,20246452,school_pdf,,approved,Swasta
SMAS ISLAM DARUL ABROR,smas islam darul abror,sma,,Kota Bekasi,20231711,school_pdf,,approved,Swasta
SMAS ISLAM FATAHILLAH CABANGBUNGIN,smas islam fatahillah cabangbungin,sma,,Kab. Bekasi,20275311,school_pdf,,approved,Swasta
SMAS MUDI AL AZIZIYYAH,smas mudi al aziziyyah,sma,,Kota Bekasi,20223072,school_pdf,,approved,Swasta
SMAS PANGERAN JAYAKARTA,smas pangeran jayakarta,sma,,Kota Bekasi,20223069,school_pdf,,approved,Swasta
SMAS SABILUL MUHTADIN,smas sabilul muhtadin,sma,,Kab. Bekasi,20251918,school_pdf,,approved,Swasta
SMAS TERPADU PELITA BANGSA,smas terpadu pelita bangsa,sma,,Kab. Bekasi,69889026,school_pdf,,approved,Swasta
SMAS YADIKA 9,smas yadika 9,sma,,Kota Bekasi,20252421,school_pdf,,approved,Swasta
SMK 10 NOVEMBER CIBITUNG,smk 10 november cibitung,smk,,Kab. Bekasi,69971541,school_pdf,,approved,Swasta
SMK BAKTI MANDIRI KOTA BEKASI,smk bakti mandiri kota bekasi,smk,,Kota Bekasi,69948160,school_pdf,,approved,Swasta
SMK GEMA KARYA BAHANA,smk gema karya bahana,smk,,Kota Bekasi,70006454,school_pdf,,approved,Swasta
SMK GEMA NUSANTARA,smk gema nusantara,smk,,Kab. Bekasi,69938604,school_pdf,,approved,Swasta
SMK HS AGUNG,smk hs agung,smk,,Kab. Bekasi,69787351,school_pdf,,approved,Swasta
SMK KESEHATAN PRIMA INDONESIA,smk kesehatan prima indonesia,smk,,Kab. Bekasi,69856223,school_pdf,,approved,Swasta
SMK MANBA`UL ULUM,smk manba`ul ulum,smk,,Kab. Bekasi,70001343,school_pdf,,approved,Swasta
SMK NEGERI 13 KOTA BEKASI,smk negeri 13 kota bekasi,smk,,Kota Bekasi,69947763,school_pdf,,approved,Negeri
SMK NEGERI 15 KOTA BEKASI,smk negeri 15 kota bekasi,smk,,Kota Bekasi,69948380,school_pdf,,approved,Negeri
SMK NEGERI 2 SETU,smk negeri 2 setu,smk,,Kab. Bekasi,69975633,school_pdf,,approved,Negeri
SMK TEKNOLOGI ATTAQWA 04 SRIAMUR,smk teknologi attaqwa 04 sriamur,smk,,Kab. Bekasi,20271498,school_pdf,,approved,Swasta
SMK TONs,smk tons,smk,,Kab. Bekasi,69965370,school_pdf,,approved,Swasta
SMK TUNAS BANGSA,smk tunas bangsa,smk,,Kab. Bekasi,70039947,school_pdf,,approved,Swasta
SMKN 1 BABELAN,smkn 1 babelan,smk,,Kab. Bekasi,20238031,school_pdf,,approved,Negeri
SMKN 1 CIBARUSAH,smkn 1 cibarusah,smk,,Kab. Bekasi,20244734,school_pdf,,approved,Negeri
SMKN 1 CIKARANG BARAT,smkn 1 cikarang barat,smk,,Kab. Bekasi,20218369,school_pdf,,approved,Negeri
SMKN 1 CIKARANG PUSAT,smkn 1 cikarang pusat,smk,,Kab. Bekasi,20244820,school_pdf,,approved,Negeri
SMKN 1 CIKARANG SELATAN,smkn 1 cikarang selatan,smk,,Kab. Bekasi,20238032,school_pdf,,approved,Negeri
SMKN 1 CIKARANG UTARA,smkn 1 cikarang utara,smk,,Kab. Bekasi,20247250,school_pdf,,approved,Negeri
SMKN 1 KOTA BEKASI,smkn 1 kota bekasi,smk,,Kota Bekasi,20223136,school_pdf,,approved,Negeri
SMKN 1 PEBAYURAN,smkn 1 pebayuran,smk,,Kab. Bekasi,20254052,school_pdf,,approved,Negeri
SMKN 1 TAMBELANG,smkn 1 tambelang,smk,,Kab. Bekasi,20218376,school_pdf,,approved,Negeri
SMKN 1 TAMBUN SELATAN,smkn 1 tambun selatan,smk,,Kab. Bekasi,69759066,school_pdf,,approved,Negeri
SMKN 1 TAMBUN UTARA,smkn 1 tambun utara,smk,,Kab. Bekasi,20245436,school_pdf,,approved,Negeri
SMKN 1 TARUMAJAYA,smkn 1 tarumajaya,smk,,Kab. Bekasi,20244766,school_pdf,,approved,Negeri
SMKN 10 KOTA BEKASI,smkn 10 kota bekasi,smk,,Kota Bekasi,20271593,school_pdf,,approved,Negeri
SMKN 11 BEKASI,smkn 11 bekasi,smk,,Kota Bekasi,69755585,school_pdf,,approved,Negeri
SMKN 2 CIKARANG BARAT,smkn 2 cikarang barat,smk,,Kab. Bekasi,20218377,school_pdf,,approved,Negeri
SMKS GELORA BEKASI,smks gelora bekasi,smk,,Kota Bekasi,20223119,school_pdf,,approved,Swasta
SMKN 2 KOTA BEKASI,smkn 2 kota bekasi,smk,,Kota Bekasi,20231741,school_pdf,,approved,Negeri
SMKN 3 KOTA BEKASI,smkn 3 kota bekasi,smk,,Kota Bekasi,20253307,school_pdf,,approved,Negeri
SMKN 4 KOTA BEKASI,smkn 4 kota bekasi,smk,,Kota Bekasi,20269981,school_pdf,,approved,Negeri
SMKN 8 KOTA BEKASI,smkn 8 kota bekasi,smk,,Kota Bekasi,20271658,school_pdf,,approved,Negeri
SMKS 10 NOVEMBER TAMBUN SELATAN,smks 10 november tambun selatan,smk,,Kab. Bekasi,20254013,school_pdf,,approved,Swasta
SMKS 11 MARET CIKARANG BARAT,smks 11 maret cikarang barat,smk,,Kab. Bekasi,20229773,school_pdf,,approved,Swasta
SMKS ADHI KARYA,smks adhi karya,smk,,Kab. Bekasi,20270932,school_pdf,,approved,Swasta
SMKS AL BAHRI,smks al bahri,smk,,Kota Bekasi,20252558,school_pdf,,approved,Swasta
SMKS ASY SYIFA,smks asy syifa,smk,,Kab. Bekasi,20256288,school_pdf,,approved,Swasta
SMKS ATTAQWA CABANGBUNGIN,smks attaqwa cabangbungin,smk,,Kab. Bekasi,20252195,school_pdf,,approved,Swasta
SMKS BINA HUSADA MANDIRI,smks bina husada mandiri,smk,,Kota Bekasi,20269693,school_pdf,,approved,Swasta
SMKS BINA INSAN KAMIL,smks bina insan kamil,smk,,Kota Bekasi,20223018,school_pdf,,approved,Swasta
SMKS BINA JAYA PRESTASI,smks bina jaya prestasi,smk,,Kab. Bekasi,69728580,school_pdf,,approved,Swasta
SMKS SURYA PERTIWI,smks surya pertiwi,smk,,Kab. Bandung Barat,20279921,school_pdf,,approved,Swasta
SMKS BINA KARYA MANDIRI 2,smks bina karya mandiri 2,smk,,Kota Bekasi,20257422,school_pdf,,approved,Swasta
SMKS BINA KARYA MANDIRI BEKASI,smks bina karya mandiri bekasi,smk,,Kota Bekasi,20231732,school_pdf,,approved,Swasta
SMKS BINA MANDIRI,smks bina mandiri,smk,,Kota Bekasi,20223125,school_pdf,,approved,Swasta
SMKS BINA PATRIOT,smks bina patriot,smk,,Kab. Bekasi,20252197,school_pdf,,approved,Swasta
SMKS BINA SISWA UTAMA 1 BEKASI,smks bina siswa utama 1 bekasi,smk,,Kota Bekasi,20223124,school_pdf,,approved,Swasta
SMKS BISNIS DAN TEKNOLOGI BEKASI,smks bisnis dan teknologi bekasi,smk,,Kota Bekasi,20223122,school_pdf,,approved,Swasta
SMKS BM ABDI NEGARA 2 CIBARUSAH BM,smks bm abdi negara 2 cibarusah bm,smk,,Kab. Bekasi,20253229,school_pdf,,approved,Swasta
SMKS BUDI PERKASA BEKASI,smks budi perkasa bekasi,smk,,Kab. Bekasi,20244765,school_pdf,,approved,Swasta
SMKS CATUR GLOBAL BEKASI,smks catur global bekasi,smk,,Kota Bekasi,20268896,school_pdf,,approved,Swasta
SMKS DARUL AMAL,smks darul amal,smk,,Kab. Bekasi,20247328,school_pdf,,approved,Swasta
SMKS DARUTTAQWA,smks daruttaqwa,smk,,Kab. Bekasi,69904939,school_pdf,,approved,Swasta
SMKS DASTAMACO KOTA BEKASI,smks dastamaco kota bekasi,smk,,Kota Bekasi,20269587,school_pdf,,approved,Swasta
SMKS DEWANTARA,smks dewantara,smk,,Kab. Bekasi,20238042,school_pdf,,approved,Swasta
SMKS EKUINTEK,smks ekuintek,smk,,Kab. Bekasi,69786599,school_pdf,,approved,Swasta
SMKS EL-AMIN,smks el-amin,smk,,Kab. Bekasi,69775472,school_pdf,,approved,Swasta
SMKS GARUDA NUSANTARA,smks garuda nusantara,smk,,Kab. Bekasi,20276431,school_pdf,,approved,Swasta
SMKS GEMA KASA,smks gema kasa,smk,,Kab. Bekasi,20238043,school_pdf,,approved,Swasta
SMKS GLOBAL TEKNOLOGI,smks global teknologi,smk,,Kab. Bekasi,20267917,school_pdf,,approved,Swasta
SMKS HASANAH FATHIMIYAH,smks hasanah fathimiyah,smk,,Kab. Bekasi,20271602,school_pdf,,approved,Swasta
SMKS HIJAU MUDA,smks hijau muda,smk,,Kab. Bekasi,20245437,school_pdf,,approved,Swasta
SMKS INDUSTRI NASIONAL 1,smks industri nasional 1,smk,,Kab. Bekasi,69765809,school_pdf,,approved,Swasta
SMKS INFORMATIKA AMANAH BANGSA,smks informatika amanah bangsa,smk,,Kab. Bekasi,20253270,school_pdf,,approved,Swasta
SMKS IPTEK BEKASI,smks iptek bekasi,smk,,Kab. Bekasi,20255702,school_pdf,,approved,Swasta
SMKS ISLAM AL AMIN,smks islam al amin,smk,,Kab. Bekasi,20244767,school_pdf,,approved,Swasta
SMKS ISLAM AL MUHAJIRIN BOARDING SCHOOL,smks islam al muhajirin boarding school,smk,,Kab. Bekasi,20254247,school_pdf,,approved,Swasta
SMKS KARYA BAHANA MANDIRI,smks karya bahana mandiri,smk,,Kota Bekasi,20268893,school_pdf,,approved,Swasta
SMKS KARYA BHAKTI 1 BEKASI,smks karya bhakti 1 bekasi,smk,,Kota Bekasi,20223116,school_pdf,,approved,Swasta
SMKS KARYA BHAKTI 2,smks karya bhakti 2,smk,,Kab. Bekasi,20229779,school_pdf,,approved,Swasta
SMKS KARYA GUNA 1 BEKASI,smks karya guna 1 bekasi,smk,,Kota Bekasi,20223115,school_pdf,,approved,Swasta
SMKS KARYA GUNA 2 BEKASI,smks karya guna 2 bekasi,smk,,Kota Bekasi,20223114,school_pdf,,approved,Swasta
SMKS KARYA GUNA BHAKTI 1,smks karya guna bhakti 1,smk,,Kota Bekasi,20223113,school_pdf,,approved,Swasta
SMKS KARYA GUNA BHAKTI 2,smks karya guna bhakti 2,smk,,Kota Bekasi,20223112,school_pdf,,approved,Swasta
SMK INTERMEDIKA,smk intermedika,smk,,Kab. Purwakarta,69899282,school_pdf,,approved,Swasta
SMKS KARYA GUNA JAYA,smks karya guna jaya,smk,,Kab. Bekasi,20268366,school_pdf,,approved,Swasta
SMKS KARYA MANDIRI,smks karya mandiri,smk,,Kota Bekasi,20280602,school_pdf,,approved,Swasta
SMKS MANDIRI,smks mandiri,smk,,Kab. Bekasi,69786190,school_pdf,,approved,Swasta
SMKS MEKARSARI,smks mekarsari,smk,,Kab. Bekasi,69788689,school_pdf,,approved,Swasta
SMKS MERAH PUTIH,smks merah putih,smk,,Kota Bekasi,20276166,school_pdf,,approved,Swasta
SMKS MITRA KARYA,smks mitra karya,smk,,Kab. Bekasi,20238046,school_pdf,,approved,Swasta
SMKS MITRA UNGGUL,smks mitra unggul,smk,,Kab. Bekasi,20238047,school_pdf,,approved,Swasta
SMKS MULIA JAYA ASSADIYYAH,smks mulia jaya assadiyyah,smk,,Kota Bekasi,20254282,school_pdf,,approved,Swasta
SMKS NURJAMILAH,smks nurjamilah,smk,,Kota Bekasi,20223135,school_pdf,,approved,Swasta
SMKS PATRIOT 1 BEKASI,smks patriot 1 bekasi,smk,,Kota Bekasi,20223134,school_pdf,,approved,Swasta
SMKS PATRIOT 2 BEKASI,smks patriot 2 bekasi,smk,,Kota Bekasi,20231742,school_pdf,,approved,Swasta
SMKS PERMATA BANGSA,smks permata bangsa,smk,,Kota Bekasi,20253970,school_pdf,,approved,Swasta
SMKS SANDIKTA BEKASI,smks sandikta bekasi,smk,,Kota Bekasi,20223133,school_pdf,,approved,Swasta
SMKS SUMBER DAYA BEKASI,smks sumber daya bekasi,smk,,Kota Bekasi,20223131,school_pdf,,approved,Swasta
SMKS TARUNA BHAKTI,smks taruna bhakti,smk,,Kab. Bekasi,20247201,school_pdf,,approved,Swasta
SMKS TEKNIKOM CIKARANG,smks teknikom cikarang,smk,,Kab. Bekasi,69881052,school_pdf,,approved,Swasta
SMKS TEKNOLOGI NASIONAL,smks teknologi nasional,smk,,Kota Bekasi,20246731,school_pdf,,approved,Swasta
SMKS TERATAI PUTIH GLOBAL 1 BEKASI,smks teratai putih global 1 bekasi,smk,,Kota Bekasi,20223110,school_pdf,,approved,Swasta
SMKS TIARA BANGSA,smks tiara bangsa,smk,,Kab. Bekasi,20238053,school_pdf,,approved,Swasta
SMKS TRIDAYA,smks tridaya,smk,,Kab. Bekasi,20270561,school_pdf,,approved,Swasta
SMKS TRISAKA,smks trisaka,smk,,Kota Bekasi,20252550,school_pdf,,approved,Swasta
SMKS VINAMA 2 BEKASI,smks vinama 2 bekasi,smk,,Kota Bekasi,20253971,school_pdf,,approved,Swasta
SMKS WIDYA NUSANTARA BEKASI,smks widya nusantara bekasi,smk,,Kota Bekasi,20253379,school_pdf,,approved,Swasta
SMKS YADIKA 11 JATIRANGGA,smks yadika 11 jatirangga,smk,,Kota Bekasi,20253916,school_pdf,,approved,Swasta
SMKS YADIKA 6 BEKASI,smks yadika 6 bekasi,smk,,Kota Bekasi,20247209,school_pdf,,approved,Swasta
SMKS YAPIN BEKASI,smks yapin bekasi,smk,,Kab. Bekasi,20252323,school_pdf,,approved,Swasta
SMKS YAPINUH,smks yapinuh,smk,,Kab. Bekasi,69759172,school_pdf,,approved,Swasta
SMKS YPP BEKASI,smks ypp bekasi,smk,,Kota Bekasi,20223084,school_pdf,,approved,Swasta
SMA IT BUDJEMAK,sma it budjemak,sma,,Kab. Subang,69942549,school_pdf,,approved,Swasta
SMA MH YASIN SUBANG,sma mh yasin subang,sma,,Kab. Subang,69892598,school_pdf,,approved,Swasta
SMA NEGERI 1 PURWADADI,sma negeri 1 purwadadi,sma,,Kab. Subang,20216939,school_pdf,,approved,Negeri
SMA NEGERI 2 PAGADEN,sma negeri 2 pagaden,sma,,Kab. Subang,69972642,school_pdf,,approved,Negeri
SMA NEGERI 4 SUBANG,sma negeri 4 subang,sma,,Kab. Subang,69974158,school_pdf,,approved,Negeri
SMKS PGRI TELAGASARI,smks pgri telagasari,smk,,Kab. Karawang,20217795,school_pdf,,approved,Swasta
SMAN 1 BANYUSARI,sman 1 banyusari,sma,,Kab. Karawang,69964626,school_pdf,,approved,Negeri
SMAN 1 CIAMPEL,sman 1 ciampel,sma,,Kab. Karawang,20237453,school_pdf,,approved,Negeri
SMAN 1 CIBATU,sman 1 cibatu,sma,,Kab. Purwakarta,20217479,school_pdf,,approved,Negeri
SMAN 1 CILAMAYA,sman 1 cilamaya,sma,,Kab. Karawang,20217784,school_pdf,,approved,Negeri
SMAN 1 COMPRENG,sman 1 compreng,sma,,Kab. Subang,20233653,school_pdf,,approved,Negeri
SMAN 1 DARANGDAN,sman 1 darangdan,sma,,Kab. Purwakarta,20217408,school_pdf,,approved,Negeri
SMAN 1 JATILUHUR,sman 1 jatiluhur,sma,,Kab. Purwakarta,20217338,school_pdf,,approved,Negeri
SMAN 1 LEMAHABANG,sman 1 lemahabang,sma,,Kab. Karawang,20237376,school_pdf,,approved,Negeri
SMAN 1 PANGKALAN,sman 1 pangkalan,sma,,Kab. Karawang,20237377,school_pdf,,approved,Negeri
SMAN 1 PASAWAHAN,sman 1 pasawahan,sma,,Kab. Purwakarta,20229746,school_pdf,,approved,Negeri
SMAN 1 PEDES,sman 1 pedes,sma,,Kab. Karawang,20217788,school_pdf,,approved,Negeri
SMAN 1 RAWAMERTA,sman 1 rawamerta,sma,,Kab. Karawang,69734347,school_pdf,,approved,Negeri
SMAN 1 RENGASDENGKLOK,sman 1 rengasdengklok,sma,,Kab. Karawang,20237379,school_pdf,,approved,Negeri
SMAN 1 SUBANG,sman 1 subang,sma,,Kab. Subang,20216938,school_pdf,,approved,Negeri
SMAN 1 SUKATANI,sman 1 sukatani,sma,,Kab. Purwakarta,20217358,school_pdf,,approved,Negeri
SMAN 1 TANJUNGSIANG,sman 1 tanjungsiang,sma,,Kab. Subang,20233656,school_pdf,,approved,Negeri
SMAN 1 TEGALWARU,sman 1 tegalwaru,sma,,Kab. Purwakarta,20217359,school_pdf,,approved,Negeri
SMAN 1 TEGALWARU,sman 1 tegalwaru,sma,,Kab. Karawang,69915817,school_pdf,,approved,Negeri
SMAN 1 TELUKJAMBE,sman 1 telukjambe,sma,,Kab. Karawang,20217780,school_pdf,,approved,Negeri
SMAN 2 PURWAKARTA,sman 2 purwakarta,sma,,Kab. Purwakarta,20217361,school_pdf,,approved,Negeri
SMAN 2 SUBANG,sman 2 subang,sma,,Kab. Subang,20216937,school_pdf,,approved,Negeri
SMAN 3 CIKAMPEK,sman 3 cikampek,sma,,Kab. Karawang,69915812,school_pdf,,approved,Negeri
SMAN 3 PURWAKARTA,sman 3 purwakarta,sma,,Kab. Purwakarta,20217363,school_pdf,,approved,Negeri
SMAN 3 SUBANG,sman 3 subang,sma,,Kab. Subang,20216952,school_pdf,,approved,Negeri
SMAN 6 KARAWANG,sman 6 karawang,sma,,Kab. Karawang,69904548,school_pdf,,approved,Negeri
SMAS BHINNEKA KARAWANG,smas bhinneka karawang,sma,,Kab. Karawang,20237362,school_pdf,,approved,Swasta
SMAS BUDI MULIA,smas budi mulia,sma,,Kab. Karawang,20237363,school_pdf,,approved,Swasta
SMAS KORPRI KARAWANG,smas korpri karawang,sma,,Kab. Karawang,20237366,school_pdf,,approved,Swasta
SMAS MUHAMMADIYAH SUBANG,smas muhammadiyah subang,sma,,Kab. Subang,20233651,school_pdf,,approved,Swasta
SMAS PASUNDAN PLERED,smas pasundan plered,sma,,Kab. Purwakarta,20229749,school_pdf,,approved,Swasta
SMAS PASUNDAN PURWAKARTA,smas pasundan purwakarta,sma,,Kab. Purwakarta,20217459,school_pdf,,approved,Swasta
SMK ABDI BANGSA,smk abdi bangsa,smk,,Kab. Subang,69981453,school_pdf,,approved,Swasta
SMK DARUL HIKAM BINONG,smk darul hikam binong,smk,,Kab. Subang,20271052,school_pdf,,approved,Swasta
SMK INSAN TAZAKKA,smk insan tazakka,smk,,Kab. Karawang,69946696,school_pdf,,approved,Swasta
SMK KIM BINA CENDEKIA,smk kim bina cendekia,smk,,Kab. Purwakarta,69897020,school_pdf,,approved,Swasta
SMK MITRA BANGSA,smk mitra bangsa,smk,,Kab. Subang,70033357,school_pdf,,approved,Swasta
SMK NAHDLATUL ULAMA ATTARBIYYAH,smk nahdlatul ulama attarbiyyah,smk,,Kab. Karawang,69972349,school_pdf,,approved,Swasta
SMK PGRI SUBANG,smk pgri subang,smk,,Kab. Subang,20217026,school_pdf,,approved,Swasta
SMK PLUS AL AZHAR,smk plus al azhar,smk,,Kab. Subang,69830426,school_pdf,,approved,Swasta
SMK TERPADU KARYA CENDIKIA BHAKTI,smk terpadu karya cendikia bhakti,smk,,Kab. Subang,69875561,school_pdf,,approved,Swasta
SMK YASPIF,smk yaspif,smk,,Kab. Karawang,69873937,school_pdf,,approved,Swasta
SMKN 1 BANYUSARI,smkn 1 banyusari,smk,,Kab. Karawang,60728563,school_pdf,,approved,Negeri
SMKN 1 BOJONG,smkn 1 bojong,smk,,Kab. Purwakarta,20253277,school_pdf,,approved,Negeri
SMKN 1 CIKAMPEK,smkn 1 cikampek,smk,,Kab. Karawang,20217803,school_pdf,,approved,Negeri
SMKN 1 CIPUNAGARA,smkn 1 cipunagara,smk,,Kab. Subang,20233677,school_pdf,,approved,Negeri
SMKN 1 KARAWANG,smkn 1 karawang,smk,,Kab. Karawang,20217802,school_pdf,,approved,Negeri
SMKN 1 KLARI,smkn 1 klari,smk,,Kab. Karawang,60728564,school_pdf,,approved,Negeri
SMKN 1 PURWAKARTA,smkn 1 purwakarta,smk,,Kab. Purwakarta,20217367,school_pdf,,approved,Negeri
SMKN 1 RAWAMERTA,smkn 1 rawamerta,smk,,Kab. Karawang,60728562,school_pdf,,approved,Negeri
SMKN 1 RENGASDENGKLOK,smkn 1 rengasdengklok,smk,,Kab. Karawang,20237465,school_pdf,,approved,Negeri
SMKN 1 SUBANG,smkn 1 subang,smk,,Kab. Subang,20233680,school_pdf,,approved,Negeri
SMKN 1 SUKATANI,smkn 1 sukatani,smk,,Kab. Purwakarta,69774530,school_pdf,,approved,Negeri
SMKN 1 TIRTAJAYA,smkn 1 tirtajaya,smk,,Kab. Karawang,69734356,school_pdf,,approved,Negeri
SMKN 1 TIRTAMULYA,smkn 1 tirtamulya,smk,,Kab. Karawang,20270735,school_pdf,,approved,Negeri
SMKN 2 KARAWANG,smkn 2 karawang,smk,,Kab. Karawang,20217801,school_pdf,,approved,Negeri
SMKN 2 SUBANG,smkn 2 subang,smk,,Kab. Subang,20217028,school_pdf,,approved,Negeri
SMKN 3 KARAWANG,smkn 3 karawang,smk,,Kab. Karawang,20237414,school_pdf,,approved,Negeri
SMKN 3 LINGGABUANA PURWAKARTA,smkn 3 linggabuana purwakarta,smk,,Kab. Purwakarta,69849572,school_pdf,,approved,Negeri
SMKN BATUJAYA,smkn batujaya,smk,,Kab. Karawang,69734353,school_pdf,,approved,Negeri
SMKN DARANGDAN,smkn darangdan,smk,,Kab. Purwakarta,69849091,school_pdf,,approved,Negeri
SMKN JAYAKERTA,smkn jayakerta,smk,,Kab. Karawang,69734352,school_pdf,,approved,Negeri
SMKN KIARAPEDES,smkn kiarapedes,smk,,Kab. Purwakarta,69849085,school_pdf,,approved,Negeri
SMKN PERTANIAN,smkn pertanian,smk,,Kab. Karawang,60728565,school_pdf,,approved,Negeri
SMKN PURWASARI,smkn purwasari,smk,,Kab. Karawang,69734354,school_pdf,,approved,Negeri
SMKN TEGALWARU,smkn tegalwaru,smk,,Kab. Purwakarta,69849087,school_pdf,,approved,Negeri
SMKS AL INTISAB,smks al intisab,smk,,Kab. Subang,69726019,school_pdf,,approved,Swasta
SMKS AL WUTSQO,smks al wutsqo,smk,,Kab. Subang,60728696,school_pdf,,approved,Swasta
SMKS ANGKASA 1 KALIJATI,smks angkasa 1 kalijati,smk,,Kab. Subang,20217037,school_pdf,,approved,Swasta
SMKS AULIA KALIJATI,smks aulia kalijati,smk,,Kab. Subang,20270741,school_pdf,,approved,Swasta
SMKS RIYADHUL JANNAH CIBOGO,smks riyadhul jannah cibogo,smk,,Kab. Subang,20233689,school_pdf,,approved,Swasta
SMKS BIMA NUSANTARA,smks bima nusantara,smk,,Kab. Purwakarta,20253346,school_pdf,,approved,Swasta
SMKS BINA KARYA 2 KARAWANG,smks bina karya 2 karawang,smk,,Kab. Karawang,20217808,school_pdf,,approved,Swasta
SMKS BINA KERJA PURWAKARTA,smks bina kerja purwakarta,smk,,Kab. Purwakarta,20217365,school_pdf,,approved,Swasta
SMKS BINA MANDIRI SUBANG,smks bina mandiri subang,smk,,Kab. Subang,20217034,school_pdf,,approved,Swasta
SMKS BINA PUTERA SUBANG,smks bina putera subang,smk,,Kab. Subang,20217033,school_pdf,,approved,Swasta
SMKS BINA TARUNA PURWAKARTA,smks bina taruna purwakarta,smk,,Kab. Purwakarta,20217366,school_pdf,,approved,Swasta
SMKS BITEC AL MASHURIAH,smks bitec al mashuriah,smk,,Kab. Karawang,20270746,school_pdf,,approved,Swasta
SMKS IBNU SINA KARAWANG,smks ibnu sina karawang,smk,,Kab. Karawang,20237401,school_pdf,,approved,Swasta
SMKS INDONESIA MAS,smks indonesia mas,smk,,Kab. Karawang,20276402,school_pdf,,approved,Swasta
SMK NEGERI 1 CIPANAS,smk negeri 1 cipanas,smk,,Kab. Cianjur,20252398,school_pdf,,approved,Negeri
SMKS INFORMATIKA PASUNDAN PURWAKARTA,smks informatika pasundan purwakarta,smk,,Kab. Purwakarta,20268713,school_pdf,,approved,Swasta
SMKS IPTEK CILAMAYA,smks iptek cilamaya,smk,,Kab. Karawang,20237402,school_pdf,,approved,Swasta
SMKS IPTEK SANGGA BUANA,smks iptek sangga buana,smk,,Kab. Karawang,20265214,school_pdf,,approved,Swasta
SMKS IT MINATUL HUDA,smks it minatul huda,smk,,Kab. Purwakarta,69759052,school_pdf,,approved,Swasta
SMKS JAYABEKA 01 KARAWANG,smks jayabeka 01 karawang,smk,,Kab. Karawang,20252214,school_pdf,,approved,Swasta
SMKS JAYABEKA 02 KARAWANG,smks jayabeka 02 karawang,smk,,Kab. Karawang,20244795,school_pdf,,approved,Swasta
SMKS KESEHATAN PURWAKARTA,smks kesehatan purwakarta,smk,,Kab. Purwakarta,69774531,school_pdf,,approved,Swasta
SMKS LENTERA BANGSA KARAWANG,smks lentera bangsa karawang,smk,,Kab. Karawang,20237425,school_pdf,,approved,Swasta
SMKS MATHLAUL ANWAR PAKISJAYA,smks mathlaul anwar pakisjaya,smk,,Kab. Karawang,20218066,school_pdf,,approved,Swasta
SMKS MERAH PUTIH CIASEM SUBANG,smks merah putih ciasem subang,smk,,Kab. Subang,60728697,school_pdf,,approved,Swasta
SMKS MIFTAHUL BARIYYAH,smks miftahul bariyyah,smk,,Kab. Subang,20257317,school_pdf,,approved,Swasta
SMKS MUHAMMADIYAH CAMPAKA,smks muhammadiyah campaka,smk,,Kab. Purwakarta,20217371,school_pdf,,approved,Swasta
SMAN 1 CIRACAP,sman 1 ciracap,sma,,Kab. Sukabumi,20202260,school_pdf,,approved,Negeri
SMKS NASIONAL SERANG PANJANG,smks nasional serang panjang,smk,,Kab. Subang,20267923,school_pdf,,approved,Swasta
SMAS PGRI 2,smas pgri 2,sma,,Kota Bandung,20219779,school_pdf,,approved,Swasta
SMKS NU GHOFARONA PUSAKANEGARA,smks nu ghofarona pusakanegara,smk,,Kab. Subang,20253302,school_pdf,,approved,Swasta
SMKS PARIWISATA SYAKTI SUBANG,smks pariwisata syakti subang,smk,,Kab. Subang,20233683,school_pdf,,approved,Swasta
SMKS PENDEKAR KARAWANG,smks pendekar karawang,smk,,Kab. Karawang,20217799,school_pdf,,approved,Swasta
SMKS PERSADA CISALAK,smks persada cisalak,smk,,Kab. Subang,20271852,school_pdf,,approved,Swasta
SMKS PGRI CIKAMPEK,smks pgri cikampek,smk,,Kab. Karawang,20217796,school_pdf,,approved,Swasta
SMKS RADITA YUDHA PAGADEN,smks radita yudha pagaden,smk,,Kab. Subang,20233688,school_pdf,,approved,Swasta
SMKS RANACO,smks ranaco,smk,,Kab. Subang,60726851,school_pdf,,approved,Swasta
SMKS TARUNA KARYA MANDIRI,smks taruna karya mandiri,smk,,Kab. Karawang,69934151,school_pdf,,approved,Swasta
SMKS TARUNA SAKTI PURWAKARTA,smks taruna sakti purwakarta,smk,,Kab. Purwakarta,20229654,school_pdf,,approved,Swasta
SMKS TEKNIK INDUSTRI,smks teknik industri,smk,,Kab. Purwakarta,20229759,school_pdf,,approved,Swasta
SMKS TEKNOLOGI INFORMASI MANUFAKTUR & BISNIS,smks teknologi informasi manufaktur & bisnis,smk,,Kab. Subang,69775466,school_pdf,,approved,Swasta
SMKS TEKNOLOGI SAIN DAN AGROBISNIS,smks teknologi sain dan agrobisnis,smk,,Kab. Purwakarta,20275988,school_pdf,,approved,Swasta
SMKS TERPADU BANGUN PERSADA,smks terpadu bangun persada,smk,,Kab. Subang,60728701,school_pdf,,approved,Swasta
SMKS TI MUHAMMADIYAH CIKAMPEK,smks ti muhammadiyah cikampek,smk,,Kab. Karawang,20237408,school_pdf,,approved,Swasta
SMKS UTAMA PURWAKARTA,smks utama purwakarta,smk,,Kab. Purwakarta,20217356,school_pdf,,approved,Swasta
SMKS YAPINAS,smks yapinas,smk,,Kab. Karawang,20271865,school_pdf,,approved,Swasta
SMKS YISCA CILAMAYA,smks yisca cilamaya,smk,,Kab. Karawang,20237469,school_pdf,,approved,Swasta
SMKS YPB PURWAKARTA,smks ypb purwakarta,smk,,Kab. Purwakarta,20229760,school_pdf,,approved,Swasta
SMA ISLAM RAHMATULLAH,sma islam rahmatullah,sma,,Kab. Sukabumi,70044491,school_pdf,,approved,Swasta
SMA ISLAM TERPADU AL FATH,sma islam terpadu al fath,sma,,Kota Sukabumi,69972549,school_pdf,,approved,Swasta
SMA NURUL HUDA BOJONGGALING,sma nurul huda bojonggaling,sma,,Kab. Sukabumi,69954585,school_pdf,,approved,Swasta
SMA PGRI BANTARGADUNG,sma pgri bantargadung,sma,,Kab. Sukabumi,69893232,school_pdf,,approved,Swasta
SMA PGRI CIKIDANG,sma pgri cikidang,sma,,Kab. Sukabumi,60724689,school_pdf,,approved,Swasta
SMA PLUS AL MANSHURIYAH,sma plus al manshuriyah,sma,,Kab. Sukabumi,20247166,school_pdf,,approved,Swasta
SMA PLUS AL-MAFTUH,sma plus al-maftuh,sma,,Kab. Sukabumi,70041952,school_pdf,,approved,Swasta
SMAN 1 CIKAKAK,sman 1 cikakak,sma,,Kab. Sukabumi,20267968,school_pdf,,approved,Negeri
SMAN 1 CIKIDANG,sman 1 cikidang,sma,,Kab. Sukabumi,20252008,school_pdf,,approved,Negeri
SMAN 1 CIREUNGHAS,sman 1 cireunghas,sma,,Kab. Sukabumi,69944078,school_pdf,,approved,Negeri
SMAN 1 CISAAT,sman 1 cisaat,sma,,Kab. Sukabumi,20202261,school_pdf,,approved,Negeri
SMAN 1 CISOLOK,sman 1 cisolok,sma,,Kab. Sukabumi,20202262,school_pdf,,approved,Negeri
SMAN 1 JAMPANGTENGAH,sman 1 jampangtengah,sma,,Kab. Sukabumi,20202264,school_pdf,,approved,Negeri
SMAN 1 KALIBUNDER,sman 1 kalibunder,sma,,Kab. Sukabumi,20253845,school_pdf,,approved,Negeri
SMAN 1 LENGKONG,sman 1 lengkong,sma,,Kab. Sukabumi,20202265,school_pdf,,approved,Negeri
SMAN 1 NAGRAK,sman 1 nagrak,sma,,Kab. Sukabumi,20202266,school_pdf,,approved,Negeri
SMAN 1 PARAKANSALAK,sman 1 parakansalak,sma,,Kab. Sukabumi,20251778,school_pdf,,approved,Negeri
SMAN 1 PARUNG KUDA,sman 1 parung kuda,sma,,Kab. Sukabumi,20202254,school_pdf,,approved,Negeri
SMAN 1 PELABUHAN RATU,sman 1 pelabuhan ratu,sma,,Kab. Sukabumi,20202267,school_pdf,,approved,Negeri
SMAN 1 SAGARANTEN,sman 1 sagaranten,sma,,Kab. Sukabumi,20202259,school_pdf,,approved,Negeri
SMAN 1 SURADE,sman 1 surade,sma,,Kab. Sukabumi,20253979,school_pdf,,approved,Negeri
SMAN 1 WARUNG KIARA,sman 1 warung kiara,sma,,Kab. Sukabumi,20202251,school_pdf,,approved,Negeri
SMANURUL HUDA,smanurul huda,sma,,Kab. Sukabumi,20253661,school_pdf,,approved,Swasta
SMAS AL ATIQIYAH,smas al atiqiyah,sma,,Kab. Sukabumi,20247145,school_pdf,,approved,Swasta
SMAS ISLAM AL BASHRY KALAPA NUNGGAL,smas islam al bashry kalapa nunggal,sma,,Kab. Sukabumi,20247153,school_pdf,,approved,Swasta
SMAS IT MAHMUDIYYAH,smas it mahmudiyyah,sma,,Kab. Sukabumi,20247158,school_pdf,,approved,Swasta
SMAS PELITA MADANIA,smas pelita madania,sma,,Kota Sukabumi,20221593,school_pdf,,approved,Swasta
SMAS PGRI CIBADAK,smas pgri cibadak,sma,,Kab. Sukabumi,20253982,school_pdf,,approved,Swasta
SMAS PGRI CICURUG,smas pgri cicurug,sma,,Kab. Sukabumi,20247163,school_pdf,,approved,Swasta
SMAS PGRI CISAAT,smas pgri cisaat,sma,,Kab. Sukabumi,20247162,school_pdf,,approved,Swasta
SMK AL-FADHIILAH,smk al-fadhiilah,smk,,Kab. Sukabumi,69864653,school_pdf,,approved,Swasta
SMK AL-MIZAB,smk al-mizab,smk,,Kab. Sukabumi,20268787,school_pdf,,approved,Swasta
SMK BAKTI INSANI,smk bakti insani,smk,,Kab. Sukabumi,69975637,school_pdf,,approved,Swasta
SMK BHAKTI KENCANA CICURUG,smk bhakti kencana cicurug,smk,,Kab. Sukabumi,69726566,school_pdf,,approved,Swasta
SMK BHAYANGKARA,smk bhayangkara,smk,,Kab. Sukabumi,69983846,school_pdf,,approved,Swasta
SMK BINA HUSADA MANDIRI,smk bina husada mandiri,smk,,Kab. Sukabumi,69945006,school_pdf,,approved,Swasta
SMK BINA MANDIRI 2,smk bina mandiri 2,smk,,Kab. Sukabumi,69888463,school_pdf,,approved,Swasta
SMK GANESA,smk ganesa,smk,,Kab. Sukabumi,20268314,school_pdf,,approved,Swasta
SMK INFORMATIKA CBI,smk informatika cbi,smk,,Kab. Sukabumi,69888758,school_pdf,,approved,Swasta
SMK ISLAM NURUL IKHWAN,smk islam nurul ikhwan,smk,,Kab. Sukabumi,69888479,school_pdf,,approved,Swasta
SMK ISLAM TERPADU YASIN,smk islam terpadu yasin,smk,,Kab. Sukabumi,69981676,school_pdf,,approved,Swasta
SMK IT AL-FATH,smk it al-fath,smk,,Kota Sukabumi,69921197,school_pdf,,approved,Swasta
SMK NUSANTARA 89,smk nusantara 89,smk,,Kab. Sukabumi,69892682,school_pdf,,approved,Swasta
SMK PATRIOT MANDIRI,smk patriot mandiri,smk,,Kab. Sukabumi,69958842,school_pdf,,approved,Swasta
SMK WAHDATUL UMMAT,smk wahdatul ummat,smk,,Kab. Sukabumi,69946750,school_pdf,,approved,Swasta
SMKN 1 CIBADAK SUKABUMI,smkn 1 cibadak sukabumi,smk,,Kab. Sukabumi,20202278,school_pdf,,approved,Negeri
SMKN 1 GEGERBITUNG,smkn 1 gegerbitung,smk,,Kab. Sukabumi,20252841,school_pdf,,approved,Negeri
SMKN 1 GUNUNGGURUH,smkn 1 gunungguruh,smk,,Kab. Sukabumi,20253633,school_pdf,,approved,Negeri
SMKN 1 SAGARANTEN,smkn 1 sagaranten,smk,,Kab. Sukabumi,20253844,school_pdf,,approved,Negeri
SMKN 1 SUKABUMI,smkn 1 sukabumi,smk,,Kota Sukabumi,20221568,school_pdf,,approved,Negeri
SMKN 1 SUKALARANG,smkn 1 sukalarang,smk,,Kab. Sukabumi,20258445,school_pdf,,approved,Negeri
SMKN 1 SURADE,smkn 1 surade,smk,,Kab. Sukabumi,20253014,school_pdf,,approved,Negeri
SMKN 1 TEGALBULEUD,smkn 1 tegalbuleud,smk,,Kab. Sukabumi,20246472,school_pdf,,approved,Negeri
SMKN 2 SUKABUMI,smkn 2 sukabumi,smk,,Kota Sukabumi,20221569,school_pdf,,approved,Negeri
SMKN 3 SUKABUMI,smkn 3 sukabumi,smk,,Kota Sukabumi,20221570,school_pdf,,approved,Negeri
SMKN PERTANIAN I SUKARAJA,smkn pertanian i sukaraja,smk,,Kab. Sukabumi,20253658,school_pdf,,approved,Negeri
SMKS AL BAROKAH,smks al barokah,smk,,Kab. Sukabumi,20252452,school_pdf,,approved,Swasta
SMKS AL FAJAR PELABUHANRATU SUKABUMI,smks al fajar pelabuhanratu sukabumi,smk,,Kab. Sukabumi,20202269,school_pdf,,approved,Swasta
SMKS AL MADANI JAMPANGKULON,smks al madani jampangkulon,smk,,Kab. Sukabumi,20254195,school_pdf,,approved,Swasta
SMKS AL MASTHURIYAH SUKABUMI,smks al masthuriyah sukabumi,smk,,Kab. Sukabumi,20202281,school_pdf,,approved,Swasta
SMKS AL MUHTAR PABUARAN,smks al muhtar pabuaran,smk,,Kab. Sukabumi,20269160,school_pdf,,approved,Swasta
SMKS AL-AUDI,smks al-audi,smk,,Kab. Sukabumi,69728615,school_pdf,,approved,Swasta
SMKS AL-IKHLAS,smks al-ikhlas,smk,,Kab. Sukabumi,60729090,school_pdf,,approved,Swasta
SMKS AL-MUHAJIRIN,smks al-muhajirin,smk,,Kab. Sukabumi,69757439,school_pdf,,approved,Swasta
SMKS AL-MUMTAZ,smks al-mumtaz,smk,,Kab. Sukabumi,69734151,school_pdf,,approved,Swasta
SMKS AR RAHMAH,smks ar rahmah,smk,,Kab. Sukabumi,20254089,school_pdf,,approved,Swasta
SMKS AR-RAHMA,smks ar-rahma,smk,,Kab. Sukabumi,69758275,school_pdf,,approved,Swasta
SMKS ASSUBANDIYAH PALABUHANRATU,smks assubandiyah palabuhanratu,smk,,Kab. Sukabumi,20268198,school_pdf,,approved,Swasta
SMKS BHAKTI PERTIWI INDONESIA,smks bhakti pertiwi indonesia,smk,,Kab. Sukabumi,69772581,school_pdf,,approved,Swasta
SMKS BINA ANAK BANGSA,smks bina anak bangsa,smk,,Kab. Sukabumi,20252618,school_pdf,,approved,Swasta
SMKS BINA BANGSA 1 SUKABUMI,smks bina bangsa 1 sukabumi,smk,,Kab. Sukabumi,20253652,school_pdf,,approved,Swasta
SMKS CIMAHI,smks cimahi,smk,,Kab. Sukabumi,69734083,school_pdf,,approved,Swasta
SMKS EKA PRASETYA,smks eka prasetya,smk,,Kab. Sukabumi,20202286,school_pdf,,approved,Swasta
SMKS HARAPAN BANGSA,smks harapan bangsa,smk,,Kab. Sukabumi,20258064,school_pdf,,approved,Swasta
SMKS HARAPAN NUSA BANGSA,smks harapan nusa bangsa,smk,,Kab. Sukabumi,60726517,school_pdf,,approved,Swasta
SMKS HASSINA,smks hassina,smk,,Kab. Sukabumi,69726057,school_pdf,,approved,Swasta
SMKS KESEHATAN HARAPAN BANGSA PALABUHANRATU,smks kesehatan harapan bangsa palabuhanratu,smk,,Kab. Sukabumi,69733919,school_pdf,,approved,Swasta
SMKS KOMPUTER AL-BASHRY PALABUHANRATU,smks komputer al-bashry palabuhanratu,smk,,Kab. Sukabumi,69726060,school_pdf,,approved,Swasta
SMKS MUHAMMADIYAH 2 CIBADAK,smks muhammadiyah 2 cibadak,smk,,Kab. Sukabumi,20202279,school_pdf,,approved,Swasta
SMKS MUTIARA HIKMAH,smks mutiara hikmah,smk,,Kab. Sukabumi,20253655,school_pdf,,approved,Swasta
SMKS MUTIARA TERPADU PALABUHAN RATU,smks mutiara terpadu palabuhan ratu,smk,,Kab. Sukabumi,20269318,school_pdf,,approved,Swasta
SMKS NUURUL BAYAN KALAPANUNGGAL,smks nuurul bayan kalapanunggal,smk,,Kab. Sukabumi,20253654,school_pdf,,approved,Swasta
SMKS PARADIS WALURAN,smks paradis waluran,smk,,Kab. Sukabumi,20254146,school_pdf,,approved,Swasta
SMKS PASUNDAN 1 SUKABUMI,smks pasundan 1 sukabumi,smk,,Kota Sukabumi,20229796,school_pdf,,approved,Swasta
SMKS PASUNDAN 2 SUKABUMI,smks pasundan 2 sukabumi,smk,,Kota Sukabumi,20221571,school_pdf,,approved,Swasta
SMKS PELITA YNH SUKABUMI,smks pelita ynh sukabumi,smk,,Kota Sukabumi,20221572,school_pdf,,approved,Swasta
SMKS PEMBANGUNAN CIBADAK,smks pembangunan cibadak,smk,,Kab. Sukabumi,60726510,school_pdf,,approved,Swasta
SMKS PERSADA,smks persada,smk,,Kota Sukabumi,69757214,school_pdf,,approved,Swasta
SMKS PERSADA CIEMAS,smks persada ciemas,smk,,Kab. Sukabumi,69755456,school_pdf,,approved,Swasta
SMKS PGRI 1 SUKABUMI,smks pgri 1 sukabumi,smk,,Kota Sukabumi,20221574,school_pdf,,approved,Swasta
SMKS PGRI CISAAT,smks pgri cisaat,smk,,Kab. Sukabumi,20254196,school_pdf,,approved,Swasta
SMAN 2 BANJAR,sman 2 banjar,sma,,Kota Banjar,20225280,school_pdf,,approved,Negeri
SMKS PGRI PALABUHANRATU SUKABUMI,smks pgri palabuhanratu sukabumi,smk,,Kab. Sukabumi,20202272,school_pdf,,approved,Swasta
SMKS MITRA PASUNDAN,smks mitra pasundan,smk,,Kab. Cianjur,20271411,school_pdf,,approved,Swasta
SMKS PLUS AL FARHAN,smks plus al farhan,smk,,Kab. Sukabumi,20257493,school_pdf,,approved,Swasta
SMKS PLUS NUSA PUTRA,smks plus nusa putra,smk,,Kab. Sukabumi,20257690,school_pdf,,approved,Swasta
SMKS PTN CICANTAYAN,smks ptn cicantayan,smk,,Kab. Sukabumi,69758946,school_pdf,,approved,Swasta
SMKS SAMUDRA,smks samudra,smk,,Kab. Sukabumi,69753902,school_pdf,,approved,Swasta
SMKS SILIWANGI SUKABUMI,smks siliwangi sukabumi,smk,,Kota Sukabumi,20221616,school_pdf,,approved,Swasta
SMKS SUDIRMAN,smks sudirman,smk,,Kab. Sukabumi,20254077,school_pdf,,approved,Swasta
SMKS TAMANSISWA SUKABUMI,smks tamansiswa sukabumi,smk,,Kota Sukabumi,20221617,school_pdf,,approved,Swasta
SMKS TECMA CIAMBAR,smks tecma ciambar,smk,,Kab. Sukabumi,60726509,school_pdf,,approved,Swasta
SMKS TEKNIKA CISAAT SUKABUMI,smks teknika cisaat sukabumi,smk,,Kab. Sukabumi,20202274,school_pdf,,approved,Swasta
SMKS TEKNOLOGI PLUS PADJADJARAN SUKABUMI,smks teknologi plus padjadjaran sukabumi,smk,,Kota Sukabumi,20221596,school_pdf,,approved,Swasta
SMKS TERPADU 2 YASPIDA SUKABUMI,smks terpadu 2 yaspida sukabumi,smk,,Kab. Sukabumi,20202276,school_pdf,,approved,Swasta
SMKS TERPADU INSAN CITA,smks terpadu insan cita,smk,,Kab. Sukabumi,69786520,school_pdf,,approved,Swasta
SMKS TUNAS BANGSA CIEMAS,smks tunas bangsa ciemas,smk,,Kab. Sukabumi,69727427,school_pdf,,approved,Swasta
SMKS UMMUL QURO SUKABUMI,smks ummul quro sukabumi,smk,,Kab. Sukabumi,20202275,school_pdf,,approved,Swasta
SMKS YASIDIK,smks yasidik,smk,,Kab. Sukabumi,20252604,school_pdf,,approved,Swasta
SMKS YASPI SYAMSUL ULUM SUKABUMI,smks yaspi syamsul ulum sukabumi,smk,,Kota Sukabumi,20221618,school_pdf,,approved,Swasta
SMKS YASTI CISAAT SUKABUMI,smks yasti cisaat sukabumi,smk,,Kab. Sukabumi,20202277,school_pdf,,approved,Swasta
SMKS YBPI,smks ybpi,smk,,Kab. Sukabumi,60724699,school_pdf,,approved,Swasta
SMKS YPM CIDAHU,smks ypm cidahu,smk,,Kab. Sukabumi,60726511,school_pdf,,approved,Swasta
SMA AL KAMIL ISLAMIC BOARDING SCHOOL,sma al kamil islamic boarding school,sma,,Kab. Cianjur,69943680,school_pdf,,approved,Swasta
SMA AL MA MOEN,sma al ma moen,sma,,Kab. Cianjur,69929051,school_pdf,,approved,Swasta
SMA AL MUKHTARIYAH RAJAMANDALA,sma al mukhtariyah rajamandala,sma,,Kab. Bandung Barat,20279932,school_pdf,,approved,Swasta
SMA ISLAM TERPADU AL-AMIN,sma islam terpadu al-amin,sma,,Kab. Cianjur,70038213,school_pdf,,approved,Swasta
SMA IT NURUL ITTIHAD,sma it nurul ittihad,sma,,Kab. Cianjur,69954141,school_pdf,,approved,Swasta
SMA MADYA UTAMA,sma madya utama,sma,,Kab. Bandung Barat,69899353,school_pdf,,approved,Swasta
SMA NEGERI 1 CIBEBER,sma negeri 1 cibeber,sma,,Kab. Cianjur,20203740,school_pdf,,approved,Negeri
SMA NEGERI 1 CILAKU,sma negeri 1 cilaku,sma,,Kab. Cianjur,20203742,school_pdf,,approved,Negeri
SMA NEGERI 1 CIRANJANG,sma negeri 1 ciranjang,sma,,Kab. Cianjur,20203743,school_pdf,,approved,Negeri
SMA NEGERI 1 GUNUNG HALU,sma negeri 1 gunung halu,sma,,Kab. Bandung Barat,20206212,school_pdf,,approved,Negeri
SMA NEGERI 1 MANDE,sma negeri 1 mande,sma,,Kab. Cianjur,20252202,school_pdf,,approved,Negeri
SMA NEGERI 1 NGAMPRAH,sma negeri 1 ngamprah,sma,,Kab. Bandung Barat,20227908,school_pdf,,approved,Negeri
SMA NEGERI 1 SAGULING,sma negeri 1 saguling,sma,,Kab. Bandung Barat,69824839,school_pdf,,approved,Negeri
SMK NEGERI 1 TANGGEUNG,smk negeri 1 tanggeung,smk,,Kab. Cianjur,20252210,school_pdf,,approved,Negeri
SMA NEGERI 2 CIBINONG,sma negeri 2 cibinong,sma,,Kab. Cianjur,69886260,school_pdf,,approved,Negeri
SMA SULTAN AGUNG,sma sultan agung,sma,,Kab. Cianjur,69988550,school_pdf,,approved,Swasta
SMA TERPADU AL MASHUM MARDIYAH,sma terpadu al mashum mardiyah,sma,,Kab. Cianjur,20252189,school_pdf,,approved,Swasta
SMA ZAD IQBS,sma zad iqbs,sma,,Kab. Cianjur,70039755,school_pdf,,approved,Swasta
SMAN 1 BOJONGPICUNG,sman 1 bojongpicung,sma,,Kab. Cianjur,69964651,school_pdf,,approved,Negeri
SMAN 1 CIKALONGWETAN,sman 1 cikalongwetan,sma,,Kab. Bandung Barat,20251782,school_pdf,,approved,Negeri
SMAN 1 CILILIN,sman 1 cililin,sma,,Kab. Bandung Barat,20206146,school_pdf,,approved,Negeri
SMAN 1 CIPATAT,sman 1 cipatat,sma,,Kab. Bandung Barat,20206144,school_pdf,,approved,Negeri
SMAN 1 CIPEUNDEUY,sman 1 cipeundeuy,sma,,Kab. Bandung Barat,20206131,school_pdf,,approved,Negeri
SMAN 1 CIPONGKOR,sman 1 cipongkor,sma,,Kab. Bandung Barat,20227869,school_pdf,,approved,Negeri
SMAN 1 PADALARANG,sman 1 padalarang,sma,,Kab. Bandung Barat,20206208,school_pdf,,approved,Negeri
SMAN 1 PARONGPONG,sman 1 parongpong,sma,,Kab. Bandung Barat,20227901,school_pdf,,approved,Negeri
SMAS ISLAM AL MAZIYYAH CILAKU,smas islam al maziyyah cilaku,sma,,Kab. Cianjur,20203702,school_pdf,,approved,Swasta
SMAS AL AZHARY CIANJUR,smas al azhary cianjur,sma,,Kab. Cianjur,20203697,school_pdf,,approved,Swasta
SMAS AL IANAH CIANJUR,smas al ianah cianjur,sma,,Kab. Cianjur,20203701,school_pdf,,approved,Swasta
SMAS DARUL FALAH CIHAMPELAS,smas darul falah cihampelas,sma,,Kab. Bandung Barat,20227834,school_pdf,,approved,Swasta
SMAS ISLAM NURUL HUDA LEMBANG,smas islam nurul huda lembang,sma,,Kab. Bandung Barat,20227841,school_pdf,,approved,Swasta
SMAS KARYA BAKTI,smas karya bakti,sma,,Kab. Cianjur,20203703,school_pdf,,approved,Swasta
SMAS LEPPESA CILILIN,smas leppesa cililin,sma,,Kab. Bandung Barat,20227854,school_pdf,,approved,Swasta
SMAS MEKARWANGI LEMBANG,smas mekarwangi lembang,sma,,Kab. Bandung Barat,20240402,school_pdf,,approved,Swasta
SMAS MUSLIMIN CILILIN,smas muslimin cililin,sma,,Kab. Bandung Barat,20227865,school_pdf,,approved,Swasta
SMAS MUSLIMIN CIPONGKOR,smas muslimin cipongkor,sma,,Kab. Bandung Barat,20227866,school_pdf,,approved,Swasta
SMAS PANCA KARSA LEMBANG,smas panca karsa lembang,sma,,Kab. Bandung Barat,20227873,school_pdf,,approved,Swasta
SMK NEGERI 1 CIPATAT,smk negeri 1 cipatat,smk,,Kab. Bandung Barat,69888924,school_pdf,,approved,Negeri
SMAS PASUNDAN CIKALONGKULON,smas pasundan cikalongkulon,sma,,Kab. Cianjur,20203720,school_pdf,,approved,Swasta
SMAS PGRI CIKADU,smas pgri cikadu,sma,,Kab. Cianjur,69786633,school_pdf,,approved,Swasta
SMAS PGRI CIPEUNDEUY,smas pgri cipeundeuy,sma,,Kab. Bandung Barat,20227872,school_pdf,,approved,Swasta
SMAS PGRI LEMBANG,smas pgri lembang,sma,,Kab. Bandung Barat,20251786,school_pdf,,approved,Swasta
SMK AL MADINAH MADANIA,smk al madinah madania,smk,,Kab. Cianjur,69883477,school_pdf,,approved,Swasta
SMK AL MANAR,smk al manar,smk,,Kab. Cianjur,69943909,school_pdf,,approved,Swasta
SMK ASSATINEM,smk assatinem,smk,,Kab. Cianjur,69978363,school_pdf,,approved,Swasta
SMK BANDUNG BARAT 2 CIHAMPELAS,smk bandung barat 2 cihampelas,smk,,Kab. Bandung Barat,69947229,school_pdf,,approved,Swasta
SMK BELA PERSADA SINDANGKERTA,smk bela persada sindangkerta,smk,,Kab. Bandung Barat,69953996,school_pdf,,approved,Swasta
SMK NURUL ISLAM AFFANDIYAH,smk nurul islam affandiyah,smk,,Kab. Cianjur,20203728,school_pdf,,approved,Swasta
SMK BINA MANDIRI,smk bina mandiri,smk,,Kab. Bandung Barat,69971039,school_pdf,,approved,Swasta
SMK CENDEKIA BATUJAJAR,smk cendekia batujajar,smk,,Kab. Bandung Barat,69946965,school_pdf,,approved,Swasta
SMK CITRA NIAGA NUSANTARA,smk citra niaga nusantara,smk,,Kab. Cianjur,69943589,school_pdf,,approved,Swasta
SMK DAARUL ULUM,smk daarul ulum,smk,,Kab. Bandung Barat,69955104,school_pdf,,approved,Swasta
SMK GARDA MADANI,smk garda madani,smk,,Kab. Bandung Barat,69894494,school_pdf,,approved,Swasta
SMK ISLAM TERPADU MIFTAHUSSUNAN ADDAIMIAH,smk islam terpadu miftahussunan addaimiah,smk,,Kab. Cianjur,69949780,school_pdf,,approved,Swasta
SMK IT AL-HIDAYAH,smk it al-hidayah,smk,,Kab. Bandung Barat,69861093,school_pdf,,approved,Swasta
SMK IT BUDI LUHUR,smk it budi luhur,smk,,Kab. Cianjur,69910996,school_pdf,,approved,Swasta
SMK IT NURUL AZKA,smk it nurul azka,smk,,Kab. Cianjur,69896309,school_pdf,,approved,Swasta
SMK KARYA PEMBANGUNAN 2 CIPONGKOR,smk karya pembangunan 2 cipongkor,smk,,Kab. Bandung Barat,69950745,school_pdf,,approved,Swasta
SMK KARYA PERJUANGAN,smk karya perjuangan,smk,,Kab. Bandung Barat,20268297,school_pdf,,approved,Swasta
SMKS 45 LEMBANG,smks 45 lembang,smk,,Kab. Bandung Barat,20228510,school_pdf,,approved,Swasta
SMK KESEHATAN CIANJUR,smk kesehatan cianjur,smk,,Kab. Cianjur,69758974,school_pdf,,approved,Swasta
SMK KESEHATAN RAJAWALI,smk kesehatan rajawali,smk,,Kab. Bandung Barat,70030337,school_pdf,,approved,Swasta
SMK MA ARIF CIDAUN,smk ma arif cidaun,smk,,Kab. Cianjur,69928981,school_pdf,,approved,Swasta
SMK MERAH PUTIH,smk merah putih,smk,,Kab. Cianjur,69888584,school_pdf,,approved,Swasta
SMK MIFTAHUL HUDA,smk miftahul huda,smk,,Kab. Cianjur,69909689,school_pdf,,approved,Swasta
SMK NEGERI 1 CIBINONG,smk negeri 1 cibinong,smk,,Kab. Cianjur,20252386,school_pdf,,approved,Negeri
SMK NEGERI 1 CIKALONGKULON,smk negeri 1 cikalongkulon,smk,,Kab. Cianjur,20252032,school_pdf,,approved,Negeri
SMK NEGERI 1 CILAKU,smk negeri 1 cilaku,smk,,Kab. Cianjur,20252030,school_pdf,,approved,Negeri
SMK NEGERI 1 PACET,smk negeri 1 pacet,smk,,Kab. Cianjur,20252029,school_pdf,,approved,Negeri
SMK NEGERI 1 CISARUA,smk negeri 1 cisarua,smk,,Kab. Bandung Barat,69888925,school_pdf,,approved,Negeri
SMK NEGERI 1 CUGENANG,smk negeri 1 cugenang,smk,,Kab. Cianjur,20252384,school_pdf,,approved,Negeri
SMK NEGERI 1 KARANGTENGAH,smk negeri 1 karangtengah,smk,,Kab. Cianjur,20252207,school_pdf,,approved,Negeri
SMK NEGERI 1 PAGELARAN,smk negeri 1 pagelaran,smk,,Kab. Cianjur,20252031,school_pdf,,approved,Negeri
SMK NEGERI 1 RONGGA,smk negeri 1 rongga,smk,,Kab. Bandung Barat,69756137,school_pdf,,approved,Negeri
SMK NEGERI 1 SUKANAGARA,smk negeri 1 sukanagara,smk,,Kab. Cianjur,20252868,school_pdf,,approved,Negeri
SMK NEGERI 1 TAKOKAK,smk negeri 1 takokak,smk,,Kab. Cianjur,20252867,school_pdf,,approved,Negeri
SMK NEGERI PERTANIAN PEMBANGUNAN LEMBANG,smk negeri pertanian pembangunan lembang,smk,,Kab. Bandung Barat,20258453,school_pdf,,approved,Negeri
SMK PELITA ANUGRAH BANGSA 1,smk pelita anugrah bangsa 1,smk,,Kab. Cianjur,69886263,school_pdf,,approved,Swasta
SMK PERMATA INSAN,smk permata insan,smk,,Kab. Cianjur,69840945,school_pdf,,approved,Swasta
SMK SULTHAN BARUNA,smk sulthan baruna,smk,,Kab. Cianjur,69892382,school_pdf,,approved,Swasta
SMK TERPADU ASSAFIIYAH,smk terpadu assafiiyah,smk,,Kab. Bandung Barat,69894044,school_pdf,,approved,Swasta
SMKI HIRSHULFATA AL-GHINA,smki hirshulfata al-ghina,smk,,Kab. Cianjur,69892375,school_pdf,,approved,Swasta
SMKN 1 BOJONGPICUNG,smkn 1 bojongpicung,smk,,Kab. Cianjur,20252388,school_pdf,,approved,Negeri
SMKN 1 CIHAMPELAS,smkn 1 cihampelas,smk,,Kab. Bandung Barat,20252563,school_pdf,,approved,Negeri
SMKN 1 CIPEUNDEUY,smkn 1 cipeundeuy,smk,,Kab. Bandung Barat,20279928,school_pdf,,approved,Negeri
SMKN PETERNAKAN LEMBANG,smkn peternakan lembang,smk,,Kab. Bandung Barat,20267759,school_pdf,,approved,Negeri
SMKN PP CIANJUR,smkn pp cianjur,smk,,Kab. Cianjur,60726857,school_pdf,,approved,Negeri
SMKS 3 PASUNDAN PERKASA,smks 3 pasundan perkasa,smk,,Kab. Bandung Barat,69763258,school_pdf,,approved,Swasta
SMKS 4 LPPM RI,smks 4 lppm ri,smk,,Kab. Bandung Barat,20267646,school_pdf,,approved,Swasta
SMKS AL FATMAH CIANJUR,smks al fatmah cianjur,smk,,Kab. Cianjur,20268414,school_pdf,,approved,Swasta
SMKS AL HASYIMIYAH,smks al hasyimiyah,smk,,Kab. Cianjur,20268204,school_pdf,,approved,Swasta
SMKS AL IBROHIMIYAH,smks al ibrohimiyah,smk,,Kab. Cianjur,20267922,school_pdf,,approved,Swasta
SMKS AR RAHMAH,smks ar rahmah,smk,,Kab. Cianjur,20203725,school_pdf,,approved,Swasta
SMKS BAHRUL MAGHFIROH,smks bahrul maghfiroh,smk,,Kab. Cianjur,60730351,school_pdf,,approved,Swasta
SMKS BELA NUSANTARA CIANJUR,smks bela nusantara cianjur,smk,,Kab. Cianjur,20203726,school_pdf,,approved,Swasta
SMKS BINA INSAN BANGSA,smks bina insan bangsa,smk,,Kab. Bandung Barat,69733880,school_pdf,,approved,Swasta
SMKS BINA PUTRA,smks bina putra,smk,,Kab. Bandung Barat,20279927,school_pdf,,approved,Swasta
SMKS BINA SISWA 1,smks bina siswa 1,smk,,Kab. Bandung Barat,20279924,school_pdf,,approved,Swasta
SMKS BINA SISWA 2,smks bina siswa 2,smk,,Kab. Bandung Barat,20279922,school_pdf,,approved,Swasta
SMKS BINA WISATA LEMBANG,smks bina wisata lembang,smk,,Kab. Bandung Barat,20267644,school_pdf,,approved,Swasta
SMKS BUDI BAKTI UTAMA,smks budi bakti utama,smk,,Kab. Bandung Barat,20271881,school_pdf,,approved,Swasta
SMKS BUDI RAKSA LEMBANG,smks budi raksa lembang,smk,,Kab. Bandung Barat,20267645,school_pdf,,approved,Swasta
SMKS IT NURUL HUDA,smks it nurul huda,smk,,Kab. Cianjur,69758122,school_pdf,,approved,Swasta
SMKS KARYA PEMBANGUNAN PADALARANG,smks karya pembangunan padalarang,smk,,Kab. Bandung Barat,20268291,school_pdf,,approved,Swasta
SMKS KUJANG PILAWA,smks kujang pilawa,smk,,Kab. Cianjur,20268501,school_pdf,,approved,Swasta
SMKS MAHARDHIKA BATUJAJAR,smks mahardhika batujajar,smk,,Kab. Bandung Barat,20227955,school_pdf,,approved,Swasta
SMKS MANDALA PUTRA 1,smks mandala putra 1,smk,,Kab. Bandung Barat,69733906,school_pdf,,approved,Swasta
SMKS NURUL FALLAH CIKALONGKULON,smks nurul fallah cikalongkulon,smk,,Kab. Cianjur,69758124,school_pdf,,approved,Swasta
SMKS PARIWISATA PHT CIANJUR,smks pariwisata pht cianjur,smk,,Kab. Cianjur,20252366,school_pdf,,approved,Swasta
SMKS PASUNDAN CIANJUR,smks pasundan cianjur,smk,,Kab. Cianjur,20203729,school_pdf,,approved,Swasta
SMKS PASUNDAN PERKASA DAARUL HIDAYAH,smks pasundan perkasa daarul hidayah,smk,,Kab. Bandung Barat,69830696,school_pdf,,approved,Swasta
SMKS PUNCAK BARU,smks puncak baru,smk,,Kab. Cianjur,20271912,school_pdf,,approved,Swasta
SMKS PUSAT TEKNOLOGI CILILIN,smks pusat teknologi cililin,smk,,Kab. Bandung Barat,20267650,school_pdf,,approved,Swasta
SMKS PUTRA GUNUNGHALU,smks putra gununghalu,smk,,Kab. Bandung Barat,69772947,school_pdf,,approved,Swasta
SMKS SILIWANGI AMS,smks siliwangi ams,smk,,Kab. Cianjur,20203746,school_pdf,,approved,Swasta
SMKS SINAR PARAHYANGAN,smks sinar parahyangan,smk,,Kab. Cianjur,69727436,school_pdf,,approved,Swasta
SMKS TARUNA BHAKTI CIANJUR,smks taruna bhakti cianjur,smk,,Kab. Cianjur,20203803,school_pdf,,approved,Swasta
SMKS TEKNIK MUHAMMADIYAH PLUS CIANJUR,smks teknik muhammadiyah plus cianjur,smk,,Kab. Cianjur,20252208,school_pdf,,approved,Swasta
SMKS TUNAS HARAPAN BANGSA,smks tunas harapan bangsa,smk,,Kab. Cianjur,20252873,school_pdf,,approved,Swasta
SMKS UTAMA CIRANJANG,smks utama ciranjang,smk,,Kab. Cianjur,20252364,school_pdf,,approved,Swasta
SMKS YUDHA UTAMA NGAMPRAH,smks yudha utama ngamprah,smk,,Kab. Bandung Barat,20227974,school_pdf,,approved,Swasta
SMKN 7 GARUT,smkn 7 garut,smk,,Kab. Garut,20262132,school_pdf,,approved,Negeri
SMA NEGERI 3 CIMAHI,sma negeri 3 cimahi,sma,,Kota Cimahi,20224114,school_pdf,,approved,Negeri
SMA NEGERI 4 CIMAHI,sma negeri 4 cimahi,sma,,Kota Cimahi,20224109,school_pdf,,approved,Negeri
SMA NEGERI 6 CIMAHI,sma negeri 6 cimahi,sma,,Kota Cimahi,20224108,school_pdf,,approved,Negeri
SMA PASUNDAN 3,sma pasundan 3,sma,,Kota Cimahi,20224121,school_pdf,,approved,Swasta
SMAN 12 BANDUNG,sman 12 bandung,sma,,Kota Bandung,20219241,school_pdf,,approved,Negeri
SMAN 16 BANDUNG,sman 16 bandung,sma,,Kota Bandung,20219237,school_pdf,,approved,Negeri
SMAN 17 BANDUNG,sman 17 bandung,sma,,Kota Bandung,20219235,school_pdf,,approved,Negeri
SMAN 18 BANDUNG,sman 18 bandung,sma,,Kota Bandung,20219244,school_pdf,,approved,Negeri
SMAN 21 BANDUNG,sman 21 bandung,sma,,Kota Bandung,20219251,school_pdf,,approved,Negeri
SMAN 24 BANDUNG,sman 24 bandung,sma,,Kota Bandung,20219248,school_pdf,,approved,Negeri
SMAN 25 BANDUNG,sman 25 bandung,sma,,Kota Bandung,20219247,school_pdf,,approved,Negeri
SMAN 27 BANDUNG,sman 27 bandung,sma,,Kota Bandung,20265516,school_pdf,,approved,Negeri
SMAN 7 BANDUNG,sman 7 bandung,sma,,Kota Bandung,20219316,school_pdf,,approved,Negeri
SMAS BPK 1 PENABUR BANDUNG,smas bpk 1 penabur bandung,sma,,Kota Bandung,20219730,school_pdf,,approved,Swasta
SMA SAPTA DHARMA,sma sapta dharma,sma,,Kab. Bandung,20206132,school_pdf,,approved,Swasta
SMAS ISTIQAMAH,smas istiqamah,sma,,Kota Bandung,20274909,school_pdf,,approved,Swasta
SMAS LANGLANGBUANA,smas langlangbuana,sma,,Kota Bandung,20219788,school_pdf,,approved,Swasta
SMAS MEDINA BANDUNG,smas medina bandung,sma,,Kota Bandung,20219808,school_pdf,,approved,Swasta
SMAS MUTIARA 2 BANDUNG,smas mutiara 2 bandung,sma,,Kota Bandung,20219787,school_pdf,,approved,Swasta
SMAS NUSANTARA,smas nusantara,sma,,Kota Bandung,20219785,school_pdf,,approved,Swasta
SMAS PAHLAWAN TOHA,smas pahlawan toha,sma,,Kota Bandung,20219770,school_pdf,,approved,Swasta
SMAS PASUNDAN 2 BANDUNG,smas pasundan 2 bandung,sma,,Kota Bandung,20219766,school_pdf,,approved,Swasta
SMAS PASUNDAN 3 BANDUNG,smas pasundan 3 bandung,sma,,Kota Bandung,20219765,school_pdf,,approved,Swasta
SMAS PGRI 1 BANDUNG,smas pgri 1 bandung,sma,,Kota Bandung,20219780,school_pdf,,approved,Swasta
SMAS SEBELAS MARET,smas sebelas maret,sma,,Kota Bandung,20219261,school_pdf,,approved,Swasta
SMAS YPKKP BANDUNG,smas ypkkp bandung,sma,,Kota Bandung,20219273,school_pdf,,approved,Swasta
SMK MOHAMAD TOHA,smk mohamad toha,smk,,Kota Cimahi,20224134,school_pdf,,approved,Swasta
SMK NEGERI 1 CIMAHI,smk negeri 1 cimahi,smk,,Kota Cimahi,20224136,school_pdf,,approved,Negeri
SMK NEGERI 2 CIMAHI,smk negeri 2 cimahi,smk,,Kota Cimahi,20238571,school_pdf,,approved,Negeri
SMK NEGERI 3 CIMAHI,smk negeri 3 cimahi,smk,,Kota Cimahi,20224135,school_pdf,,approved,Negeri
SMK PASUNDAN 3,smk pasundan 3,smk,,Kota Cimahi,20268626,school_pdf,,approved,Swasta
SMA KP 3 PASEH,sma kp 3 paseh,sma,,Kab. Bandung,20240400,school_pdf,,approved,Swasta
SMK PASUNDAN PUTRA,smk pasundan putra,smk,,Kota Cimahi,20224132,school_pdf,,approved,Swasta
SMK PGRI 1 CIMAHI,smk pgri 1 cimahi,smk,,Kota Cimahi,20224130,school_pdf,,approved,Swasta
SMK PGRI 2 CIMAHI,smk pgri 2 cimahi,smk,,Kota Cimahi,20224129,school_pdf,,approved,Swasta
SMK PGRI 3 CIMAHI,smk pgri 3 cimahi,smk,,Kota Cimahi,20224131,school_pdf,,approved,Swasta
SMK PU N PROVINSI JAWA BARAT,smk pu n provinsi jawa barat,smk,,Kota Bandung,20219231,school_pdf,,approved,Negeri
SMK PUSDIKHUBAD,smk pusdikhubad,smk,,Kota Cimahi,20224128,school_pdf,,approved,Swasta
SMK SANGKURIANG 1,smk sangkuriang 1,smk,,Kota Cimahi,20224125,school_pdf,,approved,Swasta
SMK SANGKURIANG 2,smk sangkuriang 2,smk,,Kota Cimahi,20224126,school_pdf,,approved,Swasta
SMK TARUNA MANDIRI,smk taruna mandiri,smk,,Kota Cimahi,20224104,school_pdf,,approved,Swasta
SMK TI GARUDA NUSANTARA,smk ti garuda nusantara,smk,,Kota Cimahi,20268261,school_pdf,,approved,Swasta
SMK TI PEMBANGUNAN,smk ti pembangunan,smk,,Kota Cimahi,20224103,school_pdf,,approved,Swasta
SMK WIRASWASTA,smk wiraswasta,smk,,Kota Cimahi,20224083,school_pdf,,approved,Swasta
SMKN 1 BANDUNG,smkn 1 bandung,smk,,Kota Bandung,20219178,school_pdf,,approved,Negeri
SMKN 10 BANDUNG,smkn 10 bandung,smk,,Kota Bandung,20219176,school_pdf,,approved,Negeri
SMKN 12 BANDUNG,smkn 12 bandung,smk,,Kota Bandung,20219174,school_pdf,,approved,Negeri
SMKN 13 BANDUNG,smkn 13 bandung,smk,,Kota Bandung,20219161,school_pdf,,approved,Negeri
SMKN 14 BANDUNG,smkn 14 bandung,smk,,Kota Bandung,20219160,school_pdf,,approved,Negeri
SMKN 15 BANDUNG,smkn 15 bandung,smk,,Kota Bandung,20219159,school_pdf,,approved,Negeri
SMKN 2 BANDUNG,smkn 2 bandung,smk,,Kota Bandung,20219146,school_pdf,,approved,Negeri
SMKN 3 BANDUNG,smkn 3 bandung,smk,,Kota Bandung,20219145,school_pdf,,approved,Negeri
SMKN 4 BANDUNG,smkn 4 bandung,smk,,Kota Bandung,20219144,school_pdf,,approved,Negeri
SMKN 5 BANDUNG,smkn 5 bandung,smk,,Kota Bandung,20219143,school_pdf,,approved,Negeri
SMKN 6 BANDUNG,smkn 6 bandung,smk,,Kota Bandung,20219142,school_pdf,,approved,Negeri
SMKN 7 BANDUNG,smkn 7 bandung,smk,,Kota Bandung,20219141,school_pdf,,approved,Negeri
SMKN 8 BANDUNG,smkn 8 bandung,smk,,Kota Bandung,20219140,school_pdf,,approved,Negeri
SMKN 9 BANDUNG,smkn 9 bandung,smk,,Kota Bandung,20219139,school_pdf,,approved,Negeri
SMKS AL FALAH BANDUNG,smks al falah bandung,smk,,Kota Bandung,20219320,school_pdf,,approved,Swasta
SMKS AL HADI,smks al hadi,smk,,Kota Bandung,69759058,school_pdf,,approved,Swasta
SMKS AMAL BAKTI,smks amal bakti,smk,,Kota Bandung,60726116,school_pdf,,approved,Swasta
SMKS BANDUNG SELATAN 1 BANDUNG,smks bandung selatan 1 bandung,smk,,Kota Bandung,20219304,school_pdf,,approved,Swasta
SMKS BANDUNG SELATAN 2,smks bandung selatan 2,smk,,Kota Bandung,20219303,school_pdf,,approved,Swasta
SMKS BINA WARGA BANDUNG,smks bina warga bandung,smk,,Kota Bandung,20219289,school_pdf,,approved,Swasta
SMKS GANESHA BANDUNG,smks ganesha bandung,smk,,Kota Bandung,20219283,school_pdf,,approved,Swasta
SMKS IGASAR PINDAD BANDUNG,smks igasar pindad bandung,smk,,Kota Bandung,20219301,school_pdf,,approved,Swasta
SMKS KENCANA BANDUNG,smks kencana bandung,smk,,Kota Bandung,20219295,school_pdf,,approved,Swasta
SMKS KIMIA PERMENTASI,smks kimia permentasi,smk,,Kota Bandung,20219170,school_pdf,,approved,Swasta
SMKS MEDIKACOM,smks medikacom,smk,,Kota Bandung,20265534,school_pdf,,approved,Swasta
SMKS MEDINA BANDUNG,smks medina bandung,smk,,Kota Bandung,20219163,school_pdf,,approved,Swasta
SMKS MERDEKA BANDUNG,smks merdeka bandung,smk,,Kota Bandung,20219162,school_pdf,,approved,Swasta
SMKS MUHAMMADIYAH 2 CIBIRU,smks muhammadiyah 2 cibiru,smk,,Kota Bandung,20219173,school_pdf,,approved,Swasta
SMKS MUHAMMADIYAH 3 BANDUNG,smks muhammadiyah 3 bandung,smk,,Kota Bandung,20219182,school_pdf,,approved,Swasta
SMKS MVP ARS INTERNASIONAL,smks mvp ars internasional,smk,,Kota Bandung,20272026,school_pdf,,approved,Swasta
SMKS PAHLAWAN TOHA,smks pahlawan toha,smk,,Kota Bandung,20272028,school_pdf,,approved,Swasta
SMKS PASUNDAN 3 BANDUNG,smks pasundan 3 bandung,smk,,Kota Bandung,20219158,school_pdf,,approved,Swasta
SMKS PRAKARYA INTERNASIONAL 1 BANDUNG,smks prakarya internasional 1 bandung,smk,,Kota Bandung,20219151,school_pdf,,approved,Swasta
SMKS PRIMA GRAFIKA,smks prima grafika,smk,,Kota Bandung,20272033,school_pdf,,approved,Swasta
SMKS PROFITA BANDUNG,smks profita bandung,smk,,Kota Bandung,20219149,school_pdf,,approved,Swasta
SMKS TARUNA GANESHA,smks taruna ganesha,smk,,Kota Bandung,20252150,school_pdf,,approved,Swasta
SMKS WIDYA DIRGANTARA BANDUNG,smks widya dirgantara bandung,smk,,Kota Bandung,20265547,school_pdf,,approved,Swasta
Sekolah Menengah Atas Bina Bangsa School Bandung,sekolah menengah atas bina bangsa school bandung,sma,,Kab. Bandung,20270262,school_pdf,,approved,Swasta
SMA AL AMANAH CIWIDEY,sma al amanah ciwidey,sma,,Kab. Bandung,20227813,school_pdf,,approved,Swasta
SMA AL MASUDIYAH MARGAASIH,sma al masudiyah margaasih,sma,,Kab. Bandung,20227820,school_pdf,,approved,Swasta
SMA AL-HIDAYAH CIPARAY,sma al-hidayah ciparay,sma,,Kab. Bandung,20227821,school_pdf,,approved,Swasta
SMA AL-HUDA ARJASARI,sma al-huda arjasari,sma,,Kab. Bandung,20227819,school_pdf,,approved,Swasta
SMA BINA NEGARA 1 BALEENDAH,sma bina negara 1 baleendah,sma,,Kab. Bandung,20227830,school_pdf,,approved,Swasta
SMA HANDAYANI I ARJASARI,sma handayani i arjasari,sma,,Kab. Bandung,20251948,school_pdf,,approved,Swasta
SMA IT DANUL FALAH,sma it danul falah,sma,,Kab. Bandung,20228503,school_pdf,,approved,Swasta
SMA IT FITHRAH INSANI BALEENDAH,sma it fithrah insani baleendah,sma,,Kab. Bandung,70032175,school_pdf,,approved,Swasta
SMA KARANG ARUM CILENGKRANG,sma karang arum cilengkrang,sma,,Kab. Bandung,20227852,school_pdf,,approved,Swasta
SMA KARYA BUDI CILEUNYI,sma karya budi cileunyi,sma,,Kab. Bandung,20227853,school_pdf,,approved,Swasta
SMA KP 1 CIPARAY,sma kp 1 ciparay,sma,,Kab. Bandung,20227848,school_pdf,,approved,Swasta
SMA KP 2 CIPARAY,sma kp 2 ciparay,sma,,Kab. Bandung,20227842,school_pdf,,approved,Swasta
SMA KP BALEENDAH,sma kp baleendah,sma,,Kab. Bandung,20228442,school_pdf,,approved,Swasta
SMA KP BAROS ARJASARI,sma kp baros arjasari,sma,,Kab. Bandung,20227846,school_pdf,,approved,Swasta
SMA KP CICALENGKA,sma kp cicalengka,sma,,Kab. Bandung,20227814,school_pdf,,approved,Swasta
SMA KP CIWIDEY PASIRJAMBU,sma kp ciwidey pasirjambu,sma,,Kab. Bandung,20227849,school_pdf,,approved,Swasta
SMA MUHAMMADIYAH 2 MAJALAYA,sma muhammadiyah 2 majalaya,sma,,Kab. Bandung,20227860,school_pdf,,approved,Swasta
SMA MUHAMMADIYAH 6 KERTASARI,sma muhammadiyah 6 kertasari,sma,,Kab. Bandung,20227864,school_pdf,,approved,Swasta
SMA PASUNDAN BANJARAN,sma pasundan banjaran,sma,,Kab. Bandung,20251783,school_pdf,,approved,Swasta
SMA PASUNDAN MAJALAYA,sma pasundan majalaya,sma,,Kab. Bandung,20256636,school_pdf,,approved,Swasta
SMA PASUNDAN RANCAEKEK,sma pasundan rancaekek,sma,,Kab. Bandung,20227918,school_pdf,,approved,Swasta
SMA PEMUDA BANJARAN,sma pemuda banjaran,sma,,Kab. Bandung,20227875,school_pdf,,approved,Swasta
SMA PGRI 31 PANGALENGAN,sma pgri 31 pangalengan,sma,,Kab. Bandung,20227871,school_pdf,,approved,Swasta
SMA PGRI CICALENGKA,sma pgri cicalengka,sma,,Kab. Bandung,20251784,school_pdf,,approved,Swasta
SMA PGRI RANCAEKEK,sma pgri rancaekek,sma,,Kab. Bandung,20206133,school_pdf,,approved,Swasta
SMA PLUS MERDEKA SOREANG,sma plus merdeka soreang,sma,,Kab. Bandung,20227878,school_pdf,,approved,Swasta
SMA PLUS TEBAR ILMU CIPARAY,sma plus tebar ilmu ciparay,sma,,Kab. Bandung,20227921,school_pdf,,approved,Swasta
SMA TERPADU BANDUNG IBUN,sma terpadu bandung ibun,sma,,Kab. Bandung,20227882,school_pdf,,approved,Swasta
SMA TUNAS BARU CIPARAY,sma tunas baru ciparay,sma,,Kab. Bandung,20227884,school_pdf,,approved,Swasta
SMA YADIKA CICALENGKA,sma yadika cicalengka,sma,,Kab. Bandung,20251788,school_pdf,,approved,Swasta
SMA YP BINA BANGSA,sma yp bina bangsa,sma,,Kab. Bandung,20227825,school_pdf,,approved,Swasta
SMA YUMIK BANJARAN,sma yumik banjaran,sma,,Kab. Bandung,20227887,school_pdf,,approved,Swasta
SMAN 1 BANJARAN,sman 1 banjaran,sma,,Kab. Bandung,20251791,school_pdf,,approved,Negeri
SMAN 1 BOJONGSOANG,sman 1 bojongsoang,sma,,Kab. Bandung,20227903,school_pdf,,approved,Negeri
SMAN 1 CICALENGKA,sman 1 cicalengka,sma,,Kab. Bandung,20251792,school_pdf,,approved,Negeri
SMAN 1 CIKANCUNG,sman 1 cikancung,sma,,Kab. Bandung,20227904,school_pdf,,approved,Negeri
SMAN 1 CIMALAKA,sman 1 cimalaka,sma,,Kab. Sumedang,20235619,school_pdf,,approved,Negeri
SMAN 1 CIPARAY,sman 1 ciparay,sma,,Kab. Bandung,20206145,school_pdf,,approved,Negeri
SMAN 1 CIWIDEY,sman 1 ciwidey,sma,,Kab. Bandung,20206213,school_pdf,,approved,Negeri
SMAN 1 DAYEUHKOLOT,sman 1 dayeuhkolot,sma,,Kab. Bandung,20227889,school_pdf,,approved,Negeri
SMAN 1 KATAPANG,sman 1 katapang,sma,,Kab. Bandung,20227905,school_pdf,,approved,Negeri
SMAN 1 KERTASARI,sman 1 kertasari,sma,,Kab. Bandung,20227906,school_pdf,,approved,Negeri
SMAN 1 MAJALAYA,sman 1 majalaya,sma,,Kab. Bandung,20206210,school_pdf,,approved,Negeri
SMKS BHAKTI NUSANTARA,smks bhakti nusantara,smk,,Kab. Sumedang,20253782,school_pdf,,approved,Swasta
SMAN 1 MARGAASIH,sman 1 margaasih,sma,,Kab. Bandung,20227907,school_pdf,,approved,Negeri
SMAN 1 NAGREG,sman 1 nagreg,sma,,Kab. Bandung,20227900,school_pdf,,approved,Negeri
SMAN 1 PANGALENGAN,sman 1 pangalengan,sma,,Kab. Bandung,20206207,school_pdf,,approved,Negeri
SMAN 1 RANCAEKEK,sman 1 rancaekek,sma,,Kab. Bandung,20254054,school_pdf,,approved,Negeri
SMAN 1 SOREANG,sman 1 soreang,sma,,Kab. Bandung,20206205,school_pdf,,approved,Negeri
SMAN 2 SUMEDANG,sman 2 sumedang,sma,,Kab. Sumedang,20208420,school_pdf,,approved,Negeri
SMAN JATINUNGGAL,sman jatinunggal,sma,,Kab. Sumedang,20208423,school_pdf,,approved,Negeri
SMAS AL FIIL,smas al fiil,sma,,Kab. Bandung,20240394,school_pdf,,approved,Swasta
SMAS ISLAM TERPADU SASAMA,smas islam terpadu sasama,sma,,Kab. Bandung,20273960,school_pdf,,approved,Swasta
SMAS YKM TANJUNGSARI,smas ykm tanjungsari,sma,,Kab. Sumedang,20235629,school_pdf,,approved,Swasta
SMK 2 LPPM RI MAJALAYA,smk 2 lppm ri majalaya,smk,,Kab. Bandung,20228539,school_pdf,,approved,Swasta
SMK AGRO,smk agro,smk,,Kab. Sumedang,69968414,school_pdf,,approved,Swasta
SMK AKAR ILMU,smk akar ilmu,smk,,Kab. Bandung,69820637,school_pdf,,approved,Swasta
SMK AL-ISLAM PACET,smk al-islam pacet,smk,,Kab. Bandung,20228512,school_pdf,,approved,Swasta
SMK ANGKASA 1 MARGAHAYU,smk angkasa 1 margahayu,smk,,Kab. Bandung,20228515,school_pdf,,approved,Swasta
SMK BAKTI NUSANTARA 666,smk bakti nusantara 666,smk,,Kab. Bandung,20267919,school_pdf,,approved,Swasta
SMK BANDUNG TIMUR,smk bandung timur,smk,,Kab. Bandung,20227929,school_pdf,,approved,Swasta
SMK BINA INSANI IBUN,smk bina insani ibun,smk,,Kab. Bandung,69894045,school_pdf,,approved,Swasta
SMK BINA NEGARA BALEENDAH,smk bina negara baleendah,smk,,Kab. Bandung,20229822,school_pdf,,approved,Swasta
SMK BPI 64,smk bpi 64,smk,,Kab. Bandung,69955233,school_pdf,,approved,Swasta
SMK BUDI BAKTI CIWIDEY,smk budi bakti ciwidey,smk,,Kab. Bandung,20227934,school_pdf,,approved,Swasta
SMK BUSTANUL ULUM,smk bustanul ulum,smk,,Kab. Bandung,20269316,school_pdf,,approved,Swasta
SMK CENDIKIA PASEH,smk cendikia paseh,smk,,Kab. Bandung,69774725,school_pdf,,approved,Swasta
SMK DHARMA AGUNG,smk dharma agung,smk,,Kab. Bandung,69725847,school_pdf,,approved,Swasta
SMK GPI SOLOKANJERUK,smk gpi solokanjeruk,smk,,Kab. Bandung,20271838,school_pdf,,approved,Swasta
SMK HANDAYANI BANJARAN,smk handayani banjaran,smk,,Kab. Bandung,20227940,school_pdf,,approved,Swasta
SMK INFORMATIKA TERPADU BANDUNG,smk informatika terpadu bandung,smk,,Kab. Bandung,20268699,school_pdf,,approved,Swasta
SMK ITIKURIH HIBARNA CIPARAY,smk itikurih hibarna ciparay,smk,,Kab. Bandung,20256565,school_pdf,,approved,Swasta
SMK KARYA PERMATA,smk karya permata,smk,,Kab. Bandung,20259581,school_pdf,,approved,Swasta
SMK KP 1 MAJALAYA,smk kp 1 majalaya,smk,,Kab. Bandung,20227945,school_pdf,,approved,Swasta
SMK KP BALEENDAH,smk kp baleendah,smk,,Kab. Bandung,20227949,school_pdf,,approved,Swasta
SMK KP PASEH,smk kp paseh,smk,,Kab. Bandung,69870903,school_pdf,,approved,Swasta
SMK MANDALASARI,smk mandalasari,smk,,Kab. Bandung,20259585,school_pdf,,approved,Swasta
SMAN 1 BEBER,sman 1 beber,sma,,Kab. Cirebon,20214968,school_pdf,,approved,Negeri
SMK MARGA INSAN KAMIL,smk marga insan kamil,smk,,Kab. Bandung,69876152,school_pdf,,approved,Swasta
SMK MARHAS MARGAHAYU,smk marhas margahayu,smk,,Kab. Bandung,20259586,school_pdf,,approved,Swasta
SMK MERDEKA SOREANG,smk merdeka soreang,smk,,Kab. Bandung,20228546,school_pdf,,approved,Swasta
SMK MUHAMMADIYAH MAJALAYA,smk muhammadiyah majalaya,smk,,Kab. Bandung,20227959,school_pdf,,approved,Swasta
SMK NEGERI SITURAJA,smk negeri situraja,smk,,Kab. Sumedang,20235632,school_pdf,,approved,Negeri
SMK PASUNDAN 1 BANJARAN,smk pasundan 1 banjaran,smk,,Kab. Bandung,20206223,school_pdf,,approved,Swasta
SMK PASUNDAN MAJALAYA,smk pasundan majalaya,smk,,Kab. Bandung,20256632,school_pdf,,approved,Swasta
SMK PEMBANGUNAN INDONESIA SUMEDANG,smk pembangunan indonesia sumedang,smk,,Kab. Sumedang,69964868,school_pdf,,approved,Swasta
SMK PENIDA 2 KATAPANG,smk penida 2 katapang,smk,,Kab. Bandung,20227964,school_pdf,,approved,Swasta
SMK PERINTIS,smk perintis,smk,,Kab. Bandung,20271839,school_pdf,,approved,Swasta
SMK PGRI 35 SOLOKAN JERUK,smk pgri 35 solokan jeruk,smk,,Kab. Bandung,20228549,school_pdf,,approved,Swasta
SMK PIB PASIRJAMBU,smk pib pasirjambu,smk,,Kab. Bandung,69831494,school_pdf,,approved,Swasta
SMK PLUS PRATAMA ADI,smk plus pratama adi,smk,,Kab. Bandung,20257433,school_pdf,,approved,Swasta
SMK PP NEGERI SUMEDANG,smk pp negeri sumedang,smk,,Kab. Sumedang,20254838,school_pdf,,approved,Negeri
SMK TAMANSISWA RANCAEKEK,smk tamansiswa rancaekek,smk,,Kab. Bandung,20227966,school_pdf,,approved,Swasta
SMK Taruna Harapan Bangsa,smk taruna harapan bangsa,smk,,Kab. Bandung,70030268,school_pdf,,approved,Swasta
SMK WIDYA UTAMA,smk widya utama,smk,,Kab. Bandung,20253960,school_pdf,,approved,Swasta
SMK YADIKA 2 CIJAGRA PASEH,smk yadika 2 cijagra paseh,smk,,Kab. Bandung,20256568,school_pdf,,approved,Swasta
SMK YADIKA SOREANG,smk yadika soreang,smk,,Kab. Bandung,69858468,school_pdf,,approved,Swasta
SMK YASTRIB,smk yastrib,smk,,Kab. Bandung,20272113,school_pdf,,approved,Swasta
SMK YPAI RAHAYU,smk ypai rahayu,smk,,Kab. Bandung,69812110,school_pdf,,approved,Swasta
SMKN 1 ARJASARI,smkn 1 arjasari,smk,,Kab. Bandung,69967685,school_pdf,,approved,Negeri
SMKN 1 CILENGKRANG,smkn 1 cilengkrang,smk,,Kab. Bandung,69929705,school_pdf,,approved,Negeri
SMKN 1 KATAPANG,smkn 1 katapang,smk,,Kab. Bandung,20206214,school_pdf,,approved,Negeri
SMKN 1 RANCAEKEK,smkn 1 rancaekek,smk,,Kab. Bandung,20229783,school_pdf,,approved,Negeri
SMKN 1 SOREANG,smkn 1 soreang,smk,,Kab. Bandung,20271834,school_pdf,,approved,Negeri
SMKN 1 SUMEDANG,smkn 1 sumedang,smk,,Kab. Sumedang,20208393,school_pdf,,approved,Negeri
SMKN 2 BALEENDAH,smkn 2 baleendah,smk,,Kab. Bandung,20206226,school_pdf,,approved,Negeri
SMKN 2 SUMEDANG,smkn 2 sumedang,smk,,Kab. Sumedang,20208394,school_pdf,,approved,Negeri
SMKN 3 BALEENDAH,smkn 3 baleendah,smk,,Kab. Bandung,20206225,school_pdf,,approved,Negeri
SMKN 5 PANGALENGAN,smkn 5 pangalengan,smk,,Kab. Bandung,20206215,school_pdf,,approved,Negeri
SMKN 7 BALEENDAH,smkn 7 baleendah,smk,,Kab. Bandung,20229784,school_pdf,,approved,Negeri
SMKS AL INSANI CICALENGKA,smks al insani cicalengka,smk,,Kab. Bandung,69956672,school_pdf,,approved,Swasta
SMKS AL MAMUN CIBUGEL,smks al mamun cibugel,smk,,Kab. Sumedang,60728700,school_pdf,,approved,Swasta
SMKS INFORMATIKA SUMEDANG,smks informatika sumedang,smk,,Kab. Sumedang,20235636,school_pdf,,approved,Swasta
SMKS KARYA NUSANTARA,smks karya nusantara,smk,,Kab. Bandung,69774724,school_pdf,,approved,Swasta
SMKS KORPRI SUMEDANG,smks korpri sumedang,smk,,Kab. Sumedang,20208395,school_pdf,,approved,Swasta
SMKS MA ARIF TERPADU CICALENGKA,smks ma arif terpadu cicalengka,smk,,Kab. Bandung,69956589,school_pdf,,approved,Swasta
SMKS NUR KAUTSAR,smks nur kautsar,smk,,Kab. Bandung,69726560,school_pdf,,approved,Swasta
SMKS PASUNDAN JATINANGOR,smks pasundan jatinangor,smk,,Kab. Sumedang,20254180,school_pdf,,approved,Swasta
SMKS PATRIOT SUMEDANG,smks patriot sumedang,smk,,Kab. Sumedang,20254178,school_pdf,,approved,Swasta
SMKS PERKASA 2 SUMEDANG,smks perkasa 2 sumedang,smk,,Kab. Sumedang,20208404,school_pdf,,approved,Swasta
SMKS PGRI 2 SUMEDANG,smks pgri 2 sumedang,smk,,Kab. Sumedang,20235639,school_pdf,,approved,Swasta
SMKS PGRI SITURAJA,smks pgri situraja,smk,,Kab. Sumedang,69812109,school_pdf,,approved,Swasta
SMAS PUTRA NIRMALA CIREBON,smas putra nirmala cirebon,sma,,Kota Cirebon,20222355,school_pdf,,approved,Swasta
SMKS WIDYA NUSANTARA SUMEDANG,smks widya nusantara sumedang,smk,,Kab. Sumedang,20235641,school_pdf,,approved,Swasta
SMKS YP GEUSAN ULUN,smks yp geusan ulun,smk,,Kab. Sumedang,20208400,school_pdf,,approved,Swasta
SMA NEGERI 1 CANTIGI,sma negeri 1 cantigi,sma,,Kab. Indramayu,69962245,school_pdf,,approved,Negeri
SMA NEGERI 1 SUKRA,sma negeri 1 sukra,sma,,Kab. Indramayu,69948448,school_pdf,,approved,Negeri
SMA NU KARANGANYAR,sma nu karanganyar,sma,,Kab. Indramayu,69880471,school_pdf,,approved,Swasta
SMA NURUL FAJRI,sma nurul fajri,sma,,Kab. Majalengka,69900793,school_pdf,,approved,Swasta
SMAN 1 BANTARUJEG,sman 1 bantarujeg,sma,,Kab. Majalengka,20213887,school_pdf,,approved,Negeri
SMAN 1 CIKIJING,sman 1 cikijing,sma,,Kab. Majalengka,20213873,school_pdf,,approved,Negeri
SMAN 1 JATIBARANG,sman 1 jatibarang,sma,,Kab. Indramayu,20215979,school_pdf,,approved,Negeri
SMAN 1 JATITUJUH,sman 1 jatitujuh,sma,,Kab. Majalengka,20213884,school_pdf,,approved,Negeri
SMAN 1 JUNTINYUAT,sman 1 juntinyuat,sma,,Kab. Indramayu,20264424,school_pdf,,approved,Negeri
SMAN 1 KADIPATEN,sman 1 kadipaten,sma,,Kab. Majalengka,20213897,school_pdf,,approved,Negeri
SMAN 1 KANDANGHAUR,sman 1 kandanghaur,sma,,Kab. Indramayu,20215978,school_pdf,,approved,Negeri
SMAN 1 KASOKANDEL,sman 1 kasokandel,sma,,Kab. Majalengka,20213883,school_pdf,,approved,Negeri
SMAN 1 KEDOKANBUNDER,sman 1 kedokanbunder,sma,,Kab. Indramayu,20264425,school_pdf,,approved,Negeri
SMAN 1 LIGUNG,sman 1 ligung,sma,,Kab. Majalengka,20213895,school_pdf,,approved,Negeri
SMAN 1 SINDANGWANGI,sman 1 sindangwangi,sma,,Kab. Majalengka,20258140,school_pdf,,approved,Negeri
SMAN 1 SUKAGUMIWANG,sman 1 sukagumiwang,sma,,Kab. Indramayu,20215977,school_pdf,,approved,Negeri
SMAN 1 SUMBERJAYA,sman 1 sumberjaya,sma,,Kab. Majalengka,20247182,school_pdf,,approved,Negeri
SMAN 1 TALAGA,sman 1 talaga,sma,,Kab. Majalengka,20213891,school_pdf,,approved,Negeri
SMAN 1 TERISI,sman 1 terisi,sma,,Kab. Indramayu,20215982,school_pdf,,approved,Negeri
SMAN 1 TUKDANA,sman 1 tukdana,sma,,Kab. Indramayu,20215983,school_pdf,,approved,Negeri
SMAN 2 INDRAMAYU,sman 2 indramayu,sma,,Kab. Indramayu,20215993,school_pdf,,approved,Negeri
SMAS DARUL FIKRI BUGIS,smas darul fikri bugis,sma,,Kab. Indramayu,20216211,school_pdf,,approved,Swasta
SMAS ISLAM AT-TAQWA KANDANGHAUR,smas islam at-taqwa kandanghaur,sma,,Kab. Indramayu,20216208,school_pdf,,approved,Swasta
SMAS MAARIF LOH BENER,smas maarif loh bener,sma,,Kab. Indramayu,20233751,school_pdf,,approved,Swasta
SMAS NU JUNTINYUAT,smas nu juntinyuat,sma,,Kab. Indramayu,20216201,school_pdf,,approved,Swasta
SMAS P MKGR KERTASEMAYA,smas p mkgr kertasemaya,sma,,Kab. Indramayu,20216197,school_pdf,,approved,Swasta
SMAS PGRI 1 SINDANG,smas pgri 1 sindang,sma,,Kab. Indramayu,20216196,school_pdf,,approved,Swasta
SMAS PGRI GABUS WETAN,smas pgri gabus wetan,sma,,Kab. Indramayu,20215990,school_pdf,,approved,Swasta
SMAS YSMP CANDRADIMUKA,smas ysmp candradimuka,sma,,Kab. Indramayu,20216212,school_pdf,,approved,Swasta
SMK AL MUSTAQIM CIKEDUNG,smk al mustaqim cikedung,smk,,Kab. Indramayu,69947092,school_pdf,,approved,Swasta
SMK AL MUSTHOFA INDRAMAYU,smk al musthofa indramayu,smk,,Kab. Indramayu,69948290,school_pdf,,approved,Swasta
SMK BENTENG PANCASILA,smk benteng pancasila,smk,,Kab. Indramayu,69947224,school_pdf,,approved,Swasta
SMK Bhak Pasundan,smk bhak pasundan,smk,,Kab. Indramayu,70029069,school_pdf,,approved,Swasta
SMK BINA WIRAUSAHA TALAGA,smk bina wirausaha talaga,smk,,Kab. Majalengka,69764522,school_pdf,,approved,Swasta
SMK DZUL ZALALI WA IKROM ANJATAN,smk dzul zalali wa ikrom anjatan,smk,,Kab. Indramayu,69945952,school_pdf,,approved,Swasta
SMK Insan Kamil,smk insan kamil,smk,,Kab. Indramayu,69894394,school_pdf,,approved,Swasta
SMK ISLAM TERPADU SABILILLAH,smk islam terpadu sabilillah,smk,,Kab. Indramayu,70004640,school_pdf,,approved,Swasta
SMK KORPRI MAJALENGKA,smk korpri majalengka,smk,,Kab. Majalengka,20213854,school_pdf,,approved,Swasta
SMK MAARIF AL MIZAN,smk maarif al mizan,smk,,Kab. Majalengka,69893742,school_pdf,,approved,Swasta
SMK MADINATUL ROSUL LOHBENER,smk madinatul rosul lohbener,smk,,Kab. Indramayu,69945954,school_pdf,,approved,Swasta
SMK NAHDLATUL ULAMA KRANGKENG,smk nahdlatul ulama krangkeng,smk,,Kab. Indramayu,20268575,school_pdf,,approved,Swasta
SMK NAHDLATUL ULAMA LOSARANG,smk nahdlatul ulama losarang,smk,,Kab. Indramayu,69849580,school_pdf,,approved,Swasta
SMK NU AL BASYARIYAH KEDOKANBUNDER,smk nu al basyariyah kedokanbunder,smk,,Kab. Indramayu,20269849,school_pdf,,approved,Swasta
SMK NU AMPERA,smk nu ampera,smk,,Kab. Indramayu,69887367,school_pdf,,approved,Swasta
SMK NU CIKEDUNG,smk nu cikedung,smk,,Kab. Indramayu,69849585,school_pdf,,approved,Swasta
SMK NU DARMA AJI,smk nu darma aji,smk,,Kab. Indramayu,69947287,school_pdf,,approved,Swasta
SMK NU LEMAH AYU,smk nu lemah ayu,smk,,Kab. Indramayu,69889032,school_pdf,,approved,Swasta
SMK NU PEMBANGUNAN BONGAS,smk nu pembangunan bongas,smk,,Kab. Indramayu,69831539,school_pdf,,approved,Swasta
SMK NUSANTARA AKHFAS,smk nusantara akhfas,smk,,Kab. Indramayu,69939998,school_pdf,,approved,Swasta
SMK SENI INDRAMAYU,smk seni indramayu,smk,,Kab. Indramayu,69888852,school_pdf,,approved,Swasta
SMK YPIB MAJALENGKA,smk ypib majalengka,smk,,Kab. Majalengka,20247195,school_pdf,,approved,Swasta
SMKN 1 ANJATAN,smkn 1 anjatan,smk,,Kab. Indramayu,20216005,school_pdf,,approved,Negeri
SMKN 1 ARAHAN,smkn 1 arahan,smk,,Kab. Indramayu,20271076,school_pdf,,approved,Negeri
SMKN 1 BALONGAN,smkn 1 balongan,smk,,Kab. Indramayu,20233758,school_pdf,,approved,Negeri
SMKN 1 BONGAS,smkn 1 bongas,smk,,Kab. Indramayu,20233759,school_pdf,,approved,Negeri
SMKN 1 INDRAMAYU,smkn 1 indramayu,smk,,Kab. Indramayu,20216004,school_pdf,,approved,Negeri
SMKN 1 JATIBARANG,smkn 1 jatibarang,smk,,Kab. Indramayu,20233761,school_pdf,,approved,Negeri
SMKN 1 KANDANGHAUR,smkn 1 kandanghaur,smk,,Kab. Indramayu,20216003,school_pdf,,approved,Negeri
SMKN 1 KERTAJATI,smkn 1 kertajati,smk,,Kab. Majalengka,20263964,school_pdf,,approved,Negeri
SMKN 1 KRANGKENG,smkn 1 krangkeng,smk,,Kab. Indramayu,20241355,school_pdf,,approved,Negeri
SMKN 1 LELEA,smkn 1 lelea,smk,,Kab. Indramayu,20216002,school_pdf,,approved,Negeri
SMKN 1 LEMAHSUGIH,smkn 1 lemahsugih,smk,,Kab. Majalengka,20263968,school_pdf,,approved,Negeri
SMKN 1 LEUWIMUNDING,smkn 1 leuwimunding,smk,,Kab. Majalengka,69944965,school_pdf,,approved,Negeri
SMKN 1 LOSARANG,smkn 1 losarang,smk,,Kab. Indramayu,20216001,school_pdf,,approved,Negeri
SMKN 1 MAJA,smkn 1 maja,smk,,Kab. Majalengka,20213857,school_pdf,,approved,Negeri
SMKN 1 MALAUSMA,smkn 1 malausma,smk,,Kab. Majalengka,69812059,school_pdf,,approved,Negeri
SMKN 1 PALASAH,smkn 1 palasah,smk,,Kab. Majalengka,20247197,school_pdf,,approved,Negeri
SMKN 1 PANYINGKIRAN,smkn 1 panyingkiran,smk,,Kab. Majalengka,20247198,school_pdf,,approved,Negeri
SMKN 1 SINDANG,smkn 1 sindang,smk,,Kab. Indramayu,20215998,school_pdf,,approved,Negeri
SMKN 1 SUKRA,smkn 1 sukra,smk,,Kab. Indramayu,20255284,school_pdf,,approved,Negeri
SMKN 1 TALAGA,smkn 1 talaga,smk,,Kab. Majalengka,20213872,school_pdf,,approved,Negeri
SMKN 2 INDRAMAYU,smkn 2 indramayu,smk,,Kab. Indramayu,20215997,school_pdf,,approved,Negeri
SMKS AL HUDA KEDUNGWUNGU,smks al huda kedungwungu,smk,,Kab. Indramayu,20253847,school_pdf,,approved,Swasta
SMKS An Nur Sukagumiwang,smks an nur sukagumiwang,smk,,Kab. Indramayu,69754611,school_pdf,,approved,Swasta
SMKS BANGUN BANGSA MANDIRI,smks bangun bangsa mandiri,smk,,Kab. Indramayu,20233754,school_pdf,,approved,Swasta
SMKS CENDEKIA WANASARI,smks cendekia wanasari,smk,,Kab. Indramayu,20253554,school_pdf,,approved,Swasta
SMKS DARUL ULUM KERTASEMAYA,smks darul ulum kertasemaya,smk,,Kab. Indramayu,20268572,school_pdf,,approved,Swasta
SMKS Dharma Negara,smks dharma negara,smk,,Kab. Indramayu,69786575,school_pdf,,approved,Swasta
SMKS ENDANG DARMA AYU INDRAMAYU,smks endang darma ayu indramayu,smk,,Kab. Indramayu,20216010,school_pdf,,approved,Swasta
SMKS HASANUDIN KANDANGHAUR,smks hasanudin kandanghaur,smk,,Kab. Indramayu,20253107,school_pdf,,approved,Swasta
SMAN 1 BABAKAN,sman 1 babakan,sma,,Kab. Cirebon,20214969,school_pdf,,approved,Negeri
SMKS IBS TATHMAINUL QULUUB,smks ibs tathmainul quluub,smk,,Kab. Indramayu,20271883,school_pdf,,approved,Swasta
SMKS ISLAM AL MUAMMILIN,smks islam al muammilin,smk,,Kab. Indramayu,20268573,school_pdf,,approved,Swasta
SMKS KEBANGSAAN LOSARANG,smks kebangsaan losarang,smk,,Kab. Indramayu,20253564,school_pdf,,approved,Swasta
SMKS MIFTAHUL JANNAH LELEA,smks miftahul jannah lelea,smk,,Kab. Indramayu,69759191,school_pdf,,approved,Swasta
SMKS MUHAMMADIYAH HAURGEULIS,smks muhammadiyah haurgeulis,smk,,Kab. Indramayu,20216007,school_pdf,,approved,Swasta
SMKS NASIONAL INDRAMAYU,smks nasional indramayu,smk,,Kab. Indramayu,20215973,school_pdf,,approved,Swasta
SMKS NASIONAL JATIWANGI,smks nasional jatiwangi,smk,,Kab. Majalengka,69764523,school_pdf,,approved,Swasta
SMKS NU KAPLONGAN,smks nu kaplongan,smk,,Kab. Indramayu,20215996,school_pdf,,approved,Swasta
SMKS NU KERTASEMAYA,smks nu kertasemaya,smk,,Kab. Indramayu,20268574,school_pdf,,approved,Swasta
SMKS Pembaharuan Gantar,smks pembaharuan gantar,smk,,Kab. Indramayu,69786578,school_pdf,,approved,Swasta
SMKS PEMBANGUNAN TUKDANA,smks pembangunan tukdana,smk,,Kab. Indramayu,20270665,school_pdf,,approved,Swasta
SMKS PERJUANGAN BANGSA LIGUNG,smks perjuangan bangsa ligung,smk,,Kab. Majalengka,20263967,school_pdf,,approved,Swasta
SMKS PGRI DAWUAN,smks pgri dawuan,smk,,Kab. Majalengka,20213856,school_pdf,,approved,Swasta
SMKS PGRI JATIBARANG,smks pgri jatibarang,smk,,Kab. Indramayu,20215971,school_pdf,,approved,Swasta
SMKS BANI KAMIL,smks bani kamil,smk,,Kab. Tasikmalaya,69966602,school_pdf,,approved,Swasta
SMKS PGRI JATIWANGI,smks pgri jatiwangi,smk,,Kab. Majalengka,20247189,school_pdf,,approved,Swasta
SMKS PUI CIKIJING,smks pui cikijing,smk,,Kab. Majalengka,20247190,school_pdf,,approved,Swasta
SMKS TELADAN KERTASEMAYA,smks teladan kertasemaya,smk,,Kab. Indramayu,20215947,school_pdf,,approved,Swasta
SMKS YABUJAH SEGERAN,smks yabujah segeran,smk,,Kab. Indramayu,20255767,school_pdf,,approved,Swasta
SMA NEGERI 1 CIBINGBIN,sma negeri 1 cibingbin,sma,,Kab. Kuningan,20212954,school_pdf,,approved,Negeri
SMA NEGERI 1 CINIRU,sma negeri 1 ciniru,sma,,Kab. Kuningan,20212949,school_pdf,,approved,Negeri
SMA NEGERI 1 CIWARU,sma negeri 1 ciwaru,sma,,Kab. Kuningan,20212950,school_pdf,,approved,Negeri
SMA NEGERI 1 GARAWANGI,sma negeri 1 garawangi,sma,,Kab. Kuningan,20212951,school_pdf,,approved,Negeri
SMA NEGERI 1 JALAKSANA,sma negeri 1 jalaksana,sma,,Kab. Kuningan,20212963,school_pdf,,approved,Negeri
SMA NEGERI 1 LEBAKWANGI,sma negeri 1 lebakwangi,sma,,Kab. Kuningan,20212960,school_pdf,,approved,Negeri
SMA NEGERI 1 LURAGUNG,sma negeri 1 luragung,sma,,Kab. Kuningan,20212959,school_pdf,,approved,Negeri
SMA NEGERI 1 PASAWAHAN,sma negeri 1 pasawahan,sma,,Kab. Kuningan,20246367,school_pdf,,approved,Negeri
SMA NEGERI 1 SUBANG,sma negeri 1 subang,sma,,Kab. Kuningan,20212957,school_pdf,,approved,Negeri
SMAN 1 ASTANAJAPURA,sman 1 astanajapura,sma,,Kab. Cirebon,20214970,school_pdf,,approved,Negeri
SMAN 1 DUKUPUNTANG,sman 1 dukupuntang,sma,,Kab. Cirebon,20214965,school_pdf,,approved,Negeri
SMAN 1 KARANG WARENG,sman 1 karang wareng,sma,,Kab. Cirebon,20214986,school_pdf,,approved,Negeri
SMAN 1 LEMAHABANG,sman 1 lemahabang,sma,,Kab. Cirebon,20214995,school_pdf,,approved,Negeri
SMAN 1 LOSARI,sman 1 losari,sma,,Kab. Cirebon,20214993,school_pdf,,approved,Negeri
SMAN 1 PABEDILAN,sman 1 pabedilan,sma,,Kab. Cirebon,20214992,school_pdf,,approved,Negeri
SMAN 1 SURANENGGALA,sman 1 suranenggala,sma,,Kab. Cirebon,20214981,school_pdf,,approved,Negeri
SMAN 1 SUSUKAN,sman 1 susukan,sma,,Kab. Cirebon,20244680,school_pdf,,approved,Negeri
SMAN 5 CIREBON,sman 5 cirebon,sma,,Kota Cirebon,20222384,school_pdf,,approved,Negeri
SMAN 8 CIREBON,sman 8 cirebon,sma,,Kota Cirebon,20222166,school_pdf,,approved,Negeri
SMAN 9 CIREBON,sman 9 cirebon,sma,,Kota Cirebon,20222167,school_pdf,,approved,Negeri
SMAS MUHAMMADIYAH LEMAHABANG,smas muhammadiyah lemahabang,sma,,Kab. Cirebon,20244672,school_pdf,,approved,Swasta
SMAS NU CILEDUG,smas nu ciledug,sma,,Kab. Cirebon,20215021,school_pdf,,approved,Swasta
SMAS NU LEMAHABANG,smas nu lemahabang,sma,,Kab. Cirebon,20244673,school_pdf,,approved,Swasta
SMAS PGRI BABAKAN,smas pgri babakan,sma,,Kab. Cirebon,20244676,school_pdf,,approved,Swasta
SMAS PGRI PALIMANAN,smas pgri palimanan,sma,,Kab. Cirebon,20214979,school_pdf,,approved,Swasta
SMAS SYARIF HIDAYATULLAH CIREBON,smas syarif hidayatullah cirebon,sma,,Kota Cirebon,20222360,school_pdf,,approved,Swasta
SMAS WINDU WACANA CIREBON,smas windu wacana cirebon,sma,,Kota Cirebon,20222363,school_pdf,,approved,Swasta
SMAS YAPISA DUKUPUNTANG,smas yapisa dukupuntang,sma,,Kab. Cirebon,20214973,school_pdf,,approved,Swasta
SMK AL ASYARIYAH,smk al asyariyah,smk,,Kab. Cirebon,69934870,school_pdf,,approved,Swasta
SMK AL IHYA SELAJAMBE KUNINGAN,smk al ihya selajambe kuningan,smk,,Kab. Kuningan,20252248,school_pdf,,approved,Swasta
SMK As-Salayah,smk as-salayah,smk,,Kab. Cirebon,20214823,school_pdf,,approved,Swasta
SMK AUTO MATSUDA,smk auto matsuda,smk,,Kab. Kuningan,20229252,school_pdf,,approved,Swasta
SMK BUDI BHAKTI MANDIRANCAN,smk budi bhakti mandirancan,smk,,Kab. Kuningan,20212935,school_pdf,,approved,Swasta
SMK CIBENING,smk cibening,smk,,Kab. Kuningan,69942119,school_pdf,,approved,Swasta
SMK GENTRA PASUNDAN KUNINGAN,smk gentra pasundan kuningan,smk,,Kab. Kuningan,69843184,school_pdf,,approved,Swasta
SMK Ilman Naah Cirebon,smk ilman naah cirebon,smk,,Kab. Cirebon,69899937,school_pdf,,approved,Swasta
SMK KARYA NASIONAL KUNINGAN,smk karya nasional kuningan,smk,,Kab. Kuningan,20212918,school_pdf,,approved,Swasta
SMK MODEL PATRIOT IV CIAWIGEBANG,smk model patriot iv ciawigebang,smk,,Kab. Kuningan,20212916,school_pdf,,approved,Swasta
SMK MUHAMMADIYAH 2 KUNINGAN,smk muhammadiyah 2 kuningan,smk,,Kab. Kuningan,20212915,school_pdf,,approved,Swasta
SMK Muhammadiyah Gebang,smk muhammadiyah gebang,smk,,Kab. Cirebon,69925462,school_pdf,,approved,Swasta
SMK NEGERI 1 CILIMUS,smk negeri 1 cilimus,smk,,Kab. Kuningan,20279827,school_pdf,,approved,Negeri
SMK NEGERI 1 JAPARA,smk negeri 1 japara,smk,,Kab. Kuningan,20268872,school_pdf,,approved,Negeri
SMAN 17 GARUT,sman 17 garut,sma,,Kab. Garut,20227472,school_pdf,,approved,Negeri
SMK NEGERI 1 KUNINGAN,smk negeri 1 kuningan,smk,,Kab. Kuningan,20212913,school_pdf,,approved,Negeri
SMK NEGERI 1 LURAGUNG,smk negeri 1 luragung,smk,,Kab. Kuningan,20254692,school_pdf,,approved,Negeri
SMK NEGERI 2 KUNINGAN,smk negeri 2 kuningan,smk,,Kab. Kuningan,20212912,school_pdf,,approved,Negeri
SMK NEGERI 3 KUNINGAN,smk negeri 3 kuningan,smk,,Kab. Kuningan,20212911,school_pdf,,approved,Negeri
SMK NEGERI 4 KUNINGAN,smk negeri 4 kuningan,smk,,Kab. Kuningan,20246369,school_pdf,,approved,Negeri
SMK NEGERI 5 KUNINGAN,smk negeri 5 kuningan,smk,,Kab. Kuningan,20246370,school_pdf,,approved,Negeri
SMK PERSADA KUNINGAN,smk persada kuningan,smk,,Kab. Kuningan,69946248,school_pdf,,approved,Swasta
SMK PGRI CIAWIGEBANG,smk pgri ciawigebang,smk,,Kab. Kuningan,20212920,school_pdf,,approved,Swasta
SMK PRESIDEN CIREBON,smk presiden cirebon,smk,,Kota Cirebon,69929094,school_pdf,,approved,Swasta
SMK TARUNA BHAKTI KADUGEDE,smk taruna bhakti kadugede,smk,,Kab. Kuningan,20212922,school_pdf,,approved,Swasta
SMKN 1 GEBANG,smkn 1 gebang,smk,,Kab. Cirebon,20253778,school_pdf,,approved,Negeri
SMKN 1 GUNUNG JATI,smkn 1 gunung jati,smk,,Kab. Cirebon,20268734,school_pdf,,approved,Negeri
SMKN 1 LEMAHABANG,smkn 1 lemahabang,smk,,Kab. Cirebon,20244700,school_pdf,,approved,Negeri
SMKN 1 MUNDU,smkn 1 mundu,smk,,Kab. Cirebon,20214795,school_pdf,,approved,Negeri
SMKN 1 SUSUKAN,smkn 1 susukan,smk,,Kab. Cirebon,20214794,school_pdf,,approved,Negeri
SMKN 2 CIREBON,smkn 2 cirebon,smk,,Kota Cirebon,20222175,school_pdf,,approved,Negeri
SMKS AL JABBAR CILEDUG CIREBON,smks al jabbar ciledug cirebon,smk,,Kab. Cirebon,20244682,school_pdf,,approved,Swasta
SMKS AL MUSYAWIRIN WERU CIREBON,smks al musyawirin weru cirebon,smk,,Kab. Cirebon,20214984,school_pdf,,approved,Swasta
SMKS AS SALAM GEGESIK,smks as salam gegesik,smk,,Kab. Cirebon,20214983,school_pdf,,approved,Swasta
SMKS ASY SYAHIDA DUKUPUNTANG,smks asy syahida dukupuntang,smk,,Kab. Cirebon,20271756,school_pdf,,approved,Swasta
SMKS BINA CENDEKIA CIREBON,smks bina cendekia cirebon,smk,,Kab. Cirebon,69766973,school_pdf,,approved,Swasta
SMKS BINA WARGA LEMAHABANG,smks bina warga lemahabang,smk,,Kab. Cirebon,20244683,school_pdf,,approved,Swasta
SMKS BUDI TRESNA CIREBON,smks budi tresna cirebon,smk,,Kab. Cirebon,20244684,school_pdf,,approved,Swasta
SMKS DARUL KAWAKIB,smks darul kawakib,smk,,Kab. Cirebon,20271759,school_pdf,,approved,Swasta
SMKS DELTA MUNDU CIREBON,smks delta mundu cirebon,smk,,Kab. Cirebon,20244685,school_pdf,,approved,Swasta
SMKS GRACIKA CIREBON,smks gracika cirebon,smk,,Kota Cirebon,20222172,school_pdf,,approved,Swasta
SMKS ISDA BABAKAN,smks isda babakan,smk,,Kab. Cirebon,20214804,school_pdf,,approved,Swasta
SMKS ISLAMIC CENTRE,smks islamic centre,smk,,Kab. Cirebon,20214803,school_pdf,,approved,Swasta
SMKS MANBAUL ULUM,smks manbaul ulum,smk,,Kab. Cirebon,20214964,school_pdf,,approved,Swasta
SMKS MEKANIKA,smks mekanika,smk,,Kab. Cirebon,20244687,school_pdf,,approved,Swasta
SMKS MUHAMMADIYAH CILEDUG,smks muhammadiyah ciledug,smk,,Kab. Cirebon,20214797,school_pdf,,approved,Swasta
SMKS MUHAMMADIYAH KEDAWUNG,smks muhammadiyah kedawung,smk,,Kab. Cirebon,20214798,school_pdf,,approved,Swasta
SMKS MUHAMMADIYAH LEMAHABANG CIREBON,smks muhammadiyah lemahabang cirebon,smk,,Kab. Cirebon,20244688,school_pdf,,approved,Swasta
SMKS NASYRUL ULUM GEGESIK,smks nasyrul ulum gegesik,smk,,Kab. Cirebon,69752443,school_pdf,,approved,Swasta
SMKS PAHLAWAN,smks pahlawan,smk,,Kab. Cirebon,69769404,school_pdf,,approved,Swasta
SMKS PGRI 2 PALIMANAN CIREBON,smks pgri 2 palimanan cirebon,smk,,Kab. Cirebon,20214807,school_pdf,,approved,Swasta
SMKS PLUS AL-HILAL ARJAWINANGUN,smks plus al-hilal arjawinangun,smk,,Kab. Cirebon,69758451,school_pdf,,approved,Swasta
SMKS PLUS FATAHILLAH,smks plus fatahillah,smk,,Kab. Cirebon,20214808,school_pdf,,approved,Swasta
SMKS PONPES MANBAUUL ULUM,smks ponpes manbauul ulum,smk,,Kab. Cirebon,20246375,school_pdf,,approved,Swasta
SMKS PUI GEGESIK,smks pui gegesik,smk,,Kab. Cirebon,69725986,school_pdf,,approved,Swasta
SMAS MAARIF PEUNDEUY,smas maarif peundeuy,sma,,Kab. Garut,20227440,school_pdf,,approved,Swasta
SMKS SAHIDA LEMAHABANG,smks sahida lemahabang,smk,,Kab. Cirebon,20244693,school_pdf,,approved,Swasta
SMKS SAMUDRA NUSANTARA CIREBON,smks samudra nusantara cirebon,smk,,Kab. Cirebon,20214822,school_pdf,,approved,Swasta
SMKS SULTAN AGUNG SUMBER,smks sultan agung sumber,smk,,Kab. Cirebon,20214821,school_pdf,,approved,Swasta
SMKS TAMAN KARYA MADYA EKONOMI CIREBON,smks taman karya madya ekonomi cirebon,smk,,Kota Cirebon,20222169,school_pdf,,approved,Swasta
SMKS TAMAN KARYA MADYA TEKNIK,smks taman karya madya teknik,smk,,Kota Cirebon,20222310,school_pdf,,approved,Swasta
SMKS TEKNIK BAKTI PERSADA,smks teknik bakti persada,smk,,Kab. Cirebon,20214820,school_pdf,,approved,Swasta
SMKS ULIL ALBAB DEPOK,smks ulil albab depok,smk,,Kab. Cirebon,20214818,school_pdf,,approved,Swasta
SMKS WAHIDIN ARJAWINANGUN,smks wahidin arjawinangun,smk,,Kab. Cirebon,20244696,school_pdf,,approved,Swasta
SMKS WAHIDIN CIREBON,smks wahidin cirebon,smk,,Kota Cirebon,20222163,school_pdf,,approved,Swasta
SMKS WIDYA UTAMA CIREBON,smks widya utama cirebon,smk,,Kota Cirebon,20222150,school_pdf,,approved,Swasta
SMKS YALIS ASTANAJAPURA,smks yalis astanajapura,smk,,Kab. Cirebon,20214817,school_pdf,,approved,Swasta
SMKS YAMI WALED,smks yami waled,smk,,Kab. Cirebon,20214816,school_pdf,,approved,Swasta
SMKS YASMI GEBANG,smks yasmi gebang,smk,,Kab. Cirebon,20254079,school_pdf,,approved,Swasta
SMA ISLAM MEKARBAKTI BUNGBULANG,sma islam mekarbakti bungbulang,sma,,Kab. Garut,20262037,school_pdf,,approved,Swasta
SMA ISLAM TERPADU AL-FALAH BUNGBULANG,sma islam terpadu al-falah bungbulang,sma,,Kab. Garut,69830402,school_pdf,,approved,Swasta
SMA IT NURUL HUDA KAIMAS,sma it nurul huda kaimas,sma,,Kab. Garut,69896045,school_pdf,,approved,Swasta
SMA NUSA BANGSA,sma nusa bangsa,sma,,Kab. Garut,69948400,school_pdf,,approved,Swasta
SMA PLUS AL-HIDAYAH CILAWU,sma plus al-hidayah cilawu,sma,,Kab. Garut,20271843,school_pdf,,approved,Swasta
SMAN 10 GARUT,sman 10 garut,sma,,Kab. Garut,20227468,school_pdf,,approved,Negeri
SMAN 16 GARUT,sman 16 garut,sma,,Kab. Garut,20209237,school_pdf,,approved,Negeri
SMAN 18 GARUT,sman 18 garut,sma,,Kab. Garut,20209182,school_pdf,,approved,Negeri
SMAN 21 GARUT,sman 21 garut,sma,,Kab. Garut,20209194,school_pdf,,approved,Negeri
SMAN 25 GARUT,sman 25 garut,sma,,Kab. Garut,20227457,school_pdf,,approved,Negeri
SMAN 27 GARUT,sman 27 garut,sma,,Kab. Garut,20227461,school_pdf,,approved,Negeri
SMAN 29 GARUT,sman 29 garut,sma,,Kab. Garut,69753909,school_pdf,,approved,Negeri
SMAN 4 GARUT,sman 4 garut,sma,,Kab. Garut,20227463,school_pdf,,approved,Negeri
SMAN 6 GARUT,sman 6 garut,sma,,Kab. Garut,20227475,school_pdf,,approved,Negeri
SMAN 8 GARUT,sman 8 garut,sma,,Kab. Garut,20227464,school_pdf,,approved,Negeri
SMAN 9 GARUT,sman 9 garut,sma,,Kab. Garut,20227469,school_pdf,,approved,Negeri
SMAS MUHAMMADIYAH BANYURESMI,smas muhammadiyah banyuresmi,sma,,Kab. Garut,20227442,school_pdf,,approved,Swasta
SMAS PGRI CIBATU,smas pgri cibatu,sma,,Kab. Garut,20227450,school_pdf,,approved,Swasta
SMAS PGRI KURNIA,smas pgri kurnia,sma,,Kab. Garut,20227449,school_pdf,,approved,Swasta
SMAS SETIA BHAKTI CILAWU,smas setia bhakti cilawu,sma,,Kab. Garut,20227453,school_pdf,,approved,Swasta
SMAS YPI PULOSARI LIMBANGAN,smas ypi pulosari limbangan,sma,,Kab. Garut,20209186,school_pdf,,approved,Swasta
SMK AL-HIKMAH 2 GARUT,smk al-hikmah 2 garut,smk,,Kab. Garut,69899806,school_pdf,,approved,Swasta
SMK AS SALWA LIMBANGAN,smk as salwa limbangan,smk,,Kab. Garut,69899300,school_pdf,,approved,Swasta
SMK BHAKTI INSAN CENDEKIA,smk bhakti insan cendekia,smk,,Kab. Garut,69931788,school_pdf,,approved,Swasta
SMK IT AL-ANWARY,smk it al-anwary,smk,,Kab. Garut,69925315,school_pdf,,approved,Swasta
SMK MUHAMMADIYAH 3 KADUNGORA,smk muhammadiyah 3 kadungora,smk,,Kab. Garut,20279893,school_pdf,,approved,Swasta
SMK PLUS AL ISTIQOMAH SAMARANG,smk plus al istiqomah samarang,smk,,Kab. Garut,69758140,school_pdf,,approved,Swasta
SMK PLUS GODOG,smk plus godog,smk,,Kab. Garut,69864690,school_pdf,,approved,Swasta
SMK Plus Nurul Huda Pasirwangi,smk plus nurul huda pasirwangi,smk,,Kab. Garut,69888821,school_pdf,,approved,Swasta
SMK SADAM CISURUPAN,smk sadam cisurupan,smk,,Kab. Garut,69899030,school_pdf,,approved,Swasta
SMK TUNAS NUSANTARA GARUT,smk tunas nusantara garut,smk,,Kab. Garut,69944250,school_pdf,,approved,Swasta
SMKN 12 GARUT,smkn 12 garut,smk,,Kab. Garut,20254283,school_pdf,,approved,Negeri
SMKN 14 GARUT,smkn 14 garut,smk,,Kab. Garut,60730359,school_pdf,,approved,Negeri
SMKN 2 GARUT,smkn 2 garut,smk,,Kab. Garut,20209203,school_pdf,,approved,Negeri
SMKN 4 GARUT,smkn 4 garut,smk,,Kab. Garut,20209208,school_pdf,,approved,Negeri
SMKS AL GHIFARI BANYURESMI,smks al ghifari banyuresmi,smk,,Kab. Garut,20257237,school_pdf,,approved,Swasta
SMKS AL HIKMAH TAROGONG KALER,smks al hikmah tarogong kaler,smk,,Kab. Garut,20262088,school_pdf,,approved,Swasta
SMKS ASSHIDDIQIYAH,smks asshiddiqiyah,smk,,Kab. Garut,20258299,school_pdf,,approved,Swasta
SMKS BMI CIKAJANG,smks bmi cikajang,smk,,Kab. Garut,20271212,school_pdf,,approved,Swasta
SMKS DARUL MUKMININ,smks darul mukminin,smk,,Kab. Garut,69725567,school_pdf,,approved,Swasta
SMKS FAUZANIYYAH,smks fauzaniyyah,smk,,Kab. Garut,20262092,school_pdf,,approved,Swasta
SMKS HIKMAH GARUT,smks hikmah garut,smk,,Kab. Garut,20209206,school_pdf,,approved,Swasta
SMKS IT AL MAMUN,smks it al mamun,smk,,Kab. Garut,69756585,school_pdf,,approved,Swasta
SMKS MAARIF GARUT,smks maarif garut,smk,,Kab. Garut,20209231,school_pdf,,approved,Swasta
SMKS MEKARMUKTI,smks mekarmukti,smk,,Kab. Garut,69753550,school_pdf,,approved,Swasta
SMKS MUHAMMADIYAH HARUMANSARI,smks muhammadiyah harumansari,smk,,Kab. Garut,20267756,school_pdf,,approved,Swasta
SMKS MUHAMMADIYAH KADUNGORA,smks muhammadiyah kadungora,smk,,Kab. Garut,20209210,school_pdf,,approved,Swasta
SMKS NUURUL MUTTAQIIN CISURUPAN,smks nuurul muttaqiin cisurupan,smk,,Kab. Garut,20209233,school_pdf,,approved,Swasta
SMKS PASUNDAN 2 GARUT,smks pasundan 2 garut,smk,,Kota Kab. Garut,20209244,school_pdf,,approved,Swasta
SMKS PGRI SELAAWI,smks pgri selaawi,smk,,Kab. Garut,20262109,school_pdf,,approved,Swasta
SMKS PLUS AL FALAH BIRU TAROGONG KIDUL,smks plus al falah biru tarogong kidul,smk,,Kab. Garut,20227477,school_pdf,,approved,Swasta
SMKS PLUS AL-HIDAYAH CILAWU,smks plus al-hidayah cilawu,smk,,Kab. Garut,69971232,school_pdf,,approved,Swasta
SMKS PLUS SUKARAJA,smks plus sukaraja,smk,,Kab. Garut,20268980,school_pdf,,approved,Swasta
SMKS SANTANA 1 CIBATU GARUT,smks santana 1 cibatu garut,smk,,Kab. Garut,20209199,school_pdf,,approved,Swasta
SMKS WIKRAMA 1 GARUT,smks wikrama 1 garut,smk,,Kab. Garut,20275997,school_pdf,,approved,Swasta
SMKS YABP GARUT,smks yabp garut,smk,,Kab. Garut,69753910,school_pdf,,approved,Swasta
SMKS YPPT GARUT,smks yppt garut,smk,,Kab. Garut,20209196,school_pdf,,approved,Swasta
SMA ISLAM CIPICUNG,sma islam cipicung,sma,,Kab. Tasikmalaya,20238547,school_pdf,,approved,Swasta
SMA KYAI HAJI SAEPUDIN ZUHRI,sma kyai haji saepudin zuhri,sma,,Kab. Tasikmalaya,70011500,school_pdf,,approved,Swasta
SMA NEGERI 1 SALOPA,sma negeri 1 salopa,sma,,Kab. Tasikmalaya,69964365,school_pdf,,approved,Negeri
SMA Negeri 10 Tasikmalaya,sma negeri 10 tasikmalaya,sma,,Kota Tasikmalaya,20251819,school_pdf,,approved,Negeri
SMA Negeri 4 Tasikmalaya,sma negeri 4 tasikmalaya,sma,,Kota Tasikmalaya,20224508,school_pdf,,approved,Negeri
SMA Negeri 6 Tasikmalaya,sma negeri 6 tasikmalaya,sma,,Kota Tasikmalaya,20224506,school_pdf,,approved,Negeri
SMA Negeri 7 Tasikmalaya,sma negeri 7 tasikmalaya,sma,,Kota Tasikmalaya,20224505,school_pdf,,approved,Negeri
SMA Negeri 9 Tasikmalaya,sma negeri 9 tasikmalaya,sma,,Kota Tasikmalaya,20224514,school_pdf,,approved,Negeri
SMA QURâ€TMAN PESANTREN CIPANSOR,sma qurâ€tman pesantren cipansor,sma,,Kab. Tasikmalaya,70038414,school_pdf,,approved,Swasta
SMA TERPADU SALMAN AL-FARISI,sma terpadu salman al-farisi,sma,,Kab. Tasikmalaya,69934731,school_pdf,,approved,Swasta
SMAN 1 BANTARKALONG,sman 1 bantarkalong,sma,,Kab. Tasikmalaya,20262716,school_pdf,,approved,Negeri
SMAN 1 CIKALONG,sman 1 cikalong,sma,,Kab. Tasikmalaya,20210767,school_pdf,,approved,Negeri
SMAN 1 CIKATOMAS,sman 1 cikatomas,sma,,Kab. Tasikmalaya,20210766,school_pdf,,approved,Negeri
SMAN 1 CIPATUJAH,sman 1 cipatujah,sma,,Kab. Tasikmalaya,20210764,school_pdf,,approved,Negeri
SMAN 1 CISAYONG,sman 1 cisayong,sma,,Kab. Tasikmalaya,69881559,school_pdf,,approved,Negeri
SMAN 1 JATIWARAS,sman 1 jatiwaras,sma,,Kab. Tasikmalaya,20210763,school_pdf,,approved,Negeri
SMAN 1 SARIWANGI,sman 1 sariwangi,sma,,Kab. Tasikmalaya,20210780,school_pdf,,approved,Negeri
SMAN 1 TARAJU,sman 1 taraju,sma,,Kab. Tasikmalaya,20210718,school_pdf,,approved,Negeri
SMAN 2 SINGAPARNA,sman 2 singaparna,sma,,Kab. Tasikmalaya,69788581,school_pdf,,approved,Negeri
SMAS ISLAM CIPASUNG,smas islam cipasung,sma,,Kab. Tasikmalaya,20210745,school_pdf,,approved,Swasta
SMAS ISLAM TERPADU RIYADLUSSHOLIHIN,smas islam terpadu riyadlussholihin,sma,,Kab. Tasikmalaya,20253274,school_pdf,,approved,Swasta
SMAS KHZ MUSTHAFA SUKAMANAH,smas khz musthafa sukamanah,sma,,Kab. Tasikmalaya,20210743,school_pdf,,approved,Swasta
SMAS PASUNDAN 2 TASIKMALAYA,smas pasundan 2 tasikmalaya,sma,,Kota Tasikmalaya,20224546,school_pdf,,approved,Swasta
SMAS PESANTREN CINTAWANA,smas pesantren cintawana,sma,,Kab. Tasikmalaya,20210779,school_pdf,,approved,Swasta
SMAS PGRI SALAWU,smas pgri salawu,sma,,Kab. Tasikmalaya,20210775,school_pdf,,approved,Swasta
SMAS SERBA BAKTI,smas serba bakti,sma,,Kab. Tasikmalaya,20210770,school_pdf,,approved,Swasta
SMK AL MUJAHID,smk al mujahid,smk,,Kota Tasikmalaya,20268808,school_pdf,,approved,Swasta
SMK AL-FALAH KH. SYAMSUDIN,smk al-falah kh. syamsudin,smk,,Kab. Tasikmalaya,69948854,school_pdf,,approved,Swasta
SMK AL-ISHLAH CINTARAJA,smk al-ishlah cintaraja,smk,,Kab. Tasikmalaya,69935711,school_pdf,,approved,Swasta
SMK Arrohmah Dadaha,smk arrohmah dadaha,smk,,Kota Tasikmalaya,69895361,school_pdf,,approved,Swasta
SMK BINA KARYA DARUL ULUM,smk bina karya darul ulum,smk,,Kab. Tasikmalaya,69878670,school_pdf,,approved,Swasta
SMK BINA PUTRA MANDIRI,smk bina putra mandiri,smk,,Kota Tasikmalaya,69857713,school_pdf,,approved,Swasta
SMK CITRA MANDIRI,smk citra mandiri,smk,,Kab. Tasikmalaya,69934724,school_pdf,,approved,Swasta
SMKS DAARUL ABROOR,smks daarul abroor,smk,,Kab. Tasikmalaya,20244752,school_pdf,,approved,Swasta
SMK DCI TASIKMALAYA,smk dci tasikmalaya,smk,,Kota Tasikmalaya,20224524,school_pdf,,approved,Swasta
SMK Global Pasanggrahan,smk global pasanggrahan,smk,,Kota Tasikmalaya,69940436,school_pdf,,approved,Swasta
SMK ISLAM BIHBUL,smk islam bihbul,smk,,Kab. Tasikmalaya,69870901,school_pdf,,approved,Swasta
SMK ISLAM KAWALU,smk islam kawalu,smk,,Kota Tasikmalaya,20270554,school_pdf,,approved,Swasta
SMK MANANGGA PRATAMA TASIKMALAYA,smk manangga pratama tasikmalaya,smk,,Kota Tasikmalaya,20224520,school_pdf,,approved,Swasta
SMK MJPS 1 TASIKMALAYA,smk mjps 1 tasikmalaya,smk,,Kota Tasikmalaya,20224518,school_pdf,,approved,Swasta
SMK MJPS 2 KOTA TASIKMALAYA,smk mjps 2 kota tasikmalaya,smk,,Kota Tasikmalaya,20224503,school_pdf,,approved,Swasta
SMK Negeri 1 Tasikmalaya,smk negeri 1 tasikmalaya,smk,,Kota Tasikmalaya,20224614,school_pdf,,approved,Negeri
SMK Negeri 2 Tasikmalaya,smk negeri 2 tasikmalaya,smk,,Kota Tasikmalaya,20224600,school_pdf,,approved,Negeri
SMK NEGERI 3 TASIKMALAYA,smk negeri 3 tasikmalaya,smk,,Kota Tasikmalaya,20224599,school_pdf,,approved,Negeri
SMK NEGERI BOJONGGAMBIR,smk negeri bojonggambir,smk,,Kab. Tasikmalaya,69989796,school_pdf,,approved,Negeri
SMK TERPADU AL-BASYARIYAH,smk terpadu al-basyariyah,smk,,Kab. Tasikmalaya,69948933,school_pdf,,approved,Swasta
SMK TRI KARYA HUSADA,smk tri karya husada,smk,,Kota Tasikmalaya,20269445,school_pdf,,approved,Swasta
SMK YAYASAN ISLAM TASIKMALAYA,smk yayasan islam tasikmalaya,smk,,Kota Tasikmalaya,20224593,school_pdf,,approved,Swasta
SMKN 4 TASIKMALAYA,smkn 4 tasikmalaya,smk,,Kota Tasikmalaya,20276063,school_pdf,,approved,Negeri
SMKN BANTARKALONG,smkn bantarkalong,smk,,Kab. Tasikmalaya,20210711,school_pdf,,approved,Negeri
SMKN CIKALONG,smkn cikalong,smk,,Kab. Tasikmalaya,69892762,school_pdf,,approved,Negeri
SMKN CIPATUJAH,smkn cipatujah,smk,,Kab. Tasikmalaya,20269714,school_pdf,,approved,Negeri
SMKN KADIPATEN,smkn kadipaten,smk,,Kab. Tasikmalaya,69752264,school_pdf,,approved,Negeri
SMKN PARUNGPONTENG,smkn parungponteng,smk,,Kab. Tasikmalaya,69752263,school_pdf,,approved,Negeri
SMKN PUSPAHIANG,smkn puspahiang,smk,,Kab. Tasikmalaya,69752267,school_pdf,,approved,Negeri
SMKN RAJAPOLAH,smkn rajapolah,smk,,Kab. Tasikmalaya,20244755,school_pdf,,approved,Negeri
SMKS AL FALAH TANJUNGJAYA,smks al falah tanjungjaya,smk,,Kab. Tasikmalaya,20254606,school_pdf,,approved,Swasta
SMKS AL HUDA SARIWANGI,smks al huda sariwangi,smk,,Kab. Tasikmalaya,20241184,school_pdf,,approved,Swasta
SMKS AL MANSHURIYAH,smks al manshuriyah,smk,,Kab. Tasikmalaya,20253990,school_pdf,,approved,Swasta
SMKS AR RIZQI BINA INSANI,smks ar rizqi bina insani,smk,,Kab. Tasikmalaya,20269182,school_pdf,,approved,Swasta
SMKS ARROJA TASIKMALAYA,smks arroja tasikmalaya,smk,,Kab. Tasikmalaya,20210715,school_pdf,,approved,Swasta
SMKS BINA MANDIRI,smks bina mandiri,smk,,Kab. Tasikmalaya,20268916,school_pdf,,approved,Swasta
SMKS CENDIKIA,smks cendikia,smk,,Kab. Tasikmalaya,20268017,school_pdf,,approved,Swasta
SMKS CIJANGKAR,smks cijangkar,smk,,Kab. Tasikmalaya,20210713,school_pdf,,approved,Swasta
SMKS GALUNGGUNG TASIKMALAYA,smks galunggung tasikmalaya,smk,,Kota Tasikmalaya,20224522,school_pdf,,approved,Swasta
SMKS ISLAM TENJONAGARA,smks islam tenjonagara,smk,,Kab. Tasikmalaya,20268934,school_pdf,,approved,Swasta
SMKS JAYA MANDIRI,smks jaya mandiri,smk,,Kab. Tasikmalaya,20279872,school_pdf,,approved,Swasta
SMKS MUHAMMADIYAH TASIKMALAYA,smks muhammadiyah tasikmalaya,smk,,Kota Tasikmalaya,20224553,school_pdf,,approved,Swasta
SMKS NANGKALEAH,smks nangkaleah,smk,,Kab. Tasikmalaya,20271673,school_pdf,,approved,Swasta
SMKS NU TASIKMALAYA,smks nu tasikmalaya,smk,,Kota Tasikmalaya,20253319,school_pdf,,approved,Swasta
SMKS NURUL WAFA,smks nurul wafa,smk,,Kab. Tasikmalaya,20262721,school_pdf,,approved,Swasta
SMKS NURUSSALAM,smks nurussalam,smk,,Kab. Tasikmalaya,20279873,school_pdf,,approved,Swasta
SMKS PLUS AL HASANAH,smks plus al hasanah,smk,,Kab. Tasikmalaya,20268067,school_pdf,,approved,Swasta
SMKS PLUS YSB SURYALAYA,smks plus ysb suryalaya,smk,,Kab. Tasikmalaya,20210707,school_pdf,,approved,Swasta
SMKS SINGAPARNA,smks singaparna,smk,,Kab. Tasikmalaya,20229518,school_pdf,,approved,Swasta
SMKS SIROJUL UMMAH,smks sirojul ummah,smk,,Kab. Tasikmalaya,20269703,school_pdf,,approved,Swasta
SMKS SUKAPURA,smks sukapura,smk,,Kota Tasikmalaya,20247288,school_pdf,,approved,Swasta
SMKS SUKAPURA,smks sukapura,smk,,Kab. Tasikmalaya,69786374,school_pdf,,approved,Swasta
SMKN 2 CIAMIS,smkn 2 ciamis,smk,,Kab. Ciamis,20211512,school_pdf,,approved,Negeri
SMKS TI DADAHA INFORMATIKA,smks ti dadaha informatika,smk,,Kota Tasikmalaya,20224595,school_pdf,,approved,Swasta
SMKS YASBU AL QOMARIYAH,smks yasbu al qomariyah,smk,,Kab. Tasikmalaya,20257522,school_pdf,,approved,Swasta
SMKS YPC TASIKMALAYA,smks ypc tasikmalaya,smk,,Kab. Tasikmalaya,20210704,school_pdf,,approved,Swasta
SMAN 1 BANJARSARI,sman 1 banjarsari,sma,,Kab. Ciamis,20211563,school_pdf,,approved,Negeri
SMAN 1 BAREGBEG,sman 1 baregbeg,sma,,Kab. Ciamis,20211491,school_pdf,,approved,Negeri
SMAN 1 CIHAURBEUTI,sman 1 cihaurbeuti,sma,,Kab. Ciamis,20211578,school_pdf,,approved,Negeri
SMAN 1 CISAGA,sman 1 cisaga,sma,,Kab. Ciamis,20252324,school_pdf,,approved,Negeri
SMAN 1 LAKBOK,sman 1 lakbok,sma,,Kab. Ciamis,20211502,school_pdf,,approved,Negeri
SMAN 1 LANGKAPLANCAR,sman 1 langkaplancar,sma,,Kab. Pangandaran,20251847,school_pdf,,approved,Negeri
SMAN 1 LUMBUNG,sman 1 lumbung,sma,,Kab. Ciamis,20263279,school_pdf,,approved,Negeri
SMAN 1 MANGUNJAYA,sman 1 mangunjaya,sma,,Kab. Pangandaran,20211503,school_pdf,,approved,Negeri
SMAN 1 PAMARICAN,sman 1 pamarican,sma,,Kab. Ciamis,20211504,school_pdf,,approved,Negeri
SMAN 1 RANCAH,sman 1 rancah,sma,,Kab. Ciamis,20211509,school_pdf,,approved,Negeri
SMAN 1 SINDANGKASIH,sman 1 sindangkasih,sma,,Kab. Ciamis,20238437,school_pdf,,approved,Negeri
SMAN 1 SUKADANA,sman 1 sukadana,sma,,Kab. Ciamis,20253152,school_pdf,,approved,Negeri
SMAN 2 BANJARSARI,sman 2 banjarsari,sma,,Kab. Ciamis,20255008,school_pdf,,approved,Negeri
SMAN 3 BANJAR,sman 3 banjar,sma,,Kota Banjar,20225278,school_pdf,,approved,Negeri
SMAN 3 CIAMIS,sman 3 ciamis,sma,,Kab. Ciamis,20211499,school_pdf,,approved,Negeri
SMAS AL MUMINUN CIPAKU,smas al muminun cipaku,sma,,Kab. Ciamis,20263276,school_pdf,,approved,Swasta
SMAS PLUS DARUSSALAM,smas plus darussalam,sma,,Kab. Ciamis,20252465,school_pdf,,approved,Swasta
SMAS YRM CIHAWAR,smas yrm cihawar,sma,,Kab. Ciamis,20251964,school_pdf,,approved,Swasta
SMK AL- ASYARIAH,smk al- asyariah,smk,,Kab. Ciamis,69949542,school_pdf,,approved,Swasta
SMK DAARUL MUTTAQIEN,smk daarul muttaqien,smk,,Kab. Ciamis,69984154,school_pdf,,approved,Swasta
SMK MA ARIF RIYADLUSH SHOLAWAT,smk ma arif riyadlush sholawat,smk,,Kab. Ciamis,69976927,school_pdf,,approved,Swasta
SMK MIFTAHUL ULUM CIMERAK,smk miftahul ulum cimerak,smk,,Kab. Pangandaran,69882394,school_pdf,,approved,Swasta
SMK NEGERI 1 KALIPUCANG,smk negeri 1 kalipucang,smk,,Kab. Pangandaran,69987056,school_pdf,,approved,Negeri
SMK NU AL-ITQON CIMERAK,smk nu al-itqon cimerak,smk,,Kab. Pangandaran,69985878,school_pdf,,approved,Swasta
SMKN 1 CIJULANG,smkn 1 cijulang,smk,,Kab. Pangandaran,20254620,school_pdf,,approved,Negeri
SMKN 1 KAWALI,smkn 1 kawali,smk,,Kab. Ciamis,20233694,school_pdf,,approved,Negeri
SMKN 1 PANGANDARAN,smkn 1 pangandaran,smk,,Kab. Pangandaran,20211511,school_pdf,,approved,Negeri
SMKN 1 PANUMBANGAN,smkn 1 panumbangan,smk,,Kab. Ciamis,69968464,school_pdf,,approved,Negeri
SMKN 1 RANCAH,smkn 1 rancah,smk,,Kab. Ciamis,20253097,school_pdf,,approved,Negeri
SMKN 2 BANJAR,smkn 2 banjar,smk,,Kota Banjar,20229665,school_pdf,,approved,Negeri
SMKN 3 BANJAR,smkn 3 banjar,smk,,Kota Banjar,20254663,school_pdf,,approved,Negeri
SMKS AL AZHAR BANJAR,smks al azhar banjar,smk,,Kota Banjar,20253667,school_pdf,,approved,Swasta
SMKS AL KAUTSAR KALIPUCANG,smks al kautsar kalipucang,smk,,Kab. Pangandaran,20254632,school_pdf,,approved,Swasta
SMKS GALUH RAHAYU SINDANGKASIH,smks galuh rahayu sindangkasih,smk,,Kab. Ciamis,20254622,school_pdf,,approved,Swasta
SMKS LPS 1 CIAMIS,smks lps 1 ciamis,smk,,Kab. Ciamis,20211529,school_pdf,,approved,Swasta
SMKS LPT CIAMIS,smks lpt ciamis,smk,,Kab. Ciamis,20211530,school_pdf,,approved,Swasta
SMKS MAARIF NU CIHAURBEUTI,smks maarif nu cihaurbeuti,smk,,Kab. Ciamis,20272055,school_pdf,,approved,Swasta
SMKS MIFTAHUSSALAM,smks miftahussalam,smk,,Kab. Ciamis,20252466,school_pdf,,approved,Swasta
SMKS MUHAMMADIYAH 1 BANJARSARI,smks muhammadiyah 1 banjarsari,smk,,Kab. Ciamis,20211497,school_pdf,,approved,Swasta
SMKS MUHAMMADIYAH BANJAR,smks muhammadiyah banjar,smk,,Kota Banjar,20225285,school_pdf,,approved,Swasta
SMKS SILIWANGI AMS BANJARSARI,smks siliwangi ams banjarsari,smk,,Kab. Ciamis,20254624,school_pdf,,approved,Swasta
SMKS TARUNA BANGSA,smks taruna bangsa,smk,,Kab. Ciamis,20237887,school_pdf,,approved,Swasta
SMKS TRI BINTANG PURWADADI,smks tri bintang purwadadi,smk,,Kab. Ciamis,69762706,school_pdf,,approved,Swasta
SMK TARUNA BUDI BANGSA,smk taruna budi bangsa,smk,,Kab. Bogor,69968461,school_pdf,,approved,Swasta
SMKS BINA TEKNIKA,smks bina teknika,smk,,Kab. Bogor,69762752,school_pdf,,approved,Swasta
SMKS PGRI CITEUREUP,smks pgri citeureup,smk,,Kab. Bogor,20231434,school_pdf,,approved,Swasta
SMAN 5 SUKABUMI,sman 5 sukabumi,sma,,Kota Sukabumi,20221563,school_pdf,,approved,Negeri
SMAS AT-TIJAARAH,smas at-tijaarah,sma,,Kab. Sukabumi,20247150,school_pdf,,approved,Swasta
SMAN 1 RUMPIN,sman 1 rumpin,sma,,Kab. Bogor,20200903,school_pdf,,approved,Negeri
SMAS PGRI RUMPIN,smas pgri rumpin,sma,,Kab. Bogor,20231348,school_pdf,,approved,Swasta
SMAN 1 KLAPANUNGGAL,sman 1 klapanunggal,sma,,Kab. Bogor,20276388,school_pdf,,approved,Negeri
Universitas Gadjah Mada,universitas gadjah mada,university,,,50ec2ec8-5cc2-4ff4-b0df-1a165b1d8ad1,bima_kemdiktisaintek,https://apibima.kemdiktisaintek.go.id/api/v1/ecatalog/perguruantinggi/search?page=1&limit=10,approved,
Institut Pertanian Bogor,institut pertanian bogor,university,,,068e7cef-7927-4a42-911c-9521d2a85dd8,bima_kemdiktisaintek,https://apibima.kemdiktisaintek.go.id/api/v1/ecatalog/perguruantinggi/search?page=1&limit=10,approved,
Universitas Indonesia,universitas indonesia,university,,,ddc39713-96c9-4f31-9a7a-309f0c1ecc50,bima_kemdiktisaintek,https://apibima.kemdiktisaintek.go.id/api/v1/ecatalog/perguruantinggi/search?page=1&limit=10,approved,
Institut Teknologi Bandung,institut teknologi bandung,university,,,f60c2c6e-5235-4f9f-ad73-d850c344926f,bima_kemdiktisaintek,https://apibima.kemdiktisaintek.go.id/api/v1/ecatalog/perguruantinggi/search?page=1&limit=10,approved,
Institut Teknologi Sepuluh Nopember,institut teknologi sepuluh nopember,university,,,cb579c96-e6aa-48cf-858f-e9f3ee805c3a,bima_kemdiktisaintek,https://apibima.kemdiktisaintek.go.id/api/v1/ecatalog/perguruantinggi/search?page=1&limit=10,approved,
Universitas Airlangga,universitas airlangga,university,,,4a10131c-2060-483a-9380-60bc4c9e776b,bima_kemdiktisaintek,https://apibima.kemdiktisaintek.go.id/api/v1/ecatalog/perguruantinggi/search?page=1&limit=10,approved,
Universitas Padjadjaran,universitas padjadjaran,university,,,232a4524-f7ae-4666-89b7-55156d839773,bima_kemdiktisaintek,https://apibima.kemdiktisaintek.go.id/api/v1/ecatalog/perguruantinggi/search?page=1&limit=10,approved,
Universitas Hasanuddin,universitas hasanuddin,university,,,344d709a-f021-4f6d-a730-e4dfa7af33ea,bima_kemdiktisaintek,https://apibima.kemdiktisaintek.go.id/api/v1/ecatalog/perguruantinggi/search?page=1&limit=10,approved,
Universitas Diponegoro,universitas diponegoro,university,,,feabadb7-9cfc-4e8b-bda7-0689e7a9c14e,bima_kemdiktisaintek,https://apibima.kemdiktisaintek.go.id/api/v1/ecatalog/perguruantinggi/search?page=1&limit=10,approved,
Universitas Sumatera Utara,universitas sumatera utara,university,,,e4594e21-e8cb-43a3-8603-20e1b2130be7,bima_kemdiktisaintek,https://apibima.kemdiktisaintek.go.id/api/v1/ecatalog/perguruantinggi/search?page=1&limit=10,approved,
Universitas Andalas,universitas andalas,university,,,5e1b7db1-a653-4d2d-ada2-8613284681a2,bima_kemdiktisaintek,https://apibima.kemdiktisaintek.go.id/api/v1/ecatalog/perguruantinggi/search?page=2&limit=10,approved,
Universitas Pendidikan Indonesia,universitas pendidikan indonesia,university,,,291f84fd-e7c6-4da3-a095-1e822e420a87,bima_kemdiktisaintek,https://apibima.kemdiktisaintek.go.id/api/v1/ecatalog/perguruantinggi/search?page=2&limit=10,approved,
Universitas Sebelas Maret,universitas sebelas maret,university,,,955bd15f-372c-4248-b6db-0b92ffc69971,bima_kemdiktisaintek,https://apibima.kemdiktisaintek.go.id/api/v1/ecatalog/perguruantinggi/search?page=2&limit=10,approved,
Universitas Brawijaya,universitas brawijaya,university,,,80097742-d2c0-460b-a7f5-a90e85c6bb83,bima_kemdiktisaintek,https://apibima.kemdiktisaintek.go.id/api/v1/ecatalog/perguruantinggi/search?page=2&limit=10,approved,
Universitas Syiah Kuala,universitas syiah kuala,university,,,ca420fa7-fb37-4071-87a0-0f099b087858,bima_kemdiktisaintek,https://apibima.kemdiktisaintek.go.id/api/v1/ecatalog/perguruantinggi/search?page=2&limit=10,approved,
Universitas Negeri Malang,universitas negeri malang,university,,,c8aeff7d-ce00-4a4a-ac49-2869f2bb28df,bima_kemdiktisaintek,https://apibima.kemdiktisaintek.go.id/api/v1/ecatalog/perguruantinggi/search?page=2&limit=10,approved,
Universitas Negeri Yogyakarta,universitas negeri yogyakarta,university,,,bb2a8a54-3757-4cb0-9d1f-08971a5bedde,bima_kemdiktisaintek,https://apibima.kemdiktisaintek.go.id/api/v1/ecatalog/perguruantinggi/search?page=2&limit=10,approved,
Universitas Negeri Padang,universitas negeri padang,university,,,854c0363-edab-4c16-806f-f8a47de21e0a,bima_kemdiktisaintek,https://apibima.kemdiktisaintek.go.id/api/v1/ecatalog/perguruantinggi/search?page=2&limit=10,approved,
Universitas Negeri Semarang,universitas negeri semarang,university,,,da71ad4f-52d9-4388-910d-566ef62b41b2,bima_kemdiktisaintek,https://apibima.kemdiktisaintek.go.id/api/v1/ecatalog/perguruantinggi/search?page=2&limit=10,approved,
Universitas Negeri Makassar,universitas negeri makassar,university,,,d8c0a475-f41e-4c80-ab7e-c2a0e8fe87c3,bima_kemdiktisaintek,https://apibima.kemdiktisaintek.go.id/api/v1/ecatalog/perguruantinggi/search?page=2&limit=10,approved,
Universitas Riau,universitas riau,university,,,6b253259-df15-4c79-802d-a025726fc562,bima_kemdiktisaintek,https://apibima.kemdiktisaintek.go.id/api/v1/ecatalog/perguruantinggi/search?page=3&limit=10,approved,
Universitas Sriwijaya,universitas sriwijaya,university,,,4f469b86-f559-4887-b50c-a7bc6472fb37,bima_kemdiktisaintek,https://apibima.kemdiktisaintek.go.id/api/v1/ecatalog/perguruantinggi/search?page=3&limit=10,approved,
Universitas Ahmad Dahlan,universitas ahmad dahlan,university,,,b3efe096-875a-458b-88ec-19088782803b,bima_kemdiktisaintek,https://apibima.kemdiktisaintek.go.id/api/v1/ecatalog/perguruantinggi/search?page=3&limit=10,approved,
Universitas Muhammadiyah Surakarta,universitas muhammadiyah surakarta,university,,,6efc8c9b-cb9b-4874-a4cd-fe1f1e8144c1,bima_kemdiktisaintek,https://apibima.kemdiktisaintek.go.id/api/v1/ecatalog/perguruantinggi/search?page=3&limit=10,approved,
Universitas Negeri Jakarta,universitas negeri jakarta,university,,,1ea7c2af-7717-414a-ae3f-b871e4c77999,bima_kemdiktisaintek,https://apibima.kemdiktisaintek.go.id/api/v1/ecatalog/perguruantinggi/search?page=3&limit=10,approved,
Universitas Jenderal Soedirman,universitas jenderal soedirman,university,,,d15d7bd7-3164-496b-a276-d80de168121b,bima_kemdiktisaintek,https://apibima.kemdiktisaintek.go.id/api/v1/ecatalog/perguruantinggi/search?page=3&limit=10,approved,
Universitas Lampung,universitas lampung,university,,,fbbeb876-8a86-4be5-bde6-8f954ff0a0fa,bima_kemdiktisaintek,https://apibima.kemdiktisaintek.go.id/api/v1/ecatalog/perguruantinggi/search?page=3&limit=10,approved,
Universitas Negeri Surabaya,universitas negeri surabaya,university,,,8f90eafb-73bc-4f43-ac56-b2df727dae7e,bima_kemdiktisaintek,https://apibima.kemdiktisaintek.go.id/api/v1/ecatalog/perguruantinggi/search?page=3&limit=10,approved,
Universitas Halu Oleo,universitas halu oleo,university,,,ce60d338-5617-47ac-8d96-1bdbb5e31ed5,bima_kemdiktisaintek,https://apibima.kemdiktisaintek.go.id/api/v1/ecatalog/perguruantinggi/search?page=3&limit=10,approved,
Universitas Jember,universitas jember,university,,,c7f1d090-06c8-4cbb-9fe5-7d4d0e4caf53,bima_kemdiktisaintek,https://apibima.kemdiktisaintek.go.id/api/v1/ecatalog/perguruantinggi/search?page=3&limit=10,approved,
Universitas Mataram,universitas mataram,university,,,51ebe6b5-826d-4e88-a0ec-8b8b3004fff0,bima_kemdiktisaintek,https://apibima.kemdiktisaintek.go.id/api/v1/ecatalog/perguruantinggi/search?page=4&limit=10,approved,
Universitas Lambung Mangkurat,universitas lambung mangkurat,university,,,23fcfffc-f298-474c-92a7-161d511a19e6,bima_kemdiktisaintek,https://apibima.kemdiktisaintek.go.id/api/v1/ecatalog/perguruantinggi/search?page=4&limit=10,approved,
Universitas Islam Indonesia,universitas islam indonesia,university,,,214a04d2-ecff-4b4a-b386-538603fea09b,bima_kemdiktisaintek,https://apibima.kemdiktisaintek.go.id/api/v1/ecatalog/perguruantinggi/search?page=4&limit=10,approved,
Universitas Sulawesi Barat,universitas sulawesi barat,university,,,9e432fef-a824-45d5-8ca3-d414ae890f8c,bima_kemdiktisaintek,https://apibima.kemdiktisaintek.go.id/api/v1/ecatalog/perguruantinggi/search?page=4&limit=10,approved,
Universitas Pendidikan Ganesha,universitas pendidikan ganesha,university,,,19f7e338-6645-40f1-a742-f3c1a04414e3,bima_kemdiktisaintek,https://apibima.kemdiktisaintek.go.id/api/v1/ecatalog/perguruantinggi/search?page=4&limit=10,approved,
Institut Teknologi Sumatera,institut teknologi sumatera,university,,,1209e475-6f06-4f54-8d7c-082996c48fcd,bima_kemdiktisaintek,https://apibima.kemdiktisaintek.go.id/api/v1/ecatalog/perguruantinggi/search?page=4&limit=10,approved,
Universitas Bina Nusantara,universitas bina nusantara,university,,,3a50e881-7222-468a-a279-5664f4467eab,bima_kemdiktisaintek,https://apibima.kemdiktisaintek.go.id/api/v1/ecatalog/perguruantinggi/search?page=4&limit=10,approved,
Universitas Telkom,universitas telkom,university,,,c7e5f6bd-c6f2-46df-905c-64fa5864d97a,bima_kemdiktisaintek,https://apibima.kemdiktisaintek.go.id/api/v1/ecatalog/perguruantinggi/search?page=4&limit=10,approved,
Universitas Mulawarman,universitas mulawarman,university,,,25dc748d-a4ba-4729-9800-6d561a92414d,bima_kemdiktisaintek,https://apibima.kemdiktisaintek.go.id/api/v1/ecatalog/perguruantinggi/search?page=4&limit=10,approved,
Universitas Sam Ratulangi,universitas sam ratulangi,university,,,9aea5421-ec43-4456-ab2f-ff47eb96dc91,bima_kemdiktisaintek,https://apibima.kemdiktisaintek.go.id/api/v1/ecatalog/perguruantinggi/search?page=4&limit=10,approved,
Universitas Udayana,universitas udayana,university,,,8255b497-b5b6-475e-a988-275c50a9059a,bima_kemdiktisaintek,https://apibima.kemdiktisaintek.go.id/api/v1/ecatalog/perguruantinggi/search?page=5&limit=10,approved,
Universitas Pamulang,universitas pamulang,university,,,00f7b929-f8d5-43cb-8e65-805ee8145472,bima_kemdiktisaintek,https://apibima.kemdiktisaintek.go.id/api/v1/ecatalog/perguruantinggi/search?page=5&limit=10,approved,
Universitas Negeri Medan,universitas negeri medan,university,,,ccafbe0a-b6a0-4c6c-a01b-05e58c11cf1e,bima_kemdiktisaintek,https://apibima.kemdiktisaintek.go.id/api/v1/ecatalog/perguruantinggi/search?page=5&limit=10,approved,
Universitas Muhammadiyah Yogyakarta,universitas muhammadiyah yogyakarta,university,,,1f8507a2-4006-443a-8ee6-a9e7dd22eb07,bima_kemdiktisaintek,https://apibima.kemdiktisaintek.go.id/api/v1/ecatalog/perguruantinggi/search?page=5&limit=10,approved,
Universitas Mercu Buana,universitas mercu buana,university,,,8a6a1915-f675-4c85-8539-2ff73d468560,bima_kemdiktisaintek,https://apibima.kemdiktisaintek.go.id/api/v1/ecatalog/perguruantinggi/search?page=5&limit=10,approved,
Universitas Negeri Gorontalo,universitas negeri gorontalo,university,,,a04f85ce-ee07-4565-8410-59d7c6f48b3f,bima_kemdiktisaintek,https://apibima.kemdiktisaintek.go.id/api/v1/ecatalog/perguruantinggi/search?page=5&limit=10,approved,
Universitas Tadulako,universitas tadulako,university,,,9dddadc2-ce83-45bf-b1c5-d5214e5aac72,bima_kemdiktisaintek,https://apibima.kemdiktisaintek.go.id/api/v1/ecatalog/perguruantinggi/search?page=5&limit=10,approved,
Universitas Tarumanagara,universitas tarumanagara,university,,,d63cc44c-4332-4e36-bbb1-37a2e94f8b7c,bima_kemdiktisaintek,https://apibima.kemdiktisaintek.go.id/api/v1/ecatalog/perguruantinggi/search?page=5&limit=10,approved,
Universitas Islam Riau,universitas islam riau,university,,,be73e39c-8f15-4bbb-8d77-e60f7a86e507,bima_kemdiktisaintek,https://apibima.kemdiktisaintek.go.id/api/v1/ecatalog/perguruantinggi/search?page=5&limit=10,approved,
Universitas Sembilanbelas November Kolaka,universitas sembilanbelas november kolaka,university,,,4955e1d5-c353-4757-960d-b3ebbfeeb8b3,bima_kemdiktisaintek,https://apibima.kemdiktisaintek.go.id/api/v1/ecatalog/perguruantinggi/search?page=5&limit=10,approved,
Universitas Muslim Indonesia,universitas muslim indonesia,university,,,d84c4841-628c-4b75-995c-bd4d57192d1f,bima_kemdiktisaintek,https://apibima.kemdiktisaintek.go.id/api/v1/ecatalog/perguruantinggi/search?page=6&limit=10,approved,
Universitas Bengkulu,universitas bengkulu,university,,,048ee885-9c2f-4a3c-bd10-c7823fa093d3,bima_kemdiktisaintek,https://apibima.kemdiktisaintek.go.id/api/v1/ecatalog/perguruantinggi/search?page=6&limit=10,approved,
Universitas Malikussaleh,universitas malikussaleh,university,,,446bfa5d-17e2-43e1-b4c1-4e8daa7cde0d,bima_kemdiktisaintek,https://apibima.kemdiktisaintek.go.id/api/v1/ecatalog/perguruantinggi/search?page=6&limit=10,approved,
Universitas Muhammadiyah Makassar,universitas muhammadiyah makassar,university,,,d388166d-7133-4cae-92f3-e8a5178f42a1,bima_kemdiktisaintek,https://apibima.kemdiktisaintek.go.id/api/v1/ecatalog/perguruantinggi/search?page=6&limit=10,approved,
Universitas Ichsan Gorontalo,universitas ichsan gorontalo,university,,,4e09e96b-2608-4324-9056-1d3f7ad23d6d,bima_kemdiktisaintek,https://apibima.kemdiktisaintek.go.id/api/v1/ecatalog/perguruantinggi/search?page=6&limit=10,approved,
Universitas Negeri Manado,universitas negeri manado,university,,,568fab4b-5a7c-40f6-a542-29c21728dd47,bima_kemdiktisaintek,https://apibima.kemdiktisaintek.go.id/api/v1/ecatalog/perguruantinggi/search?page=6&limit=10,approved,
Universitas Prima Indonesia,universitas prima indonesia,university,,,b162d94d-18cf-43a0-8851-66ec47ef89f5,bima_kemdiktisaintek,https://apibima.kemdiktisaintek.go.id/api/v1/ecatalog/perguruantinggi/search?page=6&limit=10,approved,
Universitas Gunadarma,universitas gunadarma,university,,,e40ad5bf-2cd3-4217-ae90-ecdc4d27bd92,bima_kemdiktisaintek,https://apibima.kemdiktisaintek.go.id/api/v1/ecatalog/perguruantinggi/search?page=6&limit=10,approved,
Universitas Trunojoyo,universitas trunojoyo,university,,,7064ed7d-8827-49b9-b2b9-e107b6e94789,bima_kemdiktisaintek,https://apibima.kemdiktisaintek.go.id/api/v1/ecatalog/perguruantinggi/search?page=6&limit=10,approved,
Universitas Muhammadiyah Malang,universitas muhammadiyah malang,university,,,382baacc-8e43-41b1-9dc5-7f91bb7d3589,bima_kemdiktisaintek,https://apibima.kemdiktisaintek.go.id/api/v1/ecatalog/perguruantinggi/search?page=6&limit=10,approved,
Universitas Sultan Ageng Tirtayasa,universitas sultan ageng tirtayasa,university,,,6f86ee0c-5d1c-4492-bf03-2ba54d07896b,bima_kemdiktisaintek,https://apibima.kemdiktisaintek.go.id/api/v1/ecatalog/perguruantinggi/search?page=7&limit=10,approved,
Universitas Jambi,universitas jambi,university,,,49b68900-01e5-4356-a8bd-443055f95cca,bima_kemdiktisaintek,https://apibima.kemdiktisaintek.go.id/api/v1/ecatalog/perguruantinggi/search?page=7&limit=10,approved,
Universitas Tanjungpura,universitas tanjungpura,university,,,c1ca9347-d6b0-4400-9597-63f69ff503d4,bima_kemdiktisaintek,https://apibima.kemdiktisaintek.go.id/api/v1/ecatalog/perguruantinggi/search?page=7&limit=10,approved,
Universitas Serambi Mekkah,universitas serambi mekkah,university,,,50979d4a-7e0e-4174-b12c-48899df7684b,bima_kemdiktisaintek,https://apibima.kemdiktisaintek.go.id/api/v1/ecatalog/perguruantinggi/search?page=7&limit=10,approved,
Universitas Kristen Satya Wacana,universitas kristen satya wacana,university,,,1bf1868e-f060-4c8c-b477-1b2047cfb2e5,bima_kemdiktisaintek,https://apibima.kemdiktisaintek.go.id/api/v1/ecatalog/perguruantinggi/search?page=7&limit=10,approved,
Universitas Pakuan,universitas pakuan,university,,,63e5ac07-79af-4b07-b53f-00b1b4b15408,bima_kemdiktisaintek,https://apibima.kemdiktisaintek.go.id/api/v1/ecatalog/perguruantinggi/search?page=7&limit=10,approved,
Universitas PGRI Semarang,universitas pgri semarang,university,,,bc52495d-ab37-44b8-afb8-74a7a5891246,bima_kemdiktisaintek,https://apibima.kemdiktisaintek.go.id/api/v1/ecatalog/perguruantinggi/search?page=7&limit=10,approved,
Universitas Merdeka Malang,universitas merdeka malang,university,,,ca5f0e63-e519-41e4-a6c1-72e13fb89f7d,bima_kemdiktisaintek,https://apibima.kemdiktisaintek.go.id/api/v1/ecatalog/perguruantinggi/search?page=7&limit=10,approved,
Universitas Dian Nuswantoro,universitas dian nuswantoro,university,,,000409e4-1328-4484-b405-74f1a6b58e78,bima_kemdiktisaintek,https://apibima.kemdiktisaintek.go.id/api/v1/ecatalog/perguruantinggi/search?page=7&limit=10,approved,
Universitas Darussalam Gontor,universitas darussalam gontor,university,,,1ab8935e-13dd-4b2b-a48c-a229e802c2ad,bima_kemdiktisaintek,https://apibima.kemdiktisaintek.go.id/api/v1/ecatalog/perguruantinggi/search?page=7&limit=10,approved,
Universitas Katolik Widya Mandala Surabaya,universitas katolik widya mandala surabaya,university,,,a810fefc-5511-4d30-b8d1-2ef6144385d9,bima_kemdiktisaintek,https://apibima.kemdiktisaintek.go.id/api/v1/ecatalog/perguruantinggi/search?page=8&limit=10,approved,
Universitas Nusa Cendana,universitas nusa cendana,university,,,e30f1e34-c802-4db7-aefb-30d373c2be69,bima_kemdiktisaintek,https://apibima.kemdiktisaintek.go.id/api/v1/ecatalog/perguruantinggi/search?page=8&limit=10,approved,
Universitas Aisyiyah Yogyakarta,universitas aisyiyah yogyakarta,university,,,29e7e1af-d29a-4fc9-ba20-42eef0fcfeda,bima_kemdiktisaintek,https://apibima.kemdiktisaintek.go.id/api/v1/ecatalog/perguruantinggi/search?page=8&limit=10,approved,
Universitas Perjuangan Tasikmalaya,universitas perjuangan tasikmalaya,university,,,c9f5e9ae-33d8-49d6-b445-8f44f12860a5,bima_kemdiktisaintek,https://apibima.kemdiktisaintek.go.id/api/v1/ecatalog/perguruantinggi/search?page=8&limit=10,approved,
Universitas Katolik Soegijapranata,universitas katolik soegijapranata,university,,,cbc16639-3494-411c-a2c4-6182aa0ebb00,bima_kemdiktisaintek,https://apibima.kemdiktisaintek.go.id/api/v1/ecatalog/perguruantinggi/search?page=8&limit=10,approved,
Universitas Jenderal Achmad Yani Yogyakarta,universitas jenderal achmad yani yogyakarta,university,,,8e7a3e32-7d90-46d4-ba97-2ec4e4f22fa1,bima_kemdiktisaintek,https://apibima.kemdiktisaintek.go.id/api/v1/ecatalog/perguruantinggi/search?page=8&limit=10,approved,
Universitas Muhammadiyah Jakarta,universitas muhammadiyah jakarta,university,,,4fbf7960-0cb5-4330-a476-f458d5038709,bima_kemdiktisaintek,https://apibima.kemdiktisaintek.go.id/api/v1/ecatalog/perguruantinggi/search?page=8&limit=10,approved,
Universitas Islam Sultan Agung,universitas islam sultan agung,university,,,0271ccfa-9025-4941-8ed9-381b3988abae,bima_kemdiktisaintek,https://apibima.kemdiktisaintek.go.id/api/v1/ecatalog/perguruantinggi/search?page=8&limit=10,approved,
Institut Teknologi Kalimantan,institut teknologi kalimantan,university,,,6ffc9927-3e00-4b14-903c-ea274329f552,bima_kemdiktisaintek,https://apibima.kemdiktisaintek.go.id/api/v1/ecatalog/perguruantinggi/search?page=8&limit=10,approved,
Universitas Muhammadiyah Sorong,universitas muhammadiyah sorong,university,,,300709e1-b197-48cd-8a01-833be22e5ac9,bima_kemdiktisaintek,https://apibima.kemdiktisaintek.go.id/api/v1/ecatalog/perguruantinggi/search?page=8&limit=10,approved,
Universitas Muhammadiyah Sumatera Utara,universitas muhammadiyah sumatera utara,university,,,3e0a3c54-7560-4d20-98a5-e64d9b38e69e,bima_kemdiktisaintek,https://apibima.kemdiktisaintek.go.id/api/v1/ecatalog/perguruantinggi/search?page=9&limit=10,approved,
Universitas Teuku Umar,universitas teuku umar,university,,,8e202ceb-ee8b-4df0-9c1a-1aa734944701,bima_kemdiktisaintek,https://apibima.kemdiktisaintek.go.id/api/v1/ecatalog/perguruantinggi/search?page=9&limit=10,approved,
Universitas Muhammadiyah Prof Dr Hamka,universitas muhammadiyah prof dr hamka,university,,,e99f2b8e-1b33-4925-b0b2-cb1402908ac3,bima_kemdiktisaintek,https://apibima.kemdiktisaintek.go.id/api/v1/ecatalog/perguruantinggi/search?page=9&limit=10,approved,
Universitas Muhammadiyah Magelang,universitas muhammadiyah magelang,university,,,d1276511-b979-4a80-ae35-eec508f85f6d,bima_kemdiktisaintek,https://apibima.kemdiktisaintek.go.id/api/v1/ecatalog/perguruantinggi/search?page=9&limit=10,approved,
Universitas Muhammadiyah Semarang,universitas muhammadiyah semarang,university,,,390711b5-c4a4-43e8-8293-922b1280a621,bima_kemdiktisaintek,https://apibima.kemdiktisaintek.go.id/api/v1/ecatalog/perguruantinggi/search?page=9&limit=10,approved,
Universitas Djuanda,universitas djuanda,university,,,4cc5b113-0327-40c6-8d88-8e2de3c7dede,bima_kemdiktisaintek,https://apibima.kemdiktisaintek.go.id/api/v1/ecatalog/perguruantinggi/search?page=9&limit=10,approved,
Universitas Nusa Nipa,universitas nusa nipa,university,,,d7e872fc-e6c6-4a24-be39-20ecb38c187c,bima_kemdiktisaintek,https://apibima.kemdiktisaintek.go.id/api/v1/ecatalog/perguruantinggi/search?page=9&limit=10,approved,
Universitas Samudra,universitas samudra,university,,,5a273add-632e-4f53-9c6b-8713e24b1d29,bima_kemdiktisaintek,https://apibima.kemdiktisaintek.go.id/api/v1/ecatalog/perguruantinggi/search?page=9&limit=10,approved,
Universitas Iqra Buru,universitas iqra buru,university,,,92968eae-dffe-4503-85ea-8c0097b5ea8d,bima_kemdiktisaintek,https://apibima.kemdiktisaintek.go.id/api/v1/ecatalog/perguruantinggi/search?page=9&limit=10,approved,
Universitas Surabaya,universitas surabaya,university,,,2ee81bc8-54e0-4289-b5a8-3bf0d65a62e8,bima_kemdiktisaintek,https://apibima.kemdiktisaintek.go.id/api/v1/ecatalog/perguruantinggi/search?page=9&limit=10,approved,
Universitas Teknologi Yogyakarta,universitas teknologi yogyakarta,university,,,f386d31d-98f5-400a-b40f-7f62764c285b,bima_kemdiktisaintek,https://apibima.kemdiktisaintek.go.id/api/v1/ecatalog/perguruantinggi/search?page=10&limit=10,approved,
Universitas Almuslim,universitas almuslim,university,,,fa73acc2-d86a-415a-935b-7dbd732b5333,bima_kemdiktisaintek,https://apibima.kemdiktisaintek.go.id/api/v1/ecatalog/perguruantinggi/search?page=10&limit=10,approved,
Universitas Pancasila,universitas pancasila,university,,,ec7fa362-ee80-4190-9c1e-69c254b32fff,bima_kemdiktisaintek,https://apibima.kemdiktisaintek.go.id/api/v1/ecatalog/perguruantinggi/search?page=10&limit=10,approved,
Universitas Islam Malang,universitas islam malang,university,,,b3d80114-789f-4431-9854-8c1b2896d4bf,bima_kemdiktisaintek,https://apibima.kemdiktisaintek.go.id/api/v1/ecatalog/perguruantinggi/search?page=10&limit=10,approved,
Universitas Muhammadiyah Tangerang,universitas muhammadiyah tangerang,university,,,bbb45a54-b705-40e2-a4c2-41e7c7331028,bima_kemdiktisaintek,https://apibima.kemdiktisaintek.go.id/api/v1/ecatalog/perguruantinggi/search?page=10&limit=10,approved,
Universitas Bosowa,universitas bosowa,university,,,6b9a558d-8635-4746-b4f3-6731e32745a5,bima_kemdiktisaintek,https://apibima.kemdiktisaintek.go.id/api/v1/ecatalog/perguruantinggi/search?page=10&limit=10,approved,
Universitas Kristen Petra,universitas kristen petra,university,,,84de2108-db04-47f4-ae08-78c99fefad00,bima_kemdiktisaintek,https://apibima.kemdiktisaintek.go.id/api/v1/ecatalog/perguruantinggi/search?page=10&limit=10,approved,
Institut Teknologi Nasional Malang,institut teknologi nasional malang,university,,,197ed4e1-fa59-44b7-a5da-b41acd0ac3df,bima_kemdiktisaintek,https://apibima.kemdiktisaintek.go.id/api/v1/ecatalog/perguruantinggi/search?page=10&limit=10,approved,
Universitas Nahdlatul Ulama Surabaya,universitas nahdlatul ulama surabaya,university,,,7c32ac76-82f5-4a8c-8122-9351329e8b06,bima_kemdiktisaintek,https://apibima.kemdiktisaintek.go.id/api/v1/ecatalog/perguruantinggi/search?page=10&limit=10,approved,
Universitas Islam Bandung,universitas islam bandung,university,,,4adfca55-ed20-45cc-9538-bdecb891be12,bima_kemdiktisaintek,https://apibima.kemdiktisaintek.go.id/api/v1/ecatalog/perguruantinggi/search?page=10&limit=10,approved,
Universitas Megarezky,universitas megarezky,university,,,f731cb70-6762-46e7-9bc7-dcd7017b57c0,bima_kemdiktisaintek,https://apibima.kemdiktisaintek.go.id/api/v1/ecatalog/perguruantinggi/search?page=11&limit=10,approved,
Universitas Tidar,universitas tidar,university,,,b69a83a1-ff00-434f-b677-7e5d84defefc,bima_kemdiktisaintek,https://apibima.kemdiktisaintek.go.id/api/v1/ecatalog/perguruantinggi/search?page=11&limit=10,approved,
Universitas Pembangunan Nasional Veteran Yogyakarta,universitas pembangunan nasional veteran yogyakarta,university,,,e98661ef-f1ca-49ed-95d5-1423cebfb8dc,bima_kemdiktisaintek,https://apibima.kemdiktisaintek.go.id/api/v1/ecatalog/perguruantinggi/search?page=11&limit=10,approved,
Universitas Muhammadiyah Riau,universitas muhammadiyah riau,university,,,f2a4da61-60a2-4a85-8d55-3236cd9ff0fa,bima_kemdiktisaintek,https://apibima.kemdiktisaintek.go.id/api/v1/ecatalog/perguruantinggi/search?page=11&limit=10,approved,
Institut Teknologi Telkom Purwokerto,institut teknologi telkom purwokerto,university,,,3ecff392-82ec-4e55-a278-380d1007bbcd,bima_kemdiktisaintek,https://apibima.kemdiktisaintek.go.id/api/v1/ecatalog/perguruantinggi/search?page=11&limit=10,approved,
Universitas Duta Bangsa Surakarta,universitas duta bangsa surakarta,university,,,b10e6955-2880-44d2-a017-e19613e99400,bima_kemdiktisaintek,https://apibima.kemdiktisaintek.go.id/api/v1/ecatalog/perguruantinggi/search?page=11&limit=10,approved,
Universitas Islam Kebangsaan Indonesia,universitas islam kebangsaan indonesia,university,,,ec890ae3-c374-4259-a56e-a9624f3c4302,bima_kemdiktisaintek,https://apibima.kemdiktisaintek.go.id/api/v1/ecatalog/perguruantinggi/search?page=11&limit=10,approved,
Universitas Ciputra Surabaya,universitas ciputra surabaya,university,,,e360cc97-2ae3-4efd-8379-24297d550e44,bima_kemdiktisaintek,https://apibima.kemdiktisaintek.go.id/api/v1/ecatalog/perguruantinggi/search?page=11&limit=10,approved,
Universitas Swadaya Gunung Djati,universitas swadaya gunung djati,university,,,de02489a-d8de-431b-8361-64438fed6488,bima_kemdiktisaintek,https://apibima.kemdiktisaintek.go.id/api/v1/ecatalog/perguruantinggi/search?page=11&limit=10,approved,
Universitas Garut,universitas garut,university,,,9bc62b63-aa68-4e38-8578-230944ac5e3b,bima_kemdiktisaintek,https://apibima.kemdiktisaintek.go.id/api/v1/ecatalog/perguruantinggi/search?page=11&limit=10,approved,
Universitas Pembangunan Panca Budi,universitas pembangunan panca budi,university,,,0c1df7ca-8c37-4cdc-8a3e-c9be32fd8438,bima_kemdiktisaintek,https://apibima.kemdiktisaintek.go.id/api/v1/ecatalog/perguruantinggi/search?page=12&limit=10,approved,
Universitas Teknologi Sumbawa,universitas teknologi sumbawa,university,,,386aef81-1fdb-4d70-86a7-5ce9309a5e07,bima_kemdiktisaintek,https://apibima.kemdiktisaintek.go.id/api/v1/ecatalog/perguruantinggi/search?page=12&limit=10,approved,
Universitas Katolik Indonesia Atma Jaya,universitas katolik indonesia atma jaya,university,,,1fd8e1da-7ff4-40bb-9301-5ab87ec71b30,bima_kemdiktisaintek,https://apibima.kemdiktisaintek.go.id/api/v1/ecatalog/perguruantinggi/search?page=12&limit=10,approved,
Universitas Pembangunan Nasional Veteran Jawa Timur,universitas pembangunan nasional veteran jawa timur,university,,,eea2c5aa-ccb9-4784-b0b9-f092769b9aa6,bima_kemdiktisaintek,https://apibima.kemdiktisaintek.go.id/api/v1/ecatalog/perguruantinggi/search?page=12&limit=10,approved,
Universitas Esa Unggul,universitas esa unggul,university,,,173ebc0b-9672-4e92-a5c0-ba53ed86e91a,bima_kemdiktisaintek,https://apibima.kemdiktisaintek.go.id/api/v1/ecatalog/perguruantinggi/search?page=12&limit=10,approved,
STKIP Taman Siswa Bima,stkip taman siswa bima,university,,,ecf6db8d-9c1c-44c0-8def-d80cdc099331,bima_kemdiktisaintek,https://apibima.kemdiktisaintek.go.id/api/v1/ecatalog/perguruantinggi/search?page=12&limit=10,approved,
Universitas Madura,universitas madura,university,,,1a349d73-f5eb-4196-b333-7173da3f5fea,bima_kemdiktisaintek,https://apibima.kemdiktisaintek.go.id/api/v1/ecatalog/perguruantinggi/search?page=12&limit=10,approved,
Universitas Medan Area,universitas medan area,university,,,085a7481-f05c-4e17-8b9e-b62c2e773248,bima_kemdiktisaintek,https://apibima.kemdiktisaintek.go.id/api/v1/ecatalog/perguruantinggi/search?page=12&limit=10,approved,
Universitas Islam Lamongan,universitas islam lamongan,university,,,05f4c8eb-2703-44a7-a8c8-13c5ad6c8b4e,bima_kemdiktisaintek,https://apibima.kemdiktisaintek.go.id/api/v1/ecatalog/perguruantinggi/search?page=12&limit=10,approved,
Universitas Bumigora,universitas bumigora,university,,,173cb06f-afc3-47b4-b994-4ad222e3b2b0,bima_kemdiktisaintek,https://apibima.kemdiktisaintek.go.id/api/v1/ecatalog/perguruantinggi/search?page=12&limit=10,approved,
Universitas Singaperbangsa Karawang,universitas singaperbangsa karawang,university,,,d75fd4f8-6513-4de2-9e79-ac17bcdb673e,bima_kemdiktisaintek,https://apibima.kemdiktisaintek.go.id/api/v1/ecatalog/perguruantinggi/search?page=13&limit=10,approved,
Universitas Sanata Dharma,universitas sanata dharma,university,,,e9bfb9eb-8336-486f-af7c-323e06c4f7ba,bima_kemdiktisaintek,https://apibima.kemdiktisaintek.go.id/api/v1/ecatalog/perguruantinggi/search?page=13&limit=10,approved,
Universitas Cenderawasih,universitas cenderawasih,university,,,e7fdd746-bea6-4613-a266-086d4e6f13aa,bima_kemdiktisaintek,https://apibima.kemdiktisaintek.go.id/api/v1/ecatalog/perguruantinggi/search?page=13&limit=10,approved,
Universitas Muhammadiyah Cirebon,universitas muhammadiyah cirebon,university,,,fb4e0273-8714-46b0-9aa2-2902e5d8e13c,bima_kemdiktisaintek,https://apibima.kemdiktisaintek.go.id/api/v1/ecatalog/perguruantinggi/search?page=13&limit=10,approved,
Universitas Nahdlatul Ulama Sunan Giri,universitas nahdlatul ulama sunan giri,university,,,f2d0b55f-6a2b-403f-8049-cf863b3c7b86,bima_kemdiktisaintek,https://apibima.kemdiktisaintek.go.id/api/v1/ecatalog/perguruantinggi/search?page=13&limit=10,approved,
Universitas Nusantara PGRI Kediri,universitas nusantara pgri kediri,university,,,e85dfeef-8c8f-4ec2-8c0e-158029125036,bima_kemdiktisaintek,https://apibima.kemdiktisaintek.go.id/api/v1/ecatalog/perguruantinggi/search?page=13&limit=10,approved,
Universitas Muhammadiyah Gorontalo,universitas muhammadiyah gorontalo,university,,,8f21204b-38f5-42be-9ecb-6c38923aa3c5,bima_kemdiktisaintek,https://apibima.kemdiktisaintek.go.id/api/v1/ecatalog/perguruantinggi/search?page=13&limit=10,approved,
Universitas Katolik Parahyangan,universitas katolik parahyangan,university,,,b3c97657-a085-4fb7-9843-cbf3f7e359cf,bima_kemdiktisaintek,https://apibima.kemdiktisaintek.go.id/api/v1/ecatalog/perguruantinggi/search?page=13&limit=10,approved,
Universitas Muhammadiyah Purwokerto,universitas muhammadiyah purwokerto,university,,,5b519fc6-5541-4a9b-a733-66f1c902908f,bima_kemdiktisaintek,https://apibima.kemdiktisaintek.go.id/api/v1/ecatalog/perguruantinggi/search?page=13&limit=10,approved,
IKIP Budi Utomo,ikip budi utomo,university,,,08916868-02d9-4130-bcf1-e90e1c364a9e,bima_kemdiktisaintek,https://apibima.kemdiktisaintek.go.id/api/v1/ecatalog/perguruantinggi/search?page=13&limit=10,approved,
Universitas Graha Nusantara,universitas graha nusantara,university,,,8a5285b9-2769-4b6f-840c-4c253e5af673,bima_kemdiktisaintek,https://apibima.kemdiktisaintek.go.id/api/v1/ecatalog/perguruantinggi/search?page=14&limit=10,approved,
Universitas Pembangunan Nasional Veteran Jakarta,universitas pembangunan nasional veteran jakarta,university,,,bae0fe10-4c04-482a-9542-14d76092db9d,bima_kemdiktisaintek,https://apibima.kemdiktisaintek.go.id/api/v1/ecatalog/perguruantinggi/search?page=14&limit=10,approved,
Universitas Andi Djemma Palopo,universitas andi djemma palopo,university,,,6b383e7b-5540-43bc-8612-2f85d1e18d8b,bima_kemdiktisaintek,https://apibima.kemdiktisaintek.go.id/api/v1/ecatalog/perguruantinggi/search?page=14&limit=10,approved,
Universitas Pasundan,universitas pasundan,university,,,91c0a33b-064c-4630-bb2f-ec1c8b6ffc93,bima_kemdiktisaintek,https://apibima.kemdiktisaintek.go.id/api/v1/ecatalog/perguruantinggi/search?page=14&limit=10,approved,
Universitas Muria Kudus,universitas muria kudus,university,,,f907f7dc-cdfc-4999-b1c5-dd44a5f45299,bima_kemdiktisaintek,https://apibima.kemdiktisaintek.go.id/api/v1/ecatalog/perguruantinggi/search?page=14&limit=10,approved,
Universitas Potensi Utama,universitas potensi utama,university,,,083b1839-607c-4bbe-b708-2d3178175698,bima_kemdiktisaintek,https://apibima.kemdiktisaintek.go.id/api/v1/ecatalog/perguruantinggi/search?page=14&limit=10,approved,
Universitas Timor,universitas timor,university,,,33b23c9e-a867-4ef6-bbf0-d65a5c37e782,bima_kemdiktisaintek,https://apibima.kemdiktisaintek.go.id/api/v1/ecatalog/perguruantinggi/search?page=14&limit=10,approved,
Universitas Hang Tuah,universitas hang tuah,university,,,8b6c0743-4483-4730-ba8a-773dc22263a0,bima_kemdiktisaintek,https://apibima.kemdiktisaintek.go.id/api/v1/ecatalog/perguruantinggi/search?page=14&limit=10,approved,
Universitas Kristen Indonesia Toraja,universitas kristen indonesia toraja,university,,,5a936418-75ec-4ce4-acf1-4ec999e1b758,bima_kemdiktisaintek,https://apibima.kemdiktisaintek.go.id/api/v1/ecatalog/perguruantinggi/search?page=14&limit=10,approved,
Universitas Musamus Merauke,universitas musamus merauke,university,,,ca198946-a458-47be-a23b-4e9af9e60d63,bima_kemdiktisaintek,https://apibima.kemdiktisaintek.go.id/api/v1/ecatalog/perguruantinggi/search?page=14&limit=10,approved,
Universitas Muhammadiyah Banjarmasin,universitas muhammadiyah banjarmasin,university,,,7deb863d-fbf1-4372-be02-2b561244c61f,bima_kemdiktisaintek,https://apibima.kemdiktisaintek.go.id/api/v1/ecatalog/perguruantinggi/search?page=15&limit=10,approved,
Universitas Galuh,universitas galuh,university,,,3d882b75-e284-4fb7-9b87-79de3d01fcf1,bima_kemdiktisaintek,https://apibima.kemdiktisaintek.go.id/api/v1/ecatalog/perguruantinggi/search?page=15&limit=10,approved,
Universitas Teknokrat Indonesia,universitas teknokrat indonesia,university,,,d8870ca7-c6af-4c4c-84ac-5e81a063f47a,bima_kemdiktisaintek,https://apibima.kemdiktisaintek.go.id/api/v1/ecatalog/perguruantinggi/search?page=15&limit=10,approved,
Universitas Muhammadiyah Sidoarjo,universitas muhammadiyah sidoarjo,university,,,5f738f38-32b4-4ae9-8b27-db316b38e533,bima_kemdiktisaintek,https://apibima.kemdiktisaintek.go.id/api/v1/ecatalog/perguruantinggi/search?page=15&limit=10,approved,
Universitas Muhammadiyah Pare-pare,universitas muhammadiyah pare-pare,university,,,ac0d1862-7a2a-4d00-bc9d-9ef952521b19,bima_kemdiktisaintek,https://apibima.kemdiktisaintek.go.id/api/v1/ecatalog/perguruantinggi/search?page=15&limit=10,approved,
Universitas Muhammadiyah Ponorogo,universitas muhammadiyah ponorogo,university,,,4a672e9e-71eb-48a5-86b2-c64a7fea6a61,bima_kemdiktisaintek,https://apibima.kemdiktisaintek.go.id/api/v1/ecatalog/perguruantinggi/search?page=15&limit=10,approved,
Universitas Pendidikan Muhammadiyah Sorong,universitas pendidikan muhammadiyah sorong,university,,,2a5be05f-721d-4f8f-be88-7f56a451d83d,bima_kemdiktisaintek,https://apibima.kemdiktisaintek.go.id/api/v1/ecatalog/perguruantinggi/search?page=15&limit=10,approved,
Universitas Sari Mulia,universitas sari mulia,university,,,a0a0ab7b-48b1-4659-bde0-76c5ee3865ca,bima_kemdiktisaintek,https://apibima.kemdiktisaintek.go.id/api/v1/ecatalog/perguruantinggi/search?page=15&limit=10,approved,
Universitas Mathla ul Anwar,universitas mathla ul anwar,university,,,81f71312-cb9b-473f-9cce-5bc927a240ce,bima_kemdiktisaintek,https://apibima.kemdiktisaintek.go.id/api/v1/ecatalog/perguruantinggi/search?page=15&limit=10,approved,
Universitas Lakidende Unaaha,universitas lakidende unaaha,university,,,82ec4805-f8de-477b-bea4-59825136fc30,bima_kemdiktisaintek,https://apibima.kemdiktisaintek.go.id/api/v1/ecatalog/perguruantinggi/search?page=15&limit=10,approved,
Universitas Siliwangi,universitas siliwangi,university,,,361b3248-8b1f-4dee-b9ea-77c80129b5a3,bima_kemdiktisaintek,https://apibima.kemdiktisaintek.go.id/api/v1/ecatalog/perguruantinggi/search?page=16&limit=10,approved,
Institut Kesehatan Medistra Lubuk Pakam,institut kesehatan medistra lubuk pakam,university,,,572de103-319f-42d0-9684-f90698b391b6,bima_kemdiktisaintek,https://apibima.kemdiktisaintek.go.id/api/v1/ecatalog/perguruantinggi/search?page=16&limit=10,approved,
Universitas Nahdlatul Ulama Blitar,universitas nahdlatul ulama blitar,university,,,c009c90f-0472-4135-a5b8-42ae2673abc2,bima_kemdiktisaintek,https://apibima.kemdiktisaintek.go.id/api/v1/ecatalog/perguruantinggi/search?page=16&limit=10,approved,
Universitas Al Asyariah Mandar,universitas al asyariah mandar,university,,,e102a5c7-28b8-45d6-be11-d49720f7943a,bima_kemdiktisaintek,https://apibima.kemdiktisaintek.go.id/api/v1/ecatalog/perguruantinggi/search?page=16&limit=10,approved,
Universitas Pelita Harapan,universitas pelita harapan,university,,,522348cc-8da0-40ac-a913-511ce334ebba,bima_kemdiktisaintek,https://apibima.kemdiktisaintek.go.id/api/v1/ecatalog/perguruantinggi/search?page=16&limit=10,approved,
Universitas Katolik Widya Mandira Kupang,universitas katolik widya mandira kupang,university,,,7ce256fe-9f65-48ef-8c96-a6f25de1e621,bima_kemdiktisaintek,https://apibima.kemdiktisaintek.go.id/api/v1/ecatalog/perguruantinggi/search?page=16&limit=10,approved,
Universitas Amikom Yogyakarta,universitas amikom yogyakarta,university,,,276e62a0-b5b0-4bf1-ad8e-58128aa5bb61,bima_kemdiktisaintek,https://apibima.kemdiktisaintek.go.id/api/v1/ecatalog/perguruantinggi/search?page=16&limit=10,approved,
Universitas Respati Yogyakarta,universitas respati yogyakarta,university,,,9d965bd2-17e5-44e7-a057-06ade2ef41be,bima_kemdiktisaintek,https://apibima.kemdiktisaintek.go.id/api/v1/ecatalog/perguruantinggi/search?page=16&limit=10,approved,
Universitas Khairun,universitas khairun,university,,,50eda4e0-2684-4a5a-9c5c-cb43c523936a,bima_kemdiktisaintek,https://apibima.kemdiktisaintek.go.id/api/v1/ecatalog/perguruantinggi/search?page=16&limit=10,approved,
Universitas Muhammadiyah Palopo,universitas muhammadiyah palopo,university,,,3302db04-ecaa-489e-b3e7-95d525803212,bima_kemdiktisaintek,https://apibima.kemdiktisaintek.go.id/api/v1/ecatalog/perguruantinggi/search?page=16&limit=10,approved,
Universitas Pendidikan Mandalika,universitas pendidikan mandalika,university,,,9a23f95d-7ca3-4a42-88a8-22930e4424b5,bima_kemdiktisaintek,https://apibima.kemdiktisaintek.go.id/api/v1/ecatalog/perguruantinggi/search?page=17&limit=10,approved,
Universitas PGRI Palembang,universitas pgri palembang,university,,,5ee5b00d-b651-44d5-9fb4-36d8a01c3f09,bima_kemdiktisaintek,https://apibima.kemdiktisaintek.go.id/api/v1/ecatalog/perguruantinggi/search?page=17&limit=10,approved,
Universitas Jenderal Achmad Yani,universitas jenderal achmad yani,university,,,8b0bce30-6c25-47ae-8ce6-0b8f4a0aacb3,bima_kemdiktisaintek,https://apibima.kemdiktisaintek.go.id/api/v1/ecatalog/perguruantinggi/search?page=17&limit=10,approved,
Universitas Bina Bangsa,universitas bina bangsa,university,,,bf9d6d49-f896-4bd4-a414-4943abc43625,bima_kemdiktisaintek,https://apibima.kemdiktisaintek.go.id/api/v1/ecatalog/perguruantinggi/search?page=17&limit=10,approved,
Universitas Wijaya Putra,universitas wijaya putra,university,,,8d06533f-aa16-420b-8570-0aab4bd70ec6,bima_kemdiktisaintek,https://apibima.kemdiktisaintek.go.id/api/v1/ecatalog/perguruantinggi/search?page=17&limit=10,approved,
Universitas Pelita Bangsa,universitas pelita bangsa,university,,,a47e5aba-ce88-4f12-9829-a7243c3e6f8b,bima_kemdiktisaintek,https://apibima.kemdiktisaintek.go.id/api/v1/ecatalog/perguruantinggi/search?page=17&limit=10,approved,
Universitas Kristen Maranatha,universitas kristen maranatha,university,,,bb78143f-1e45-4960-a201-e5b865e23de8,bima_kemdiktisaintek,https://apibima.kemdiktisaintek.go.id/api/v1/ecatalog/perguruantinggi/search?page=17&limit=10,approved,
Universitas Muhammadiyah Kupang,universitas muhammadiyah kupang,university,,,e881f420-69bd-43bd-965c-39591b7d6992,bima_kemdiktisaintek,https://apibima.kemdiktisaintek.go.id/api/v1/ecatalog/perguruantinggi/search?page=17&limit=10,approved,
Universitas Kristen Indonesia Maluku,universitas kristen indonesia maluku,university,,,f30d4995-42b7-4184-9a15-740cf917903e,bima_kemdiktisaintek,https://apibima.kemdiktisaintek.go.id/api/v1/ecatalog/perguruantinggi/search?page=17&limit=10,approved,
Universitas Trisakti,universitas trisakti,university,,,efe5e930-734b-4bf0-acf3-32cb38d57fba,bima_kemdiktisaintek,https://apibima.kemdiktisaintek.go.id/api/v1/ecatalog/perguruantinggi/search?page=17&limit=10,approved,
Universitas Nusa Putra,universitas nusa putra,university,,,1017711d-0abb-4dd6-9260-0d9ac02c1ca8,bima_kemdiktisaintek,https://apibima.kemdiktisaintek.go.id/api/v1/ecatalog/perguruantinggi/search?page=18&limit=10,approved,
Universitas Kuningan,universitas kuningan,university,,,0d13c0cd-4586-4eef-81a0-927168a2f38c,bima_kemdiktisaintek,https://apibima.kemdiktisaintek.go.id/api/v1/ecatalog/perguruantinggi/search?page=18&limit=10,approved,
Universitas Pasir Pengaraian,universitas pasir pengaraian,university,,,c896bc2f-464b-4b25-986f-e098b50b5f40,bima_kemdiktisaintek,https://apibima.kemdiktisaintek.go.id/api/v1/ecatalog/perguruantinggi/search?page=18&limit=10,approved,
Universitas Panca Bhakti,universitas panca bhakti,university,,,8f44a4e6-07ac-4415-8e6a-635fc2a8cfa4,bima_kemdiktisaintek,https://apibima.kemdiktisaintek.go.id/api/v1/ecatalog/perguruantinggi/search?page=18&limit=10,approved,
Universitas Bangka Belitung,universitas bangka belitung,university,,,3256cdd5-2b50-48cb-b08b-737c70a6697d,bima_kemdiktisaintek,https://apibima.kemdiktisaintek.go.id/api/v1/ecatalog/perguruantinggi/search?page=18&limit=10,approved,
Universitas Atma Jaya Yogyakarta,universitas atma jaya yogyakarta,university,,,6c739f59-1d17-4e04-90b3-9e0547be382e,bima_kemdiktisaintek,https://apibima.kemdiktisaintek.go.id/api/v1/ecatalog/perguruantinggi/search?page=18&limit=10,approved,
Universitas Sari Mutiara Indonesia Medan,universitas sari mutiara indonesia medan,university,,,e4aa2ad4-6509-43d1-918c-561f96020af9,bima_kemdiktisaintek,https://apibima.kemdiktisaintek.go.id/api/v1/ecatalog/perguruantinggi/search?page=18&limit=10,approved,
Universitas Bung Hatta,universitas bung hatta,university,,,87c5c003-9069-4c11-8c86-e5916952bd36,bima_kemdiktisaintek,https://apibima.kemdiktisaintek.go.id/api/v1/ecatalog/perguruantinggi/search?page=18&limit=10,approved,
Universitas Pattimura,universitas pattimura,university,,,7e564080-65f3-4af9-bbd6-974e9b6a9db2,bima_kemdiktisaintek,https://apibima.kemdiktisaintek.go.id/api/v1/ecatalog/perguruantinggi/search?page=18&limit=10,approved,
Universitas Palangka Raya,universitas palangka raya,university,,,6b93a9c5-44a4-4083-8c9b-88b19559e64c,bima_kemdiktisaintek,https://apibima.kemdiktisaintek.go.id/api/v1/ecatalog/perguruantinggi/search?page=18&limit=10,approved,
Universitas Muhadi Setiabudi,universitas muhadi setiabudi,university,,,dc236265-bb45-4917-8c19-7fa1c4f5d73c,bima_kemdiktisaintek,https://apibima.kemdiktisaintek.go.id/api/v1/ecatalog/perguruantinggi/search?page=19&limit=10,approved,
Universitas Nasional,universitas nasional,university,,,18ff7d51-e9fc-4bfe-933d-99dadc5bbd30,bima_kemdiktisaintek,https://apibima.kemdiktisaintek.go.id/api/v1/ecatalog/perguruantinggi/search?page=19&limit=10,approved,
Universitas Muhammadiyah Bengkulu,universitas muhammadiyah bengkulu,university,,,0a10aea7-8662-4180-9e9f-6e903e11a367,bima_kemdiktisaintek,https://apibima.kemdiktisaintek.go.id/api/v1/ecatalog/perguruantinggi/search?page=19&limit=10,approved,
Universitas Halmahera,universitas halmahera,university,,,828c4865-e4d5-462b-9404-c9fe48796d57,bima_kemdiktisaintek,https://apibima.kemdiktisaintek.go.id/api/v1/ecatalog/perguruantinggi/search?page=19&limit=10,approved,
Universitas Ibn Khaldun,universitas ibn khaldun,university,,,e780a19b-3725-4694-8294-d3994d657a99,bima_kemdiktisaintek,https://apibima.kemdiktisaintek.go.id/api/v1/ecatalog/perguruantinggi/search?page=19&limit=10,approved,
Universitas Muhammadiyah Pontianak,universitas muhammadiyah pontianak,university,,,c868e2ee-20bf-4672-996d-4957b9c69f77,bima_kemdiktisaintek,https://apibima.kemdiktisaintek.go.id/api/v1/ecatalog/perguruantinggi/search?page=19&limit=10,approved,
Universitas Nahdlatul Ulama Nusa Tenggara Barat,universitas nahdlatul ulama nusa tenggara barat,university,,,2da8ee3b-0b9b-43ef-8ace-c77ab2018a27,bima_kemdiktisaintek,https://apibima.kemdiktisaintek.go.id/api/v1/ecatalog/perguruantinggi/search?page=19&limit=10,approved,
Universitas Muhammadiyah Sidenreng Rappang,universitas muhammadiyah sidenreng rappang,university,,,59932278-8fa6-401b-a1c5-edadb8c00b17,bima_kemdiktisaintek,https://apibima.kemdiktisaintek.go.id/api/v1/ecatalog/perguruantinggi/search?page=19&limit=10,approved,
Universitas Muhammadiyah Kendari,universitas muhammadiyah kendari,university,,,9981def9-8eb4-491a-afff-e194cf65493e,bima_kemdiktisaintek,https://apibima.kemdiktisaintek.go.id/api/v1/ecatalog/perguruantinggi/search?page=19&limit=10,approved,
Universitas Adiwangsa Jambi,universitas adiwangsa jambi,university,,,405f2135-6336-44b9-bd6e-55102669bfa7,bima_kemdiktisaintek,https://apibima.kemdiktisaintek.go.id/api/v1/ecatalog/perguruantinggi/search?page=20&limit=10,approved,
Universitas Sarjanawiyata Tamansiswa,universitas sarjanawiyata tamansiswa,university,,,912cc4f6-ab06-4340-930e-82e216c24cda,bima_kemdiktisaintek,https://apibima.kemdiktisaintek.go.id/api/v1/ecatalog/perguruantinggi/search?page=20&limit=10,approved,
Universitas Warmadewa,universitas warmadewa,university,,,7e52eea7-2afb-4e1e-91b4-a0405852403b,bima_kemdiktisaintek,https://apibima.kemdiktisaintek.go.id/api/v1/ecatalog/perguruantinggi/search?page=20&limit=10,approved,
Universitas Islam Nahdlatul Ulama Jepara,universitas islam nahdlatul ulama jepara,university,,,5885f117-c4b8-43df-9475-408ff251ad2d,bima_kemdiktisaintek,https://apibima.kemdiktisaintek.go.id/api/v1/ecatalog/perguruantinggi/search?page=20&limit=10,approved,
Universitas Islam Madura,universitas islam madura,university,,,8c109ea4-027d-459b-9bc3-c2b595aaf452,bima_kemdiktisaintek,https://apibima.kemdiktisaintek.go.id/api/v1/ecatalog/perguruantinggi/search?page=20&limit=10,approved,
Institut Seni Indonesia Surakarta,institut seni indonesia surakarta,university,,,609a53d5-ead0-41c2-97cc-0be3908fc88c,bima_kemdiktisaintek,https://apibima.kemdiktisaintek.go.id/api/v1/ecatalog/perguruantinggi/search?page=20&limit=10,approved,
Universitas Bhayangkara Jakarta Raya,universitas bhayangkara jakarta raya,university,,,9a8e0fe7-b87a-4463-a47b-4ba8fc1ad19a,bima_kemdiktisaintek,https://apibima.kemdiktisaintek.go.id/api/v1/ecatalog/perguruantinggi/search?page=20&limit=10,approved,
Universitas Al-azhar Indonesia,universitas al-azhar indonesia,university,,,b3ff3879-08c3-4150-af39-07a5182cb1b5,bima_kemdiktisaintek,https://apibima.kemdiktisaintek.go.id/api/v1/ecatalog/perguruantinggi/search?page=20&limit=10,approved,
Universitas Putera Batam,universitas putera batam,university,,,5c071192-14bb-4b40-a4ec-7c38b86302fe,bima_kemdiktisaintek,https://apibima.kemdiktisaintek.go.id/api/v1/ecatalog/perguruantinggi/search?page=20&limit=10,approved,
Universitas Kristen Indonesia Paulus,universitas kristen indonesia paulus,university,,,26cb294b-1cb4-43c7-87da-4829a250acad,bima_kemdiktisaintek,https://apibima.kemdiktisaintek.go.id/api/v1/ecatalog/perguruantinggi/search?page=21&limit=10,approved,
Universitas Wiraraja,universitas wiraraja,university,,,e8ce213a-a2bf-497e-a481-83c52ba20a4f,bima_kemdiktisaintek,https://apibima.kemdiktisaintek.go.id/api/v1/ecatalog/perguruantinggi/search?page=21&limit=10,approved,
Universitas Widya Gama,universitas widya gama,university,,,a4406f99-114d-439a-817f-b7e34f448b2d,bima_kemdiktisaintek,https://apibima.kemdiktisaintek.go.id/api/v1/ecatalog/perguruantinggi/search?page=21&limit=10,approved,
Universitas Flores,universitas flores,university,,,5a15590f-dd8f-4e02-8a21-1718622f081f,bima_kemdiktisaintek,https://apibima.kemdiktisaintek.go.id/api/v1/ecatalog/perguruantinggi/search?page=21&limit=10,approved,
Universitas PGRI Yogyakarta,universitas pgri yogyakarta,university,,,48744b5a-efc7-487d-aea7-addce86c8173,bima_kemdiktisaintek,https://apibima.kemdiktisaintek.go.id/api/v1/ecatalog/perguruantinggi/search?page=21&limit=10,approved,
Universitas Muslim Maros,universitas muslim maros,university,,,44f2409d-857a-4a7b-a394-43f242eb4bbe,bima_kemdiktisaintek,https://apibima.kemdiktisaintek.go.id/api/v1/ecatalog/perguruantinggi/search?page=21&limit=10,approved,
Universitas Papua,universitas papua,university,,,1f93622d-4ce4-446b-aa9e-d770578e4ff4,bima_kemdiktisaintek,https://apibima.kemdiktisaintek.go.id/api/v1/ecatalog/perguruantinggi/search?page=21&limit=10,approved,
Universitas Bakrie,universitas bakrie,university,,,15401de6-b06c-4455-8406-4fdad36c20b2,bima_kemdiktisaintek,https://apibima.kemdiktisaintek.go.id/api/v1/ecatalog/perguruantinggi/search?page=21&limit=10,approved,
Universitas Ma Chung,universitas ma chung,university,,,3ae8eb4e-ef2d-4458-a09d-97a25c8c0878,bima_kemdiktisaintek,https://apibima.kemdiktisaintek.go.id/api/v1/ecatalog/perguruantinggi/search?page=21&limit=10,approved,
Institut Pendidikan Tapanuli Selatan,institut pendidikan tapanuli selatan,university,,,de0e2f67-de64-442f-bb18-ca0b69c2157d,bima_kemdiktisaintek,https://apibima.kemdiktisaintek.go.id/api/v1/ecatalog/perguruantinggi/search?page=21&limit=10,approved,
Universitas Muhammadiyah Kalimantan Timur,universitas muhammadiyah kalimantan timur,university,,,ba4283fa-56ad-4bae-a633-a965511b4d5e,bima_kemdiktisaintek,https://apibima.kemdiktisaintek.go.id/api/v1/ecatalog/perguruantinggi/search?page=22&limit=10,approved,
Institut Teknologi Adhi Tama Surabaya,institut teknologi adhi tama surabaya,university,,,23d4acce-b2df-4ca3-ba4b-75e4ee129b3f,bima_kemdiktisaintek,https://apibima.kemdiktisaintek.go.id/api/v1/ecatalog/perguruantinggi/search?page=22&limit=10,approved,
Universitas Mahasaraswati Denpasar,universitas mahasaraswati denpasar,university,,,313d30d2-1ea1-48a0-8154-3e2977d113cb,bima_kemdiktisaintek,https://apibima.kemdiktisaintek.go.id/api/v1/ecatalog/perguruantinggi/search?page=22&limit=10,approved,
Institut Kesehatan Deli Husada Deli Tua,institut kesehatan deli husada deli tua,university,,,7ec4e2bd-588f-4594-accf-ca8a3e5722c2,bima_kemdiktisaintek,https://apibima.kemdiktisaintek.go.id/api/v1/ecatalog/perguruantinggi/search?page=22&limit=10,approved,
Universitas Yudharta Pasuruan,universitas yudharta pasuruan,university,,,98d9068a-588c-42f2-a1ef-5acbda46fd9a,bima_kemdiktisaintek,https://apibima.kemdiktisaintek.go.id/api/v1/ecatalog/perguruantinggi/search?page=22&limit=10,approved,
Universitas Binawan,universitas binawan,university,,,27e7617f-9a2b-4bd8-b441-8e63ef793be1,bima_kemdiktisaintek,https://apibima.kemdiktisaintek.go.id/api/v1/ecatalog/perguruantinggi/search?page=22&limit=10,approved,
Institut Teknologi dan Bisnis Nobel Indonesia,institut teknologi dan bisnis nobel indonesia,university,,,3f41f113-139f-44ba-b709-f3a21b491aed,bima_kemdiktisaintek,https://apibima.kemdiktisaintek.go.id/api/v1/ecatalog/perguruantinggi/search?page=22&limit=10,approved,
Universitas Islam Balitar,universitas islam balitar,university,,,ab2e083f-5514-4bfb-a83f-db7d698c87c9,bima_kemdiktisaintek,https://apibima.kemdiktisaintek.go.id/api/v1/ecatalog/perguruantinggi/search?page=22&limit=10,approved,
Universitas PGRI Banyuwangi,universitas pgri banyuwangi,university,,,55cddff5-90f1-41e0-8bce-6463f83f4373,bima_kemdiktisaintek,https://apibima.kemdiktisaintek.go.id/api/v1/ecatalog/perguruantinggi/search?page=22&limit=10,approved,
Universitas Muhammadiyah Bandung,universitas muhammadiyah bandung,university,,,6de309f7-8934-4e87-bebe-92e6fecf9ca5,bima_kemdiktisaintek,https://apibima.kemdiktisaintek.go.id/api/v1/ecatalog/perguruantinggi/search?page=22&limit=10,approved,
Universitas Buana Perjuangan Karawang,universitas buana perjuangan karawang,university,,,809238d5-a328-41d2-b2ac-6896c3e394e2,bima_kemdiktisaintek,https://apibima.kemdiktisaintek.go.id/api/v1/ecatalog/perguruantinggi/search?page=23&limit=10,approved,
Universitas Islam Makassar,universitas islam makassar,university,,,a6a7fec1-ceef-40b5-8d4f-3940f43cda1f,bima_kemdiktisaintek,https://apibima.kemdiktisaintek.go.id/api/v1/ecatalog/perguruantinggi/search?page=23&limit=10,approved,
Universitas Maritim Raja Ali Haji (UMRAH),universitas maritim raja ali haji (umrah),university,,,8c1bb240-f7f8-4eae-b570-18e6aad9cb6f,bima_kemdiktisaintek,https://apibima.kemdiktisaintek.go.id/api/v1/ecatalog/perguruantinggi/search?page=23&limit=10,approved,
Universitas Nahdlatul Ulama Yogyakarta,universitas nahdlatul ulama yogyakarta,university,,,cb3bac15-ff33-46c4-bb6d-2d317a9291ff,bima_kemdiktisaintek,https://apibima.kemdiktisaintek.go.id/api/v1/ecatalog/perguruantinggi/search?page=23&limit=10,approved,
Universitas Hein Namotemo,universitas hein namotemo,university,,,2f59d404-7352-43fc-badc-9affb72b8579,bima_kemdiktisaintek,https://apibima.kemdiktisaintek.go.id/api/v1/ecatalog/perguruantinggi/search?page=23&limit=10,approved,
Universitas Muhammadiyah Lamongan,universitas muhammadiyah lamongan,university,,,6086531c-645a-4242-a12b-256d9d705b09,bima_kemdiktisaintek,https://apibima.kemdiktisaintek.go.id/api/v1/ecatalog/perguruantinggi/search?page=23&limit=10,approved,
Universitas Majalengka,universitas majalengka,university,,,b545366b-245e-409f-8752-7bb05cf64a95,bima_kemdiktisaintek,https://apibima.kemdiktisaintek.go.id/api/v1/ecatalog/perguruantinggi/search?page=23&limit=10,approved,
Universitas Gorontalo,universitas gorontalo,university,,,75e2a0a3-18ec-4e8a-9110-f85dd8644b8e,bima_kemdiktisaintek,https://apibima.kemdiktisaintek.go.id/api/v1/ecatalog/perguruantinggi/search?page=23&limit=10,approved,
Universitas PGRI Adi Buana,universitas pgri adi buana,university,,,bad6e4a7-4516-4bdd-9a1f-bf4d4d05a595,bima_kemdiktisaintek,https://apibima.kemdiktisaintek.go.id/api/v1/ecatalog/perguruantinggi/search?page=23&limit=10,approved,
Universitas Quality Berastagi,universitas quality berastagi,university,,,f2d4ca6e-2639-41f1-9719-7f0b0e36fc48,bima_kemdiktisaintek,https://apibima.kemdiktisaintek.go.id/api/v1/ecatalog/perguruantinggi/search?page=23&limit=10,approved,
Universitas Indonesia Timur,universitas indonesia timur,university,,,9c8bb358-bc74-48f8-af66-2248fa5ff8fe,bima_kemdiktisaintek,https://apibima.kemdiktisaintek.go.id/api/v1/ecatalog/perguruantinggi/search?page=24&limit=10,approved,
Universitas Abdurrab,universitas abdurrab,university,,,bbde1424-6ba1-4599-bc30-86690fda1e76,bima_kemdiktisaintek,https://apibima.kemdiktisaintek.go.id/api/v1/ecatalog/perguruantinggi/search?page=24&limit=10,approved,
Universitas Bhakti Kencana,universitas bhakti kencana,university,,,f663b790-ccd1-4763-ac95-389e36feec78,bima_kemdiktisaintek,https://apibima.kemdiktisaintek.go.id/api/v1/ecatalog/perguruantinggi/search?page=24&limit=10,approved,
Universitas Jabal Ghafur,universitas jabal ghafur,university,,,1db9a027-8656-49b6-83cc-7544d7761b69,bima_kemdiktisaintek,https://apibima.kemdiktisaintek.go.id/api/v1/ecatalog/perguruantinggi/search?page=24&limit=10,approved,
Universitas Presiden,universitas presiden,university,,,974b914d-530c-468a-ba54-969a4fe3d422,bima_kemdiktisaintek,https://apibima.kemdiktisaintek.go.id/api/v1/ecatalog/perguruantinggi/search?page=24&limit=10,approved,
Universitas Dehasen Bengkulu,universitas dehasen bengkulu,university,,,c880e405-7eb0-4fd8-ae96-05499d8cd04d,bima_kemdiktisaintek,https://apibima.kemdiktisaintek.go.id/api/v1/ecatalog/perguruantinggi/search?page=24&limit=10,approved,
Universitas Indraprasta PGRI,universitas indraprasta pgri,university,,,ef129ae4-69b5-4a4f-9e36-cd2f38bdcab2,bima_kemdiktisaintek,https://apibima.kemdiktisaintek.go.id/api/v1/ecatalog/perguruantinggi/search?page=24&limit=10,approved,
Universitas Nahdlatul Ulama Al Ghazali Cilacap,universitas nahdlatul ulama al ghazali cilacap,university,,,453aec78-a5cf-4743-99fa-8ec6fec9f6ab,bima_kemdiktisaintek,https://apibima.kemdiktisaintek.go.id/api/v1/ecatalog/perguruantinggi/search?page=24&limit=10,approved,
Universitas Bojonegoro,universitas bojonegoro,university,,,4a7669d6-8697-4cc7-a9b7-b7b595ab1d3f,bima_kemdiktisaintek,https://apibima.kemdiktisaintek.go.id/api/v1/ecatalog/perguruantinggi/search?page=24&limit=10,approved,
Universitas Muhammadiyah Bangka Belitung,universitas muhammadiyah bangka belitung,university,,,61cf2141-ff42-4d5c-b208-57c760ca1367,bima_kemdiktisaintek,https://apibima.kemdiktisaintek.go.id/api/v1/ecatalog/perguruantinggi/search?page=24&limit=10,approved,
Universitas Puangrimaggalatung,universitas puangrimaggalatung,university,,,b1b28768-32e1-4109-b98d-9a913557d843,bima_kemdiktisaintek,https://apibima.kemdiktisaintek.go.id/api/v1/ecatalog/perguruantinggi/search?page=25&limit=10,approved,
Universitas Wahid Hasyim,universitas wahid hasyim,university,,,1f514bb8-f9a3-49a8-bf73-5a37d50b76fc,bima_kemdiktisaintek,https://apibima.kemdiktisaintek.go.id/api/v1/ecatalog/perguruantinggi/search?page=25&limit=10,approved,
Universitas Bina Bangsa Getsempena,universitas bina bangsa getsempena,university,,,f8b41946-a91e-4a53-8e8e-d1bc2daeddba,bima_kemdiktisaintek,https://apibima.kemdiktisaintek.go.id/api/v1/ecatalog/perguruantinggi/search?page=25&limit=10,approved,
Universitas Muhammadiyah Palangka Raya,universitas muhammadiyah palangka raya,university,,,1ff714fb-f82c-4f22-84b5-3bdba16b372c,bima_kemdiktisaintek,https://apibima.kemdiktisaintek.go.id/api/v1/ecatalog/perguruantinggi/search?page=25&limit=10,approved,
Universitas Borneo Tarakan,universitas borneo tarakan,university,,,36b2e916-52f5-426b-b545-72814db90acf,bima_kemdiktisaintek,https://apibima.kemdiktisaintek.go.id/api/v1/ecatalog/perguruantinggi/search?page=25&limit=10,approved,
Universitas Baiturrahmah,universitas baiturrahmah,university,,,a02d565c-ba18-4460-8438-f0f56d181e94,bima_kemdiktisaintek,https://apibima.kemdiktisaintek.go.id/api/v1/ecatalog/perguruantinggi/search?page=25&limit=10,approved,
Institut Seni Indonesia Padang Panjang,institut seni indonesia padang panjang,university,,,f091587e-3c5d-44fa-84a7-7d011d2dbae6,bima_kemdiktisaintek,https://apibima.kemdiktisaintek.go.id/api/v1/ecatalog/perguruantinggi/search?page=25&limit=10,approved,
Universitas Wiralodra,universitas wiralodra,university,,,4fa9bcc4-a634-46f3-9db1-8b0cb98b24a8,bima_kemdiktisaintek,https://apibima.kemdiktisaintek.go.id/api/v1/ecatalog/perguruantinggi/search?page=25&limit=10,approved,
Universitas Muhammadiyah Purworejo,universitas muhammadiyah purworejo,university,,,ad5bf849-2eb2-4f7f-a88a-8536da04e310,bima_kemdiktisaintek,https://apibima.kemdiktisaintek.go.id/api/v1/ecatalog/perguruantinggi/search?page=25&limit=10,approved,
Universitas Cokroaminoto Makassar,universitas cokroaminoto makassar,university,,,b4b59089-5880-4cc5-bef9-6cc53589b8f8,bima_kemdiktisaintek,https://apibima.kemdiktisaintek.go.id/api/v1/ecatalog/perguruantinggi/search?page=25&limit=10,approved,
Universitas Alma Ata,universitas alma ata,university,,,bb2c7583-e50b-4453-9e5a-54c974935935,bima_kemdiktisaintek,https://apibima.kemdiktisaintek.go.id/api/v1/ecatalog/perguruantinggi/search?page=26&limit=10,approved,
Universitas Terbuka,universitas terbuka,university,,,fcceae0c-3f58-479a-ae1d-f5adbe7f2552,bima_kemdiktisaintek,https://apibima.kemdiktisaintek.go.id/api/v1/ecatalog/perguruantinggi/search?page=26&limit=10,approved,
Universitas Muhammadiyah Maluku Utara,universitas muhammadiyah maluku utara,university,,,7d8d3660-b0bb-472a-a619-69f5f42944da,bima_kemdiktisaintek,https://apibima.kemdiktisaintek.go.id/api/v1/ecatalog/perguruantinggi/search?page=26&limit=10,approved,
Universitas Sains Alqur an,universitas sains alqur an,university,,,0088f5f4-8a97-4d20-9a61-ac27a36170ab,bima_kemdiktisaintek,https://apibima.kemdiktisaintek.go.id/api/v1/ecatalog/perguruantinggi/search?page=26&limit=10,approved,
Universitas Komputer Indonesia,universitas komputer indonesia,university,,,0d50663a-ba8a-473e-8e5a-4063687b9eb6,bima_kemdiktisaintek,https://apibima.kemdiktisaintek.go.id/api/v1/ecatalog/perguruantinggi/search?page=26&limit=10,approved,
Universitas Muhammadiyah Mataram,universitas muhammadiyah mataram,university,,,f02c4296-654a-4b15-8ec1-17fa61d11e84,bima_kemdiktisaintek,https://apibima.kemdiktisaintek.go.id/api/v1/ecatalog/perguruantinggi/search?page=26&limit=10,approved,
Universitas Abulyatama,universitas abulyatama,university,,,357158e9-c20f-4a97-8e60-b154552455e9,bima_kemdiktisaintek,https://apibima.kemdiktisaintek.go.id/api/v1/ecatalog/perguruantinggi/search?page=26&limit=10,approved,
Universitas Global Jakarta,universitas global jakarta,university,,,82914724-635f-4e60-bd7b-a3ade798baf1,bima_kemdiktisaintek,https://apibima.kemdiktisaintek.go.id/api/v1/ecatalog/perguruantinggi/search?page=26&limit=10,approved,
Universitas Nahdlatul Wathan Mataram,universitas nahdlatul wathan mataram,university,,,920abd30-a787-4afa-8aaf-4f7c4497f265,bima_kemdiktisaintek,https://apibima.kemdiktisaintek.go.id/api/v1/ecatalog/perguruantinggi/search?page=26&limit=10,approved,
Universitas Kristen Wira Wacana Sumba,universitas kristen wira wacana sumba,university,,,982ef8ac-66bd-428a-9b1c-d499163e921f,bima_kemdiktisaintek,https://apibima.kemdiktisaintek.go.id/api/v1/ecatalog/perguruantinggi/search?page=26&limit=10,approved,
Universitas Kadiri,universitas kadiri,university,,,9e90e8fe-11ce-427f-9c6a-a7f639633f5e,bima_kemdiktisaintek,https://apibima.kemdiktisaintek.go.id/api/v1/ecatalog/perguruantinggi/search?page=27&limit=10,approved,
Universitas Fajar,universitas fajar,university,,,9f95685a-d3fb-47c5-adc6-54db931c42fd,bima_kemdiktisaintek,https://apibima.kemdiktisaintek.go.id/api/v1/ecatalog/perguruantinggi/search?page=27&limit=10,approved,
Universitas Sari Putra Indonesia Tomohon,universitas sari putra indonesia tomohon,university,,,12abab64-95a1-4808-a1f9-ecf3c0a43229,bima_kemdiktisaintek,https://apibima.kemdiktisaintek.go.id/api/v1/ecatalog/perguruantinggi/search?page=27&limit=10,approved,
Universitas Tribhuwana Tungga Dewi,universitas tribhuwana tungga dewi,university,,,30e7a2fd-08c3-46ac-b4c6-f71c64f7b938,bima_kemdiktisaintek,https://apibima.kemdiktisaintek.go.id/api/v1/ecatalog/perguruantinggi/search?page=27&limit=10,approved,
Universitas Pertamina,universitas pertamina,university,,,373c1ad9-11fb-41c4-9b71-fef2b16e801b,bima_kemdiktisaintek,https://apibima.kemdiktisaintek.go.id/api/v1/ecatalog/perguruantinggi/search?page=27&limit=10,approved,
Universitas Malahayati,universitas malahayati,university,,,47996b7c-cf89-4308-ba5d-6db3d779dd80,bima_kemdiktisaintek,https://apibima.kemdiktisaintek.go.id/api/v1/ecatalog/perguruantinggi/search?page=27&limit=10,approved,
Universitas Pancasakti,universitas pancasakti,university,,,6c99dad8-575a-4581-b161-f1e9a83167ac,bima_kemdiktisaintek,https://apibima.kemdiktisaintek.go.id/api/v1/ecatalog/perguruantinggi/search?page=27&limit=10,approved,
Universitas 17 Agustus 1945 Banyuwangi,universitas 17 agustus 1945 banyuwangi,university,,,cb272372-a92e-42cd-87ad-ca0e568c4e75,bima_kemdiktisaintek,https://apibima.kemdiktisaintek.go.id/api/v1/ecatalog/perguruantinggi/search?page=27&limit=10,approved,
Institut Seni Budaya Indonesia Bandung,institut seni budaya indonesia bandung,university,,,5a4a08e1-42a3-4b8d-9a92-5f1ee0b90a3f,bima_kemdiktisaintek,https://apibima.kemdiktisaintek.go.id/api/v1/ecatalog/perguruantinggi/search?page=27&limit=10,approved,
Universitas Ngudi Waluyo,universitas ngudi waluyo,university,,,97b11c09-0b62-4046-aa4d-8faba92018ef,bima_kemdiktisaintek,https://apibima.kemdiktisaintek.go.id/api/v1/ecatalog/perguruantinggi/search?page=27&limit=10,approved,
Universitas Multimedia Nusantara,universitas multimedia nusantara,university,,,fe458324-ac54-47ae-866a-79d0bfdf177e,bima_kemdiktisaintek,https://apibima.kemdiktisaintek.go.id/api/v1/ecatalog/perguruantinggi/search?page=28&limit=10,approved,
Institut Teknologi Nasional Bandung,institut teknologi nasional bandung,university,,,188b769f-0a94-49b2-ab0e-1fbcb8442fe5,bima_kemdiktisaintek,https://apibima.kemdiktisaintek.go.id/api/v1/ecatalog/perguruantinggi/search?page=28&limit=10,approved,
Institut Informatika Dan Bisnis Darmajaya,institut informatika dan bisnis darmajaya,university,,,32810352-3bcb-46b8-8261-cf96eafe6923,bima_kemdiktisaintek,https://apibima.kemdiktisaintek.go.id/api/v1/ecatalog/perguruantinggi/search?page=28&limit=10,approved,
Institut Ilmu Sosial dan Manajemen STIAMI,institut ilmu sosial dan manajemen stiami,university,,,7977b986-41bd-4177-b5a6-2c862d61ca4a,bima_kemdiktisaintek,https://apibima.kemdiktisaintek.go.id/api/v1/ecatalog/perguruantinggi/search?page=28&limit=10,approved,
Universitas Yarsi,universitas yarsi,university,,,8929a071-a8d1-4e94-a0dc-2d2c96f8877a,bima_kemdiktisaintek,https://apibima.kemdiktisaintek.go.id/api/v1/ecatalog/perguruantinggi/search?page=28&limit=10,approved,
Universitas Dhyana Pura,universitas dhyana pura,university,,,b602956b-3670-4893-9e97-c8e08e820d90,bima_kemdiktisaintek,https://apibima.kemdiktisaintek.go.id/api/v1/ecatalog/perguruantinggi/search?page=28&limit=10,approved,
Universitas Nahdlatul Ulama Purwokerto,universitas nahdlatul ulama purwokerto,university,,,c8c7c691-ab15-4678-9155-75dc1a3ac8a2,bima_kemdiktisaintek,https://apibima.kemdiktisaintek.go.id/api/v1/ecatalog/perguruantinggi/search?page=28&limit=10,approved,
Universitas Cokroaminoto Palopo,universitas cokroaminoto palopo,university,,,d992c36e-f2b4-4c31-85e8-913373789b0b,bima_kemdiktisaintek,https://apibima.kemdiktisaintek.go.id/api/v1/ecatalog/perguruantinggi/search?page=28&limit=10,approved,
Universitas Putra Indonesia Yptk Padang,universitas putra indonesia yptk padang,university,,,fec2ef0f-4af1-40a9-a08f-9662526ed526,bima_kemdiktisaintek,https://apibima.kemdiktisaintek.go.id/api/v1/ecatalog/perguruantinggi/search?page=28&limit=10,approved,
Sekolah Tinggi Ilmu Ekonomi Sultan Agung,sekolah tinggi ilmu ekonomi sultan agung,university,,,131d57b6-9e72-410a-a6b6-a7b59aadc694,bima_kemdiktisaintek,https://apibima.kemdiktisaintek.go.id/api/v1/ecatalog/perguruantinggi/search?page=28&limit=10,approved,
Universitas Trilogi,universitas trilogi,university,,,4a79fe10-aa10-4bad-833c-71e7e9347701,bima_kemdiktisaintek,https://apibima.kemdiktisaintek.go.id/api/v1/ecatalog/perguruantinggi/search?page=29&limit=10,approved,
Universitas Wijaya Kusuma Surabaya,universitas wijaya kusuma surabaya,university,,,9a3dec25-c569-4a80-94c0-ad2988b1c5d4,bima_kemdiktisaintek,https://apibima.kemdiktisaintek.go.id/api/v1/ecatalog/perguruantinggi/search?page=29&limit=10,approved,
Universitas Muhammadiyah Aceh,universitas muhammadiyah aceh,university,,,ea4fe636-42e4-4cbf-a0c7-7d4adefcf7fc,bima_kemdiktisaintek,https://apibima.kemdiktisaintek.go.id/api/v1/ecatalog/perguruantinggi/search?page=29&limit=10,approved,
Institut Teknologi Bacharuddin Jusuf Habibie,institut teknologi bacharuddin jusuf habibie,university,,,fb134384-7773-49fd-b7bf-ed4d03777811,bima_kemdiktisaintek,https://apibima.kemdiktisaintek.go.id/api/v1/ecatalog/perguruantinggi/search?page=29&limit=10,approved,
Universitas Selamat Sri,universitas selamat sri,university,,,fc1fc1fe-d725-45d5-9e7d-9df252309d88,bima_kemdiktisaintek,https://apibima.kemdiktisaintek.go.id/api/v1/ecatalog/perguruantinggi/search?page=29&limit=10,approved,
Sekolah Tinggi Ilmu Ekonomi Tri Dharma Nusantara,sekolah tinggi ilmu ekonomi tri dharma nusantara,university,,,7d5d1bd6-0a08-4dc5-8635-af9a2bca53f2,bima_kemdiktisaintek,https://apibima.kemdiktisaintek.go.id/api/v1/ecatalog/perguruantinggi/search?page=29&limit=10,approved,
Institut Ilmu Kesehatan Bhakti Wiyata Kediri,institut ilmu kesehatan bhakti wiyata kediri,university,,,cc2dde57-b4b6-4463-84a0-21eb51bd20ba,bima_kemdiktisaintek,https://apibima.kemdiktisaintek.go.id/api/v1/ecatalog/perguruantinggi/search?page=29&limit=10,approved,
STIKES Maluku Husada,stikes maluku husada,university,,,dce2e589-8648-4933-b434-fd49f00ae118,bima_kemdiktisaintek,https://apibima.kemdiktisaintek.go.id/api/v1/ecatalog/perguruantinggi/search?page=29&limit=10,approved,
Universitas Adzkia,universitas adzkia,university,,,48de0ea0-d4bc-4660-b1f4-95a25ad43c97,bima_kemdiktisaintek,https://apibima.kemdiktisaintek.go.id/api/v1/ecatalog/perguruantinggi/search?page=29&limit=10,approved,
Universitas Informatika Dan Bisnis Indonesia,universitas informatika dan bisnis indonesia,university,,,5581f3f7-e1c1-4004-950b-3bc300a7b16e,bima_kemdiktisaintek,https://apibima.kemdiktisaintek.go.id/api/v1/ecatalog/perguruantinggi/search?page=29&limit=10,approved,
Universitas Nahdlatul Ulama Kalimantan Barat,universitas nahdlatul ulama kalimantan barat,university,,,4d381675-5138-4fb6-b919-4ad84ce824b9,bima_kemdiktisaintek,https://apibima.kemdiktisaintek.go.id/api/v1/ecatalog/perguruantinggi/search?page=30&limit=10,approved,
Universitas Mercu Buana Yogyakarta,universitas mercu buana yogyakarta,university,,,4e4c65df-3db9-46c1-b107-c0b84e661636,bima_kemdiktisaintek,https://apibima.kemdiktisaintek.go.id/api/v1/ecatalog/perguruantinggi/search?page=30&limit=10,approved,
Universitas Islam Darul `ulum,universitas islam darul `ulum,university,,,59e2006f-2ee5-4205-ac4a-3d21f491b04a,bima_kemdiktisaintek,https://apibima.kemdiktisaintek.go.id/api/v1/ecatalog/perguruantinggi/search?page=30&limit=10,approved,
Universitas Kristen Indonesia Tomohon,universitas kristen indonesia tomohon,university,,,afa5c131-7731-4a11-9bea-8c94b271a34c,bima_kemdiktisaintek,https://apibima.kemdiktisaintek.go.id/api/v1/ecatalog/perguruantinggi/search?page=30&limit=10,approved,
IKIP PGRI Pontianak,ikip pgri pontianak,university,,,c8192f2e-bce7-4324-ab8f-2532df58d90a,bima_kemdiktisaintek,https://apibima.kemdiktisaintek.go.id/api/v1/ecatalog/perguruantinggi/search?page=30&limit=10,approved,
Universitas Pohuwato,universitas pohuwato,university,,,ce940345-fedc-4736-83d6-f2666eb95d52,bima_kemdiktisaintek,https://apibima.kemdiktisaintek.go.id/api/v1/ecatalog/perguruantinggi/search?page=30&limit=10,approved,
STMIK IKMI Cirebon,stmik ikmi cirebon,university,,,e6ebb919-256f-4c8c-a51e-538f9cddce75,bima_kemdiktisaintek,https://apibima.kemdiktisaintek.go.id/api/v1/ecatalog/perguruantinggi/search?page=30&limit=10,approved,
Institut Seni Indonesia Yogyakarta,institut seni indonesia yogyakarta,university,,,1a9bc302-fe39-433c-935f-3fcd307e5c8a,bima_kemdiktisaintek,https://apibima.kemdiktisaintek.go.id/api/v1/ecatalog/perguruantinggi/search?page=30&limit=10,approved,
Universitas Internasional Semen Indonesia,universitas internasional semen indonesia,university,,,5f3a8cef-99c6-480a-a9b4-95543d3805ca,bima_kemdiktisaintek,https://apibima.kemdiktisaintek.go.id/api/v1/ecatalog/perguruantinggi/search?page=30&limit=10,approved,
Sekolah Tinggi Keguruan dan Ilmu Pendidikan Al Maksum,sekolah tinggi keguruan dan ilmu pendidikan al maksum,university,,,662dc413-3ba9-4eb2-a61a-75ff76e74197,bima_kemdiktisaintek,https://apibima.kemdiktisaintek.go.id/api/v1/ecatalog/perguruantinggi/search?page=30&limit=10,approved,
Institut Seni Budaya Indonesia Aceh,institut seni budaya indonesia aceh,university,,,735d81a1-3f48-4791-a15e-1d3143d15f92,bima_kemdiktisaintek,https://apibima.kemdiktisaintek.go.id/api/v1/ecatalog/perguruantinggi/search?page=31&limit=10,approved,
Universitas Merdeka Madiun,universitas merdeka madiun,university,,,eb2c2cdc-6259-4d52-b38f-060a9bfb67df,bima_kemdiktisaintek,https://apibima.kemdiktisaintek.go.id/api/v1/ecatalog/perguruantinggi/search?page=31&limit=10,approved,
Universitas Persatuan Guru 1945 NTT,universitas persatuan guru 1945 ntt,university,,,1bf692f4-3b0c-44d1-920a-3995caa7f7dd,bima_kemdiktisaintek,https://apibima.kemdiktisaintek.go.id/api/v1/ecatalog/perguruantinggi/search?page=31&limit=10,approved,
STKIP Harapan Bima,stkip harapan bima,university,,,69fc1203-b857-45c9-948f-b7c360cb695c,bima_kemdiktisaintek,https://apibima.kemdiktisaintek.go.id/api/v1/ecatalog/perguruantinggi/search?page=31&limit=10,approved,
Institut Keguruan dan Ilmu Pendidikan Siliwangi,institut keguruan dan ilmu pendidikan siliwangi,university,,,ce6d3a49-9bcb-459c-a22a-1de10002827b,bima_kemdiktisaintek,https://apibima.kemdiktisaintek.go.id/api/v1/ecatalog/perguruantinggi/search?page=31&limit=10,approved,
Sekolah Tinggi Ilmu Ekonomi Pariwisata Indonesia,sekolah tinggi ilmu ekonomi pariwisata indonesia,university,,,e045d862-e2c1-487f-81ac-3a9561e46a8b,bima_kemdiktisaintek,https://apibima.kemdiktisaintek.go.id/api/v1/ecatalog/perguruantinggi/search?page=31&limit=10,approved,
Universitas Bunda Mulia,universitas bunda mulia,university,,,ee1ba6c9-4f63-44f6-99a4-2e21ad07925c,bima_kemdiktisaintek,https://apibima.kemdiktisaintek.go.id/api/v1/ecatalog/perguruantinggi/search?page=31&limit=10,approved,
Universitas Peradaban,universitas peradaban,university,,,f607179f-17b5-450e-98ab-1d382b12831b,bima_kemdiktisaintek,https://apibima.kemdiktisaintek.go.id/api/v1/ecatalog/perguruantinggi/search?page=31&limit=10,approved,
Universitas Budi Luhur,universitas budi luhur,university,,,ff0e62b6-e9a1-469a-8c74-5432c0df297d,bima_kemdiktisaintek,https://apibima.kemdiktisaintek.go.id/api/v1/ecatalog/perguruantinggi/search?page=31&limit=10,approved,
Institut Teknologi dan Kesehatan Bali,institut teknologi dan kesehatan bali,university,,,044180e7-7057-4724-bbcc-d3b2a616ee97,bima_kemdiktisaintek,https://apibima.kemdiktisaintek.go.id/api/v1/ecatalog/perguruantinggi/search?page=31&limit=10,approved,
Universitas 17 Agustus 1945 Surabaya,universitas 17 agustus 1945 surabaya,university,,,05402238-8f40-4434-bfab-97675e06242e,bima_kemdiktisaintek,https://apibima.kemdiktisaintek.go.id/api/v1/ecatalog/perguruantinggi/search?page=32&limit=10,approved,
Institut Kesehatan Helvetia,institut kesehatan helvetia,university,,,37685c54-8ba3-420a-9566-546037f0ae3d,bima_kemdiktisaintek,https://apibima.kemdiktisaintek.go.id/api/v1/ecatalog/perguruantinggi/search?page=32&limit=10,approved,
Institut Seni Indonesia Denpasar,institut seni indonesia denpasar,university,,,56115257-d493-4dbc-b1c1-e35b48c93bde,bima_kemdiktisaintek,https://apibima.kemdiktisaintek.go.id/api/v1/ecatalog/perguruantinggi/search?page=32&limit=10,approved,
Universitas Pasifik Morotai,universitas pasifik morotai,university,,,a80eebc7-20b5-4156-b045-1124effb7de4,bima_kemdiktisaintek,https://apibima.kemdiktisaintek.go.id/api/v1/ecatalog/perguruantinggi/search?page=32&limit=10,approved,
Universitas Hindu Indonesia,universitas hindu indonesia,university,,,cb698987-456a-4746-8494-7f6b99acedc7,bima_kemdiktisaintek,https://apibima.kemdiktisaintek.go.id/api/v1/ecatalog/perguruantinggi/search?page=32&limit=10,approved,
Universitas PGRI Madiun,universitas pgri madiun,university,,,91bd4fb5-4bb9-4c3b-a956-eddc66529838,bima_kemdiktisaintek,https://apibima.kemdiktisaintek.go.id/api/v1/ecatalog/perguruantinggi/search?page=32&limit=10,approved,
Universitas HKBP Nommensen Pematangsiantar,universitas hkbp nommensen pematangsiantar,university,,,c06a6efb-4fc2-424e-a1f9-8662cd45d713,bima_kemdiktisaintek,https://apibima.kemdiktisaintek.go.id/api/v1/ecatalog/perguruantinggi/search?page=32&limit=10,approved,
Universitas PGRI Pontianak,universitas pgri pontianak,university,,,e62105ab-02d5-4777-90d4-7a2377fbc45f,bima_kemdiktisaintek,https://apibima.kemdiktisaintek.go.id/api/v1/ecatalog/perguruantinggi/search?page=32&limit=10,approved,
Universitas Muhammadiyah Enrekang,universitas muhammadiyah enrekang,university,,,14210ace-5ecc-45b4-8511-7bb26e40b534,bima_kemdiktisaintek,https://apibima.kemdiktisaintek.go.id/api/v1/ecatalog/perguruantinggi/search?page=32&limit=10,approved,
Universitas Islam Nusantara,universitas islam nusantara,university,,,5432f663-fe70-46e8-a2a4-71e78e7dbebc,bima_kemdiktisaintek,https://apibima.kemdiktisaintek.go.id/api/v1/ecatalog/perguruantinggi/search?page=32&limit=10,approved,
Institut Bio Scientia Internasional Indonesia,institut bio scientia internasional indonesia,university,,,7d611967-943e-4a10-897d-8c20bdbf3e89,bima_kemdiktisaintek,https://apibima.kemdiktisaintek.go.id/api/v1/ecatalog/perguruantinggi/search?page=33&limit=10,approved,
Universitas Ubudiyah Indonesia,universitas ubudiyah indonesia,university,,,8266b59a-c075-48f9-bb59-20f7eb9a3caa,bima_kemdiktisaintek,https://apibima.kemdiktisaintek.go.id/api/v1/ecatalog/perguruantinggi/search?page=33&limit=10,approved,
Sekolah Tinggi Ilmu Ekonomi Amkop Makassar,sekolah tinggi ilmu ekonomi amkop makassar,university,,,fbed330e-8b1d-44cf-ab4f-924a49d7bbc7,bima_kemdiktisaintek,https://apibima.kemdiktisaintek.go.id/api/v1/ecatalog/perguruantinggi/search?page=33&limit=10,approved,
Universitas Muhammadiyah Sumatera Barat,universitas muhammadiyah sumatera barat,university,,,027d3222-820c-49f7-8449-e2f0169a9abb,bima_kemdiktisaintek,https://apibima.kemdiktisaintek.go.id/api/v1/ecatalog/perguruantinggi/search?page=33&limit=10,approved,
Universitas Bandar Lampung,universitas bandar lampung,university,,,059bb781-e100-4fe6-9651-d6b2d0a288ca,bima_kemdiktisaintek,https://apibima.kemdiktisaintek.go.id/api/v1/ecatalog/perguruantinggi/search?page=33&limit=10,approved,
Universitas Universal,universitas universal,university,,,40ae422a-b37f-4f33-8e09-10ecac07a48a,bima_kemdiktisaintek,https://apibima.kemdiktisaintek.go.id/api/v1/ecatalog/perguruantinggi/search?page=33&limit=10,approved,
Universitas Muhammadiyah Surabaya,universitas muhammadiyah surabaya,university,,,6331ee89-5263-4d22-97fd-beacd63fbddf,bima_kemdiktisaintek,https://apibima.kemdiktisaintek.go.id/api/v1/ecatalog/perguruantinggi/search?page=33&limit=10,approved,
Universitas Nggusuwaru,universitas nggusuwaru,university,,,7e472eab-ff82-424e-a642-acd2918098b1,bima_kemdiktisaintek,https://apibima.kemdiktisaintek.go.id/api/v1/ecatalog/perguruantinggi/search?page=33&limit=10,approved,
Universitas Cahaya Prima,universitas cahaya prima,university,,,89650d6b-cc5d-4da8-ad44-8d7fb8e63690,bima_kemdiktisaintek,https://apibima.kemdiktisaintek.go.id/api/v1/ecatalog/perguruantinggi/search?page=33&limit=10,approved,
Universitas Serang Raya,universitas serang raya,university,,,d6d8c7a8-a54d-47ab-a37b-438716b4c0ac,bima_kemdiktisaintek,https://apibima.kemdiktisaintek.go.id/api/v1/ecatalog/perguruantinggi/search?page=33&limit=10,approved,
Universitas Citra Bangsa,universitas citra bangsa,university,,,d8acd2ea-39db-421e-b5e6-3478d89a39ea,bima_kemdiktisaintek,https://apibima.kemdiktisaintek.go.id/api/v1/ecatalog/perguruantinggi/search?page=34&limit=10,approved,
Institut Teknologi Nasional Yogyakarta,institut teknologi nasional yogyakarta,university,,,106ecccf-3a86-471a-b35a-a78de04ad0e1,bima_kemdiktisaintek,https://apibima.kemdiktisaintek.go.id/api/v1/ecatalog/perguruantinggi/search?page=34&limit=10,approved,
Universitas Tjut Nyak Dhien,universitas tjut nyak dhien,university,,,3575f5f5-ecf0-42ef-a4ec-b4bd88f57cf1,bima_kemdiktisaintek,https://apibima.kemdiktisaintek.go.id/api/v1/ecatalog/perguruantinggi/search?page=34&limit=10,approved,
Universitas Wisnuwardhana,universitas wisnuwardhana,university,,,98687f26-fe60-46e9-903f-35bbe0827c83,bima_kemdiktisaintek,https://apibima.kemdiktisaintek.go.id/api/v1/ecatalog/perguruantinggi/search?page=34&limit=10,approved,
Universitas Tridinanti,universitas tridinanti,university,,,f62f4b55-4cf2-4971-bc05-4b1a89a1bf69,bima_kemdiktisaintek,https://apibima.kemdiktisaintek.go.id/api/v1/ecatalog/perguruantinggi/search?page=34&limit=10,approved,
Universitas Sahid,universitas sahid,university,,,084ed4dd-0335-4564-8ea6-7976254e8898,bima_kemdiktisaintek,https://apibima.kemdiktisaintek.go.id/api/v1/ecatalog/perguruantinggi/search?page=34&limit=10,approved,
Institut Teknologi dan Bisnis STIKOM Bali,institut teknologi dan bisnis stikom bali,university,,,0bf683c2-bc73-4adc-a811-9b76600171bb,bima_kemdiktisaintek,https://apibima.kemdiktisaintek.go.id/api/v1/ecatalog/perguruantinggi/search?page=34&limit=10,approved,
Universitas Widyatama,universitas widyatama,university,,,3507659a-48fc-4f43-aa11-2bd3248e41c3,bima_kemdiktisaintek,https://apibima.kemdiktisaintek.go.id/api/v1/ecatalog/perguruantinggi/search?page=34&limit=10,approved,
Universitas Ivet,universitas ivet,university,,,36910524-548e-42df-93c3-50a066516eb6,bima_kemdiktisaintek,https://apibima.kemdiktisaintek.go.id/api/v1/ecatalog/perguruantinggi/search?page=34&limit=10,approved,
Sekolah Tinggi Pariwisata Ambarrukmo Yogyakarta,sekolah tinggi pariwisata ambarrukmo yogyakarta,university,,,46361190-7f61-46bb-9060-ad746592fef0,bima_kemdiktisaintek,https://apibima.kemdiktisaintek.go.id/api/v1/ecatalog/perguruantinggi/search?page=34&limit=10,approved,
Universitas Islam Majapahit,universitas islam majapahit,university,,,5a94bf7d-edc5-4b30-b0a0-8d662551afd0,bima_kemdiktisaintek,https://apibima.kemdiktisaintek.go.id/api/v1/ecatalog/perguruantinggi/search?page=35&limit=10,approved,
Universitas Panca Marga,universitas panca marga,university,,,da3e8680-81ea-4cd1-88bb-f8be65b82c0e,bima_kemdiktisaintek,https://apibima.kemdiktisaintek.go.id/api/v1/ecatalog/perguruantinggi/search?page=35&limit=10,approved,
Institut Teknologi Padang,institut teknologi padang,university,,,e0f87759-e400-4753-aa2c-fed62d320ec7,bima_kemdiktisaintek,https://apibima.kemdiktisaintek.go.id/api/v1/ecatalog/perguruantinggi/search?page=35&limit=10,approved,
Universitas Aisyah Pringsewu,universitas aisyah pringsewu,university,,,29cf1778-c53c-43bb-ab9a-8d6c1795727a,bima_kemdiktisaintek,https://apibima.kemdiktisaintek.go.id/api/v1/ecatalog/perguruantinggi/search?page=35&limit=10,approved,
Universitas San Pedro,universitas san pedro,university,,,3d554f73-b1e9-450c-b8cb-0bfdbacbaf59,bima_kemdiktisaintek,https://apibima.kemdiktisaintek.go.id/api/v1/ecatalog/perguruantinggi/search?page=35&limit=10,approved,
Universitas Sulawesi Tenggara,universitas sulawesi tenggara,university,,,ad3dde0c-ae44-4a93-afb2-362872d3e729,bima_kemdiktisaintek,https://apibima.kemdiktisaintek.go.id/api/v1/ecatalog/perguruantinggi/search?page=35&limit=10,approved,
Institut Pendidikan Indonesia Garut,institut pendidikan indonesia garut,university,,,c0983aa7-545d-4202-a36d-ada79927dc22,bima_kemdiktisaintek,https://apibima.kemdiktisaintek.go.id/api/v1/ecatalog/perguruantinggi/search?page=35&limit=10,approved,
Universitas PGRI Kanjuruhan Malang,universitas pgri kanjuruhan malang,university,,,c14d292a-fc4d-491f-b13f-ed1f7026ec90,bima_kemdiktisaintek,https://apibima.kemdiktisaintek.go.id/api/v1/ecatalog/perguruantinggi/search?page=35&limit=10,approved,
Universitas Dharmas Indonesia,universitas dharmas indonesia,university,,,e31ba4a0-2d3c-49a5-842c-1928f4cfab37,bima_kemdiktisaintek,https://apibima.kemdiktisaintek.go.id/api/v1/ecatalog/perguruantinggi/search?page=35&limit=10,approved,
Universitas Muhammadiyah Lampung,universitas muhammadiyah lampung,university,,,252f8d83-6737-4592-96ed-aec771322726,bima_kemdiktisaintek,https://apibima.kemdiktisaintek.go.id/api/v1/ecatalog/perguruantinggi/search?page=35&limit=10,approved,
Universitas Bali Internasional,universitas bali internasional,university,,,35290277-3013-496c-80be-ecee8337ce98,bima_kemdiktisaintek,https://apibima.kemdiktisaintek.go.id/api/v1/ecatalog/perguruantinggi/search?page=36&limit=10,approved,
Universitas Muslim Buton,universitas muslim buton,university,,,7d503461-7a03-48b1-a97a-19e1ae3b473b,bima_kemdiktisaintek,https://apibima.kemdiktisaintek.go.id/api/v1/ecatalog/perguruantinggi/search?page=36&limit=10,approved,
Universitas Nusa Bangsa,universitas nusa bangsa,university,,,d64f5f10-5759-4f2f-8755-45794f1bac04,bima_kemdiktisaintek,https://apibima.kemdiktisaintek.go.id/api/v1/ecatalog/perguruantinggi/search?page=36&limit=10,approved,
Universitas PGRI Argopuro Jember,universitas pgri argopuro jember,university,,,f9438fe3-4a55-4d02-89d5-fc1e88190867,bima_kemdiktisaintek,https://apibima.kemdiktisaintek.go.id/api/v1/ecatalog/perguruantinggi/search?page=36&limit=10,approved,
Universitas Muhammadiyah Gresik,universitas muhammadiyah gresik,university,,,2d802418-e247-41b0-b12f-3a1bea988d9d,bima_kemdiktisaintek,https://apibima.kemdiktisaintek.go.id/api/v1/ecatalog/perguruantinggi/search?page=36&limit=10,approved,
Universitas Billfath,universitas billfath,university,,,365ecf96-8fc7-4248-b27e-c3af093e1676,bima_kemdiktisaintek,https://apibima.kemdiktisaintek.go.id/api/v1/ecatalog/perguruantinggi/search?page=36&limit=10,approved,
STKIP Yapis Dompu,stkip yapis dompu,university,,,411ef30c-7d45-4c18-84c3-4ad7ad35901d,bima_kemdiktisaintek,https://apibima.kemdiktisaintek.go.id/api/v1/ecatalog/perguruantinggi/search?page=36&limit=10,approved,
Universitas Semarang,universitas semarang,university,,,9b465ca0-e4c0-45ef-ac12-29ae74d440ab,bima_kemdiktisaintek,https://apibima.kemdiktisaintek.go.id/api/v1/ecatalog/perguruantinggi/search?page=36&limit=10,approved,
Universitas Teknologi Sulawesi,universitas teknologi sulawesi,university,,,d6cc4748-b8e1-4da2-a831-9ff4def4e97e,bima_kemdiktisaintek,https://apibima.kemdiktisaintek.go.id/api/v1/ecatalog/perguruantinggi/search?page=36&limit=10,approved,
Universitas Nurul Jadid,universitas nurul jadid,university,,,1ceaea52-0153-456b-a081-0f09d0d70b3e,bima_kemdiktisaintek,https://apibima.kemdiktisaintek.go.id/api/v1/ecatalog/perguruantinggi/search?page=36&limit=10,approved,
Universitas Alwashliyah,universitas alwashliyah,university,,,40f80d78-5f0d-498c-9820-6ea742e137a7,bima_kemdiktisaintek,https://apibima.kemdiktisaintek.go.id/api/v1/ecatalog/perguruantinggi/search?page=37&limit=10,approved,
STKIP Muhammadiyah Bangka Belitung,stkip muhammadiyah bangka belitung,university,,,42ec9d95-86d1-46b0-94d0-b8b9b7cbc2af,bima_kemdiktisaintek,https://apibima.kemdiktisaintek.go.id/api/v1/ecatalog/perguruantinggi/search?page=37&limit=10,approved,
Universitas Prof Dr Hazairin SH,universitas prof dr hazairin sh,university,,,6c3c0ebf-24ba-48a3-b9e4-2e490b752e28,bima_kemdiktisaintek,https://apibima.kemdiktisaintek.go.id/api/v1/ecatalog/perguruantinggi/search?page=37&limit=10,approved,
Universitas Battuta,universitas battuta,university,,,7da152e5-1dd7-43f6-8cbf-e56da5e05c1a,bima_kemdiktisaintek,https://apibima.kemdiktisaintek.go.id/api/v1/ecatalog/perguruantinggi/search?page=37&limit=10,approved,
Institut Bisnis dan Teknologi Indonesia,institut bisnis dan teknologi indonesia,university,,,864abef3-3938-41a7-b76f-279f10e5d850,bima_kemdiktisaintek,https://apibima.kemdiktisaintek.go.id/api/v1/ecatalog/perguruantinggi/search?page=37&limit=10,approved,
Sekolah Tinggi Ilmu Ekonomi Enam Enam Kendari,sekolah tinggi ilmu ekonomi enam enam kendari,university,,,9f97adc3-37b3-404a-aff7-a5993052ec15,bima_kemdiktisaintek,https://apibima.kemdiktisaintek.go.id/api/v1/ecatalog/perguruantinggi/search?page=37&limit=10,approved,
Universitas Muhammadiyah Buton,universitas muhammadiyah buton,university,,,a75896c8-bb79-41bc-becb-17f6e66aaa54,bima_kemdiktisaintek,https://apibima.kemdiktisaintek.go.id/api/v1/ecatalog/perguruantinggi/search?page=37&limit=10,approved,
Universitas Muhammadiyah Bima,universitas muhammadiyah bima,university,,,b1ed3bb5-53a2-4efe-a9b6-057ce99e02fa,bima_kemdiktisaintek,https://apibima.kemdiktisaintek.go.id/api/v1/ecatalog/perguruantinggi/search?page=37&limit=10,approved,
Universitas Prasetiya Mulya,universitas prasetiya mulya,university,,,b5152419-18a5-42a1-94ea-1bc08cff98e9,bima_kemdiktisaintek,https://apibima.kemdiktisaintek.go.id/api/v1/ecatalog/perguruantinggi/search?page=37&limit=10,approved,
Sekolah Tinggi Ilmu Kesehatan Mitra Husada Medan,sekolah tinggi ilmu kesehatan mitra husada medan,university,,,cc1849ff-47ae-4292-9a93-80fc8d0e6a81,bima_kemdiktisaintek,https://apibima.kemdiktisaintek.go.id/api/v1/ecatalog/perguruantinggi/search?page=37&limit=10,approved,
Universitas Nahdlatul Ulama Cirebon,universitas nahdlatul ulama cirebon,university,,,db3ea2d9-8623-4985-85f9-fd9e147a5258,bima_kemdiktisaintek,https://apibima.kemdiktisaintek.go.id/api/v1/ecatalog/perguruantinggi/search?page=38&limit=10,approved,
Universitas Bina Taruna Gorontalo,universitas bina taruna gorontalo,university,,,f2102662-2482-4f58-a6a2-c6f6a8864bd7,bima_kemdiktisaintek,https://apibima.kemdiktisaintek.go.id/api/v1/ecatalog/perguruantinggi/search?page=38&limit=10,approved,
Universitas Nahdlatul Ulama Sidoarjo,universitas nahdlatul ulama sidoarjo,university,,,137853eb-9b0c-4207-8d19-1ae1f578ff60,bima_kemdiktisaintek,https://apibima.kemdiktisaintek.go.id/api/v1/ecatalog/perguruantinggi/search?page=38&limit=10,approved,
Universitas Ichsan Sidenreng Rappang,universitas ichsan sidenreng rappang,university,,,3aa630ae-64bb-46fb-bec7-0e43081749ad,bima_kemdiktisaintek,https://apibima.kemdiktisaintek.go.id/api/v1/ecatalog/perguruantinggi/search?page=38&limit=10,approved,
Universitas Lancang Kuning,universitas lancang kuning,university,,,5a46cafc-b9e4-4a53-9080-fe8d4ce0cc1e,bima_kemdiktisaintek,https://apibima.kemdiktisaintek.go.id/api/v1/ecatalog/perguruantinggi/search?page=38&limit=10,approved,
STMIK STIKOM Indonesia,stmik stikom indonesia,university,,,5e21c771-c39b-4bd9-afee-b55d85f9207f,bima_kemdiktisaintek,https://apibima.kemdiktisaintek.go.id/api/v1/ecatalog/perguruantinggi/search?page=38&limit=10,approved,
Universitas Darussalam Ambon,universitas darussalam ambon,university,,,920c61e1-9200-40fa-ae6e-0a1e0bd0d5dc,bima_kemdiktisaintek,https://apibima.kemdiktisaintek.go.id/api/v1/ecatalog/perguruantinggi/search?page=38&limit=10,approved,
Universitas Sains Cut Nyak Dhien,universitas sains cut nyak dhien,university,,,99574dbf-f87c-4934-884d-c22ab44d7a38,bima_kemdiktisaintek,https://apibima.kemdiktisaintek.go.id/api/v1/ecatalog/perguruantinggi/search?page=38&limit=10,approved,
Universitas Islam Raden Rahmat,universitas islam raden rahmat,university,,,ed964c3d-cf72-435e-aae0-062bd5cfceb6,bima_kemdiktisaintek,https://apibima.kemdiktisaintek.go.id/api/v1/ecatalog/perguruantinggi/search?page=38&limit=10,approved,
Universitas Sains dan Teknologi Komputer,universitas sains dan teknologi komputer,university,,,293caa62-d75b-418b-afc8-ab6b5520468a,bima_kemdiktisaintek,https://apibima.kemdiktisaintek.go.id/api/v1/ecatalog/perguruantinggi/search?page=38&limit=10,approved,
Universitas Pejuang Republik Indonesia,universitas pejuang republik indonesia,university,,,3d12a23d-d59b-4042-8684-aee7262e2e1e,bima_kemdiktisaintek,https://apibima.kemdiktisaintek.go.id/api/v1/ecatalog/perguruantinggi/search?page=39&limit=10,approved,
Universitas Iskandar Muda,universitas iskandar muda,university,,,7337bb70-81fe-4803-88cc-6b898820053b,bima_kemdiktisaintek,https://apibima.kemdiktisaintek.go.id/api/v1/ecatalog/perguruantinggi/search?page=39&limit=10,approved,
Universitas Harapan Bangsa,universitas harapan bangsa,university,,,3cdf25cb-5604-49ad-8d78-f99514f0910c,bima_kemdiktisaintek,https://apibima.kemdiktisaintek.go.id/api/v1/ecatalog/perguruantinggi/search?page=39&limit=10,approved,
Universitas Muhammadiyah Palu,universitas muhammadiyah palu,university,,,4284f08a-fc43-492c-97f1-045724ceb140,bima_kemdiktisaintek,https://apibima.kemdiktisaintek.go.id/api/v1/ecatalog/perguruantinggi/search?page=39&limit=10,approved,
Universitas 17 Agustus 1945 Semarang,universitas 17 agustus 1945 semarang,university,,,43787562-ffd7-4a94-a460-3b17a0877b8d,bima_kemdiktisaintek,https://apibima.kemdiktisaintek.go.id/api/v1/ecatalog/perguruantinggi/search?page=39&limit=10,approved,
Institut Teknologi dan Bisnis Kalla,institut teknologi dan bisnis kalla,university,,,aa878fd7-6390-4416-ba00-0306d1bf7a58,bima_kemdiktisaintek,https://apibima.kemdiktisaintek.go.id/api/v1/ecatalog/perguruantinggi/search?page=39&limit=10,approved,
Universitas Muhammadiyah Tapanuli Selatan,universitas muhammadiyah tapanuli selatan,university,,,b2de8911-8ff5-4656-8186-29344782cafe,bima_kemdiktisaintek,https://apibima.kemdiktisaintek.go.id/api/v1/ecatalog/perguruantinggi/search?page=39&limit=10,approved,
Universitas Tomakaka,universitas tomakaka,university,,,c031fe88-772b-4b06-830b-b97050b6e8eb,bima_kemdiktisaintek,https://apibima.kemdiktisaintek.go.id/api/v1/ecatalog/perguruantinggi/search?page=39&limit=10,approved,
STKIP Muhammadiyah Kuningan,stkip muhammadiyah kuningan,university,,,e61cdeff-bfe5-4c1a-b72d-dcf4b8ea2cb5,bima_kemdiktisaintek,https://apibima.kemdiktisaintek.go.id/api/v1/ecatalog/perguruantinggi/search?page=39&limit=10,approved,
Universitas Triatma Mulya,universitas triatma mulya,university,,,37b0b01a-686f-4456-9e60-fcbd752c5d5a,bima_kemdiktisaintek,https://apibima.kemdiktisaintek.go.id/api/v1/ecatalog/perguruantinggi/search?page=39&limit=10,approved,
Universitas Mikroskil,universitas mikroskil,university,,,38d0b473-cc23-45f1-9c81-139fc20b2c76,bima_kemdiktisaintek,https://apibima.kemdiktisaintek.go.id/api/v1/ecatalog/perguruantinggi/search?page=40&limit=10,approved,
Universitas Muhammadiyah Tasikmalaya,universitas muhammadiyah tasikmalaya,university,,,922d2f0c-6f1b-4e13-8bfa-42d694384622,bima_kemdiktisaintek,https://apibima.kemdiktisaintek.go.id/api/v1/ecatalog/perguruantinggi/search?page=40&limit=10,approved,
STKIP Muhammadiyah Sungai Penuh,stkip muhammadiyah sungai penuh,university,,,a83b990d-2078-4359-ae45-8ec160458a84,bima_kemdiktisaintek,https://apibima.kemdiktisaintek.go.id/api/v1/ecatalog/perguruantinggi/search?page=40&limit=10,approved,
Universitas Slamet Riyadi,universitas slamet riyadi,university,,,d16792d0-ad35-4d5e-a191-39bbc9fcf461,bima_kemdiktisaintek,https://apibima.kemdiktisaintek.go.id/api/v1/ecatalog/perguruantinggi/search?page=40&limit=10,approved,
STIKES Guna Bangsa Yogyakarta,stikes guna bangsa yogyakarta,university,,,ea91be8b-fdde-4f0b-9281-fbd60e0e987c,bima_kemdiktisaintek,https://apibima.kemdiktisaintek.go.id/api/v1/ecatalog/perguruantinggi/search?page=40&limit=10,approved,
Universitas Labuhanbatu,universitas labuhanbatu,university,,,1450ffe0-f98c-439d-928e-32f5d2f98686,bima_kemdiktisaintek,https://apibima.kemdiktisaintek.go.id/api/v1/ecatalog/perguruantinggi/search?page=40&limit=10,approved,
Universitas Bhayangkara Surabaya,universitas bhayangkara surabaya,university,,,3c470cab-97cd-49c8-8f6c-dc8da606f226,bima_kemdiktisaintek,https://apibima.kemdiktisaintek.go.id/api/v1/ecatalog/perguruantinggi/search?page=40&limit=10,approved,
Universitas Baturaja,universitas baturaja,university,,,49885a58-8c45-4903-894a-1d8f75965cc6,bima_kemdiktisaintek,https://apibima.kemdiktisaintek.go.id/api/v1/ecatalog/perguruantinggi/search?page=40&limit=10,approved,
Universitas Kristen Indonesia,universitas kristen indonesia,university,,,4cf6376f-ac5e-4987-a0e6-2809f85b897f,bima_kemdiktisaintek,https://apibima.kemdiktisaintek.go.id/api/v1/ecatalog/perguruantinggi/search?page=40&limit=10,approved,
STKIP Persada Khatulistiwa,stkip persada khatulistiwa,university,,,4e09fbde-001b-4000-abd5-8aabb1d64d02,bima_kemdiktisaintek,https://apibima.kemdiktisaintek.go.id/api/v1/ecatalog/perguruantinggi/search?page=40&limit=10,approved,
Universitas Muslim Nusantara Al-Washliyah,universitas muslim nusantara al-washliyah,university,,,f68b2dd3-9fe3-49bd-a75a-3ce6f5d6c760,bima_kemdiktisaintek,https://apibima.kemdiktisaintek.go.id/api/v1/ecatalog/perguruantinggi/search?page=41&limit=10,approved,
Universitas Qamarul Huda Badaruddin Bagu,universitas qamarul huda badaruddin bagu,university,,,206f3e94-f203-472d-aa3c-2da6a491af27,bima_kemdiktisaintek,https://apibima.kemdiktisaintek.go.id/api/v1/ecatalog/perguruantinggi/search?page=41&limit=10,approved,
Universitas Kaltara,universitas kaltara,university,,,d0ac2d81-dfe3-4b37-8d95-466f04f0163a,bima_kemdiktisaintek,https://apibima.kemdiktisaintek.go.id/api/v1/ecatalog/perguruantinggi/search?page=41&limit=10,approved,
Universitas Katolik De La Salle,universitas katolik de la salle,university,,,29a55c5b-f902-4dee-ad71-dbaf89cbe16d,bima_kemdiktisaintek,https://apibima.kemdiktisaintek.go.id/api/v1/ecatalog/perguruantinggi/search?page=41&limit=10,approved,
Universitas Janabadra,universitas janabadra,university,,,71512123-3e94-4369-aad8-7e785c0a9c3c,bima_kemdiktisaintek,https://apibima.kemdiktisaintek.go.id/api/v1/ecatalog/perguruantinggi/search?page=41&limit=10,approved,
Universitas Satya Terra Bhinneka,universitas satya terra bhinneka,university,,,91c3dd70-ee58-47ff-b398-e1411d44ab6e,bima_kemdiktisaintek,https://apibima.kemdiktisaintek.go.id/api/v1/ecatalog/perguruantinggi/search?page=41&limit=10,approved,
Institut Teknologi Batam,institut teknologi batam,university,,,9cc28bac-bad4-4279-9dac-cb250d1514e6,bima_kemdiktisaintek,https://apibima.kemdiktisaintek.go.id/api/v1/ecatalog/perguruantinggi/search?page=41&limit=10,approved,
Universitas Sahid Surakarta,universitas sahid surakarta,university,,,b5118dc0-f0af-427f-bece-c96e75e31618,bima_kemdiktisaintek,https://apibima.kemdiktisaintek.go.id/api/v1/ecatalog/perguruantinggi/search?page=41&limit=10,approved,
Universitas Tompotika Luwuk Banggai,universitas tompotika luwuk banggai,university,,,de99a1d3-c99c-4539-8960-2ef9d5b6d031,bima_kemdiktisaintek,https://apibima.kemdiktisaintek.go.id/api/v1/ecatalog/perguruantinggi/search?page=41&limit=10,approved,
Sekolah Tinggi Ilmu Ekonomi Sakti Alam Kerinci,sekolah tinggi ilmu ekonomi sakti alam kerinci,university,,,e8ecff46-0904-4746-aec8-9bd36ace2394,bima_kemdiktisaintek,https://apibima.kemdiktisaintek.go.id/api/v1/ecatalog/perguruantinggi/search?page=41&limit=10,approved,
Universitas Nahdlatul Ulama Sulawesi Tenggara,universitas nahdlatul ulama sulawesi tenggara,university,,,2cceef90-e6ff-40ea-8cdb-8bd39f303b3d,bima_kemdiktisaintek,https://apibima.kemdiktisaintek.go.id/api/v1/ecatalog/perguruantinggi/search?page=42&limit=10,approved,
Sekolah Tinggi Ilmu Kesehatan Mutiara Mahakam Samarinda,sekolah tinggi ilmu kesehatan mutiara mahakam samarinda,university,,,33d492fd-e911-4f80-afbd-c49d71983d5f,bima_kemdiktisaintek,https://apibima.kemdiktisaintek.go.id/api/v1/ecatalog/perguruantinggi/search?page=42&limit=10,approved,
Universitas Narotama,universitas narotama,university,,,6047321c-68c9-4908-bb79-4bee3cd17da6,bima_kemdiktisaintek,https://apibima.kemdiktisaintek.go.id/api/v1/ecatalog/perguruantinggi/search?page=42&limit=10,approved,
Universitas Islam Sumatera Utara,universitas islam sumatera utara,university,,,644c1c85-f88d-4007-bb0f-420473afb60d,bima_kemdiktisaintek,https://apibima.kemdiktisaintek.go.id/api/v1/ecatalog/perguruantinggi/search?page=42&limit=10,approved,
Universitas Ichsan Gorontalo Utara,universitas ichsan gorontalo utara,university,,,8a029d82-6497-4738-b53f-197e7e78a7c0,bima_kemdiktisaintek,https://apibima.kemdiktisaintek.go.id/api/v1/ecatalog/perguruantinggi/search?page=42&limit=10,approved,
Universitas Subang,universitas subang,university,,,a0bb2744-3b74-4ed3-b49a-6be6ed5d28fc,bima_kemdiktisaintek,https://apibima.kemdiktisaintek.go.id/api/v1/ecatalog/perguruantinggi/search?page=42&limit=10,approved,
Universitas Katolik Santo Thomas,universitas katolik santo thomas,university,,,a9baadec-1807-4794-ad1f-bce773c73bdd,bima_kemdiktisaintek,https://apibima.kemdiktisaintek.go.id/api/v1/ecatalog/perguruantinggi/search?page=42&limit=10,approved,
STKIP PGRI Lubuk Linggau,stkip pgri lubuk linggau,university,,,d6e38574-d9c0-435d-9774-01eeea82aa2d,bima_kemdiktisaintek,https://apibima.kemdiktisaintek.go.id/api/v1/ecatalog/perguruantinggi/search?page=42&limit=10,approved,
STIKES Widya Dharma Husada Tangerang,stikes widya dharma husada tangerang,university,,,e2d884c1-3d19-4ca0-80ea-2af00ff9b187,bima_kemdiktisaintek,https://apibima.kemdiktisaintek.go.id/api/v1/ecatalog/perguruantinggi/search?page=42&limit=10,approved,
Sekolah Tinggi Ilmu Kesehatan Buleleng,sekolah tinggi ilmu kesehatan buleleng,university,,,ff28db6b-c566-4a79-a049-59822aa2d0b6,bima_kemdiktisaintek,https://apibima.kemdiktisaintek.go.id/api/v1/ecatalog/perguruantinggi/search?page=42&limit=10,approved,
Institut Teknologi dan Bisnis Asia Malang,institut teknologi dan bisnis asia malang,university,,,037efbd1-c5ba-47f0-9176-c55f80ea38e1,bima_kemdiktisaintek,https://apibima.kemdiktisaintek.go.id/api/v1/ecatalog/perguruantinggi/search?page=43&limit=10,approved,
Universitas Muhammadiyah Jember,universitas muhammadiyah jember,university,,,3735ed4e-a320-4dd8-9331-965ebae7a6bc,bima_kemdiktisaintek,https://apibima.kemdiktisaintek.go.id/api/v1/ecatalog/perguruantinggi/search?page=43&limit=10,approved,
Universitas Ekasakti,universitas ekasakti,university,,,43bf6b0f-9c85-4974-a9bd-d07449d0d705,bima_kemdiktisaintek,https://apibima.kemdiktisaintek.go.id/api/v1/ecatalog/perguruantinggi/search?page=43&limit=10,approved,
Universitas Muhammadiyah Metro,universitas muhammadiyah metro,university,,,6b56b63c-1deb-4eff-8793-371e4493dc77,bima_kemdiktisaintek,https://apibima.kemdiktisaintek.go.id/api/v1/ecatalog/perguruantinggi/search?page=43&limit=10,approved,
Universitas Muhammadiyah Kotabumi,universitas muhammadiyah kotabumi,university,,,8549eab8-fa6b-4cb7-9408-1450af251f96,bima_kemdiktisaintek,https://apibima.kemdiktisaintek.go.id/api/v1/ecatalog/perguruantinggi/search?page=43&limit=10,approved,
Institut Teknologi dan Bisnis Ahmad Dahlan,institut teknologi dan bisnis ahmad dahlan,university,,,92ac6527-7046-48e0-9723-2104265c0e2c,bima_kemdiktisaintek,https://apibima.kemdiktisaintek.go.id/api/v1/ecatalog/perguruantinggi/search?page=43&limit=10,approved,
Universitas Hamzanwadi,universitas hamzanwadi,university,,,963dcde0-5cc8-4a94-b43f-724952489fd8,bima_kemdiktisaintek,https://apibima.kemdiktisaintek.go.id/api/v1/ecatalog/perguruantinggi/search?page=43&limit=10,approved,
STMIK Triguna Dharma,stmik triguna dharma,university,,,b0c2929c-feef-4ae5-a28b-90b47255626b,bima_kemdiktisaintek,https://apibima.kemdiktisaintek.go.id/api/v1/ecatalog/perguruantinggi/search?page=43&limit=10,approved,
Universitas Madako Tolitoli,universitas madako tolitoli,university,,,35b6b605-5d91-4567-afe3-0c0b9ac69787,bima_kemdiktisaintek,https://apibima.kemdiktisaintek.go.id/api/v1/ecatalog/perguruantinggi/search?page=43&limit=10,approved,
Universitas Kristen Artha Wacana,universitas kristen artha wacana,university,,,531b4ed7-1165-43be-ad0e-51b65d4f4da7,bima_kemdiktisaintek,https://apibima.kemdiktisaintek.go.id/api/v1/ecatalog/perguruantinggi/search?page=43&limit=10,approved,
Institut Teknologi dan Kesehatan Avicenna,institut teknologi dan kesehatan avicenna,university,,,6475a601-b11a-4592-acd6-d6df57944723,bima_kemdiktisaintek,https://apibima.kemdiktisaintek.go.id/api/v1/ecatalog/perguruantinggi/search?page=44&limit=10,approved,
Universitas Muhammadiyah Bulukumba,universitas muhammadiyah bulukumba,university,,,71449f64-43ec-4c3d-8559-a5a515d9064d,bima_kemdiktisaintek,https://apibima.kemdiktisaintek.go.id/api/v1/ecatalog/perguruantinggi/search?page=44&limit=10,approved,
Universitas Aufa Royhan,universitas aufa royhan,university,,,7d0bb5d8-8988-40dd-8dff-ced29ece09bc,bima_kemdiktisaintek,https://apibima.kemdiktisaintek.go.id/api/v1/ecatalog/perguruantinggi/search?page=44&limit=10,approved,
Universitas Dr Soetomo,universitas dr soetomo,university,,,8664c1e0-8f71-4c35-9714-9d8059abaf6d,bima_kemdiktisaintek,https://apibima.kemdiktisaintek.go.id/api/v1/ecatalog/perguruantinggi/search?page=44&limit=10,approved,
Universitas Nuku,universitas nuku,university,,,e0a156ae-c8b2-497f-9273-9af749d08424,bima_kemdiktisaintek,https://apibima.kemdiktisaintek.go.id/api/v1/ecatalog/perguruantinggi/search?page=44&limit=10,approved,
Universitas Patria Artha,universitas patria artha,university,,,22584033-a395-42b7-a651-da943eae1ac2,bima_kemdiktisaintek,https://apibima.kemdiktisaintek.go.id/api/v1/ecatalog/perguruantinggi/search?page=44&limit=10,approved,
Universitas PGRI Jombang,universitas pgri jombang,university,,,8170af46-efee-4ab3-bb2f-fbfc94dbd47b,bima_kemdiktisaintek,https://apibima.kemdiktisaintek.go.id/api/v1/ecatalog/perguruantinggi/search?page=44&limit=10,approved,
Universitas Dharmawangsa,universitas dharmawangsa,university,,,88be7c8f-95e9-463c-b0e4-26395a523a60,bima_kemdiktisaintek,https://apibima.kemdiktisaintek.go.id/api/v1/ecatalog/perguruantinggi/search?page=44&limit=10,approved,
STMIK Widya Cipta Dharma,stmik widya cipta dharma,university,,,97948bfb-5a02-4de5-a990-f33defa29df1,bima_kemdiktisaintek,https://apibima.kemdiktisaintek.go.id/api/v1/ecatalog/perguruantinggi/search?page=44&limit=10,approved,
Institut Keuangan-Perbankan Dan Informatika Asia Perbanas,institut keuangan-perbankan dan informatika asia perbanas,university,,,a3b08d3f-1ad9-40d0-a492-eb0b6b2f4aa1,bima_kemdiktisaintek,https://apibima.kemdiktisaintek.go.id/api/v1/ecatalog/perguruantinggi/search?page=44&limit=10,approved,
Universitas Widya Dharma,universitas widya dharma,university,,,bf2933c0-934c-418a-912b-e3eda39eb78a,bima_kemdiktisaintek,https://apibima.kemdiktisaintek.go.id/api/v1/ecatalog/perguruantinggi/search?page=45&limit=10,approved,
Institut Sains dan Kependidikan Kie Raha Maluku Utara,institut sains dan kependidikan kie raha maluku utara,university,,,e8fb7b89-d41e-4c2d-b106-0a12dd9bd182,bima_kemdiktisaintek,https://apibima.kemdiktisaintek.go.id/api/v1/ecatalog/perguruantinggi/search?page=45&limit=10,approved,
STKIP PGRI Sumenep,stkip pgri sumenep,university,,,17db719e-3ef0-4d8a-9c10-b7a93e5420bc,bima_kemdiktisaintek,https://apibima.kemdiktisaintek.go.id/api/v1/ecatalog/perguruantinggi/search?page=45&limit=10,approved,
Sekolah Tinggi Ilmu Kesehatan Surya Global,sekolah tinggi ilmu kesehatan surya global,university,,,25e69764-0037-40da-85c2-6c478bf00a8e,bima_kemdiktisaintek,https://apibima.kemdiktisaintek.go.id/api/v1/ecatalog/perguruantinggi/search?page=45&limit=10,approved,
Universitas Bumi Hijrah Tidore,universitas bumi hijrah tidore,university,,,268ab469-c046-40a2-a620-11c13ed33dca,bima_kemdiktisaintek,https://apibima.kemdiktisaintek.go.id/api/v1/ecatalog/perguruantinggi/search?page=45&limit=10,approved,
Universitas Bina Sarana Informatika,universitas bina sarana informatika,university,,,49d77b50-3a3f-4682-9979-e8d13af7a050,bima_kemdiktisaintek,https://apibima.kemdiktisaintek.go.id/api/v1/ecatalog/perguruantinggi/search?page=45&limit=10,approved,
Institut Pendidikan Nusantara Global,institut pendidikan nusantara global,university,,,4eddfec5-c550-4ef7-b4fb-81cb5c2cc280,bima_kemdiktisaintek,https://apibima.kemdiktisaintek.go.id/api/v1/ecatalog/perguruantinggi/search?page=45&limit=10,approved,
Universitas Islam 45,universitas islam 45,university,,,587150cc-f9db-486d-a887-3975df83d716,bima_kemdiktisaintek,https://apibima.kemdiktisaintek.go.id/api/v1/ecatalog/perguruantinggi/search?page=45&limit=10,approved,
Universitas Quality,universitas quality,university,,,5daae299-9fcb-493d-b052-71716c21b953,bima_kemdiktisaintek,https://apibima.kemdiktisaintek.go.id/api/v1/ecatalog/perguruantinggi/search?page=45&limit=10,approved,
STKIP Pembangunan Indonesia,stkip pembangunan indonesia,university,,,7231db93-946d-4243-be5c-fdbf3549aa0d,bima_kemdiktisaintek,https://apibima.kemdiktisaintek.go.id/api/v1/ecatalog/perguruantinggi/search?page=45&limit=10,approved,
Universitas Bina Darma,universitas bina darma,university,,,a3d911f7-8764-4767-ae36-ff3331feb664,bima_kemdiktisaintek,https://apibima.kemdiktisaintek.go.id/api/v1/ecatalog/perguruantinggi/search?page=46&limit=10,approved,
Universitas Nahdlatul Ulama Sumatera Barat,universitas nahdlatul ulama sumatera barat,university,,,c73bd265-5b82-4208-a189-dbf96dba4eaa,bima_kemdiktisaintek,https://apibima.kemdiktisaintek.go.id/api/v1/ecatalog/perguruantinggi/search?page=46&limit=10,approved,
Universitas Islam Al-azhar,universitas islam al-azhar,university,,,de030f12-0e9e-4110-92e9-b23575c7f1c6,bima_kemdiktisaintek,https://apibima.kemdiktisaintek.go.id/api/v1/ecatalog/perguruantinggi/search?page=46&limit=10,approved,
Sekolah Tinggi Ilmu Ekonomi YKPN,sekolah tinggi ilmu ekonomi ykpn,university,,,0735be8e-c519-477c-bd4a-60e8971134c0,bima_kemdiktisaintek,https://apibima.kemdiktisaintek.go.id/api/v1/ecatalog/perguruantinggi/search?page=46&limit=10,approved,
Universitas Tunas Pembangunan Surakarta (UTP),universitas tunas pembangunan surakarta (utp),university,,,178c3b73-c620-4765-a315-5bd55e0ea030,bima_kemdiktisaintek,https://apibima.kemdiktisaintek.go.id/api/v1/ecatalog/perguruantinggi/search?page=46&limit=10,approved,
Institut Teknologi Perusahaan Listrik Negara,institut teknologi perusahaan listrik negara,university,,,3f761046-c6aa-4fbe-979c-51aa8d5a2687,bima_kemdiktisaintek,https://apibima.kemdiktisaintek.go.id/api/v1/ecatalog/perguruantinggi/search?page=46&limit=10,approved,
STKIP Andi Mattappa,stkip andi mattappa,university,,,beb0cb9b-2957-4989-bf82-f6e8c4100f8b,bima_kemdiktisaintek,https://apibima.kemdiktisaintek.go.id/api/v1/ecatalog/perguruantinggi/search?page=46&limit=10,approved,
Universitas Dharma Andalas,universitas dharma andalas,university,,,c13d808b-118e-454b-a384-6c8b4ec435ed,bima_kemdiktisaintek,https://apibima.kemdiktisaintek.go.id/api/v1/ecatalog/perguruantinggi/search?page=46&limit=10,approved,
Universitas Patompo,universitas patompo,university,,,147f49a3-51ea-450a-bfdc-0bee36c0e8d0,bima_kemdiktisaintek,https://apibima.kemdiktisaintek.go.id/api/v1/ecatalog/perguruantinggi/search?page=46&limit=10,approved,
Universitas Pembangunan Jaya Tangerang,universitas pembangunan jaya tangerang,university,,,4f3cdefd-3e36-4c7c-9ff0-093f6ee5c800,bima_kemdiktisaintek,https://apibima.kemdiktisaintek.go.id/api/v1/ecatalog/perguruantinggi/search?page=46&limit=10,approved,
STKIP Bima,stkip bima,university,,,5268decf-51ab-45c2-9d22-f964a6dd8f86,bima_kemdiktisaintek,https://apibima.kemdiktisaintek.go.id/api/v1/ecatalog/perguruantinggi/search?page=47&limit=10,approved,
Universitas Islam Kalimantan Muhammad Arsyad Al Banjari Banjarmasin,universitas islam kalimantan muhammad arsyad al banjari banjarmasin,university,,,5fd5011d-51ea-469b-a623-1df117282a0d,bima_kemdiktisaintek,https://apibima.kemdiktisaintek.go.id/api/v1/ecatalog/perguruantinggi/search?page=47&limit=10,approved,
STKIP PGRI Sumatera Barat,stkip pgri sumatera barat,university,,,6815f435-3d60-4c08-a6a6-0cf8559a669f,bima_kemdiktisaintek,https://apibima.kemdiktisaintek.go.id/api/v1/ecatalog/perguruantinggi/search?page=47&limit=10,approved,
Sekolah Tinggi Ilmu Kesehatan Harapan Ibu Jambi,sekolah tinggi ilmu kesehatan harapan ibu jambi,university,,,8551eaf4-9628-4381-aaf5-022fafb59e84,bima_kemdiktisaintek,https://apibima.kemdiktisaintek.go.id/api/v1/ecatalog/perguruantinggi/search?page=47&limit=10,approved,
Universitas Langlang Buana,universitas langlang buana,university,,,a2c7c743-99f2-4c02-aa87-a68c12ad90c6,bima_kemdiktisaintek,https://apibima.kemdiktisaintek.go.id/api/v1/ecatalog/perguruantinggi/search?page=47&limit=10,approved,
STKIP YPUP Makassar,stkip ypup makassar,university,,,b734b75c-5cfb-47c6-b3ca-b24bc2ac17ff,bima_kemdiktisaintek,https://apibima.kemdiktisaintek.go.id/api/v1/ecatalog/perguruantinggi/search?page=47&limit=10,approved,
STKIP Santu Paulus,stkip santu paulus,university,,,3778a315-476e-4625-97ff-d6f0a442e5e6,bima_kemdiktisaintek,https://apibima.kemdiktisaintek.go.id/api/v1/ecatalog/perguruantinggi/search?page=47&limit=10,approved,
Universitas Cordova,universitas cordova,university,,,38319cac-18dd-447c-ba6d-3a1323d8f804,bima_kemdiktisaintek,https://apibima.kemdiktisaintek.go.id/api/v1/ecatalog/perguruantinggi/search?page=47&limit=10,approved,
Sekolah Tinggi Keguruan dan Ilmu Pendidikan Melawi,sekolah tinggi keguruan dan ilmu pendidikan melawi,university,,,4f8d5004-5c24-4415-9cde-2939d9447496,bima_kemdiktisaintek,https://apibima.kemdiktisaintek.go.id/api/v1/ecatalog/perguruantinggi/search?page=47&limit=10,approved,
Universitas Harapan Medan,universitas harapan medan,university,,,636deb7f-ec5f-4b30-8459-d67b1f362dbc,bima_kemdiktisaintek,https://apibima.kemdiktisaintek.go.id/api/v1/ecatalog/perguruantinggi/search?page=47&limit=10,approved,
Universitas Indo Global Mandiri,universitas indo global mandiri,university,,,658942d2-196f-4f3b-8a4d-30bc13144e25,bima_kemdiktisaintek,https://apibima.kemdiktisaintek.go.id/api/v1/ecatalog/perguruantinggi/search?page=48&limit=10,approved,
Sekolah Tinggi Keguruan dan Ilmu Pendidikan Citra Bakti,sekolah tinggi keguruan dan ilmu pendidikan citra bakti,university,,,7b9eb043-e61b-4e20-96c6-b80d8f2a9eef,bima_kemdiktisaintek,https://apibima.kemdiktisaintek.go.id/api/v1/ecatalog/perguruantinggi/search?page=48&limit=10,approved,
Sekolah Tinggi Ilmu Farmasi Yayasan Pharmasi,sekolah tinggi ilmu farmasi yayasan pharmasi,university,,,aa9a1b04-0511-4b46-a630-febe4bade933,bima_kemdiktisaintek,https://apibima.kemdiktisaintek.go.id/api/v1/ecatalog/perguruantinggi/search?page=48&limit=10,approved,
Universitas Victory Sorong,universitas victory sorong,university,,,ab89e1ad-9060-456c-a42a-c9b4fa8a0e80,bima_kemdiktisaintek,https://apibima.kemdiktisaintek.go.id/api/v1/ecatalog/perguruantinggi/search?page=48&limit=10,approved,
Sekolah Tinggi Ilmu Farmasi Padang,sekolah tinggi ilmu farmasi padang,university,,,b528a617-4a52-4519-b129-2b7c5a0ac2e2,bima_kemdiktisaintek,https://apibima.kemdiktisaintek.go.id/api/v1/ecatalog/perguruantinggi/search?page=48&limit=10,approved,
Universitas Gunung Rinjani,universitas gunung rinjani,university,,,b76c498b-ddd1-4bfa-8f5c-1ea5c57c3203,bima_kemdiktisaintek,https://apibima.kemdiktisaintek.go.id/api/v1/ecatalog/perguruantinggi/search?page=48&limit=10,approved,
Universitas Banten Jaya,universitas banten jaya,university,,,b79bb7f3-6606-4e52-8406-225ad80fd770,bima_kemdiktisaintek,https://apibima.kemdiktisaintek.go.id/api/v1/ecatalog/perguruantinggi/search?page=48&limit=10,approved,
Universitas 17 Agustus 1945 Jakarta,universitas 17 agustus 1945 jakarta,university,,,ebfad72f-0640-4191-9d9b-00f3c42da718,bima_kemdiktisaintek,https://apibima.kemdiktisaintek.go.id/api/v1/ecatalog/perguruantinggi/search?page=48&limit=10,approved,
Institut Shanti Bhuana,institut shanti bhuana,university,,,317e04df-35f4-40a3-9b0c-c435b842dd2d,bima_kemdiktisaintek,https://apibima.kemdiktisaintek.go.id/api/v1/ecatalog/perguruantinggi/search?page=48&limit=10,approved,
Sekolah Tinggi Teknik Pln,sekolah tinggi teknik pln,university,,,34c5cc7d-4427-467b-b638-20c3039bf226,bima_kemdiktisaintek,https://apibima.kemdiktisaintek.go.id/api/v1/ecatalog/perguruantinggi/search?page=48&limit=10,approved,
Universitas Abdurachman Saleh Situbondo,universitas abdurachman saleh situbondo,university,,,56ec5ef8-c0db-45f7-83c6-77e75ab334ea,bima_kemdiktisaintek,https://apibima.kemdiktisaintek.go.id/api/v1/ecatalog/perguruantinggi/search?page=49&limit=10,approved,
Sekolah Tinggi Ilmu Kesehatan Cendekia Utama,sekolah tinggi ilmu kesehatan cendekia utama,university,,,d0bb515c-7180-4369-b8a8-5888ba8525d1,bima_kemdiktisaintek,https://apibima.kemdiktisaintek.go.id/api/v1/ecatalog/perguruantinggi/search?page=49&limit=10,approved,
Universitas Pesantren Tinggi Darul ulum,universitas pesantren tinggi darul ulum,university,,,fecdbe1e-8f3a-4532-8fdf-3b2bc7052def,bima_kemdiktisaintek,https://apibima.kemdiktisaintek.go.id/api/v1/ecatalog/perguruantinggi/search?page=49&limit=10,approved,
Universitas Prisma,universitas prisma,university,,,3ef249bc-c0ea-4ad3-a241-a13aea2afccd,bima_kemdiktisaintek,https://apibima.kemdiktisaintek.go.id/api/v1/ecatalog/perguruantinggi/search?page=49&limit=10,approved,
Universitas Krisnadwipayana,universitas krisnadwipayana,university,,,415fd9d3-c69e-452a-999a-edbe0b75c89a,bima_kemdiktisaintek,https://apibima.kemdiktisaintek.go.id/api/v1/ecatalog/perguruantinggi/search?page=49&limit=10,approved,
Universitas Bima Internasional MFH,universitas bima internasional mfh,university,,,4771bbfc-b999-4731-88b0-8f7f4eef8af1,bima_kemdiktisaintek,https://apibima.kemdiktisaintek.go.id/api/v1/ecatalog/perguruantinggi/search?page=49&limit=10,approved,
Sekolah Tinggi Ilmu Ekonomi Mahardhika,sekolah tinggi ilmu ekonomi mahardhika,university,,,67498a53-be0d-42de-b0b7-9d3197c86a9f,bima_kemdiktisaintek,https://apibima.kemdiktisaintek.go.id/api/v1/ecatalog/perguruantinggi/search?page=49&limit=10,approved,
STKIP Al Hikmah Surabaya,stkip al hikmah surabaya,university,,,92eebe45-7353-4bdd-b1be-fe5a172afdff,bima_kemdiktisaintek,https://apibima.kemdiktisaintek.go.id/api/v1/ecatalog/perguruantinggi/search?page=49&limit=10,approved,
Universitas Islam Jakarta,universitas islam jakarta,university,,,b7d05b98-f387-41ee-bd36-f631c6430e77,bima_kemdiktisaintek,https://apibima.kemdiktisaintek.go.id/api/v1/ecatalog/perguruantinggi/search?page=49&limit=10,approved,
Universitas Kahuripan Kediri,universitas kahuripan kediri,university,,,06e202ab-fa7a-4b9d-b9da-eeac3abffe9a,bima_kemdiktisaintek,https://apibima.kemdiktisaintek.go.id/api/v1/ecatalog/perguruantinggi/search?page=49&limit=10,approved,
Universitas Surakarta,universitas surakarta,university,,,14863287-b6b3-4f61-b888-53f616b16cc8,bima_kemdiktisaintek,https://apibima.kemdiktisaintek.go.id/api/v1/ecatalog/perguruantinggi/search?page=50&limit=10,approved,
Universitas Teknologi Mataram,universitas teknologi mataram,university,,,22ea9c3c-3a66-4cf2-be83-a73182d3b364,bima_kemdiktisaintek,https://apibima.kemdiktisaintek.go.id/api/v1/ecatalog/perguruantinggi/search?page=50&limit=10,approved,
Universitas Al-ghifari,universitas al-ghifari,university,,,24348897-d563-420e-b321-f49fc1f63a03,bima_kemdiktisaintek,https://apibima.kemdiktisaintek.go.id/api/v1/ecatalog/perguruantinggi/search?page=50&limit=10,approved,
Universitas Asahan,universitas asahan,university,,,341cf43d-750d-4130-9e7d-29a1d76bce16,bima_kemdiktisaintek,https://apibima.kemdiktisaintek.go.id/api/v1/ecatalog/perguruantinggi/search?page=50&limit=10,approved,
Universitas Pembinaan Masyarakat Indonesia,universitas pembinaan masyarakat indonesia,university,,,3b6954e2-20b5-49db-bc60-38f13cbb2280,bima_kemdiktisaintek,https://apibima.kemdiktisaintek.go.id/api/v1/ecatalog/perguruantinggi/search?page=50&limit=10,approved,
Sekolah Tinggi Ilmu Ekonomi Bima,sekolah tinggi ilmu ekonomi bima,university,,,4695b049-4f4c-4410-8ff7-0e0feeffc605,bima_kemdiktisaintek,https://apibima.kemdiktisaintek.go.id/api/v1/ecatalog/perguruantinggi/search?page=50&limit=10,approved,
Sekolah Tinggi Ilmu Kesehatan Syedza Saintika,sekolah tinggi ilmu kesehatan syedza saintika,university,,,881b3a98-8ee7-496d-99b2-42d5fe2e0b3d,bima_kemdiktisaintek,https://apibima.kemdiktisaintek.go.id/api/v1/ecatalog/perguruantinggi/search?page=50&limit=10,approved,
STMIK Pelita Nusantara,stmik pelita nusantara,university,,,8ea7661c-4f07-4fe1-b4ae-83a6bf7425ae,bima_kemdiktisaintek,https://apibima.kemdiktisaintek.go.id/api/v1/ecatalog/perguruantinggi/search?page=50&limit=10,approved,
Sekolah Tinggi Ilmu Kesehatan Papua,sekolah tinggi ilmu kesehatan papua,university,,,bb90ee4b-eba3-486c-9d82-986b068d40b7,bima_kemdiktisaintek,https://apibima.kemdiktisaintek.go.id/api/v1/ecatalog/perguruantinggi/search?page=50&limit=10,approved,
Universitas Tamansiswa,universitas tamansiswa,university,,,c3a8a2cb-ff91-4689-aa7f-709c79d8093e,bima_kemdiktisaintek,https://apibima.kemdiktisaintek.go.id/api/v1/ecatalog/perguruantinggi/search?page=50&limit=10,approved,
Universitas Stikubank,universitas stikubank,university,,,c582002e-df60-4a1e-b9f1-a9cad15ade5c,bima_kemdiktisaintek,https://apibima.kemdiktisaintek.go.id/api/v1/ecatalog/perguruantinggi/search?page=51&limit=10,approved,
Universitas Muhammadiyah Mamuju,universitas muhammadiyah mamuju,university,,,cb712aa4-9832-494b-bfcd-2f9039347d96,bima_kemdiktisaintek,https://apibima.kemdiktisaintek.go.id/api/v1/ecatalog/perguruantinggi/search?page=51&limit=10,approved,
Institut Teknologi Indonesia,institut teknologi indonesia,university,,,d57ca0e2-ce42-4d62-9245-50bf157fc7f7,bima_kemdiktisaintek,https://apibima.kemdiktisaintek.go.id/api/v1/ecatalog/perguruantinggi/search?page=51&limit=10,approved,
Sekolah Tinggi Keguruan dan Ilmu Pendidikan Bina Mutiara,sekolah tinggi keguruan dan ilmu pendidikan bina mutiara,university,,,0443cb62-74a4-4582-80ef-544fc4896626,bima_kemdiktisaintek,https://apibima.kemdiktisaintek.go.id/api/v1/ecatalog/perguruantinggi/search?page=51&limit=10,approved,
Universitas PGRI Silampari,universitas pgri silampari,university,,,0b3a00cd-f104-4b3f-b0c9-96dec06765e1,bima_kemdiktisaintek,https://apibima.kemdiktisaintek.go.id/api/v1/ecatalog/perguruantinggi/search?page=51&limit=10,approved,
Universitas dr. Soebandi,universitas dr. soebandi,university,,,56d649a6-176f-40bf-9a58-fb4821b48c50,bima_kemdiktisaintek,https://apibima.kemdiktisaintek.go.id/api/v1/ecatalog/perguruantinggi/search?page=51&limit=10,approved,
Universitas Dian Nusantara,universitas dian nusantara,university,,,5ba0d184-b53c-4cf3-8912-f535749274fa,bima_kemdiktisaintek,https://apibima.kemdiktisaintek.go.id/api/v1/ecatalog/perguruantinggi/search?page=51&limit=10,approved,
Universitas HKBP Nommensen,universitas hkbp nommensen,university,,,622343c8-07d6-41b3-b65c-f2dde08b7115,bima_kemdiktisaintek,https://apibima.kemdiktisaintek.go.id/api/v1/ecatalog/perguruantinggi/search?page=51&limit=10,approved,
STIKES Griya Husada Sumbawa,stikes griya husada sumbawa,university,,,77d80ae8-52d2-4c5a-9030-372f6fb46a84,bima_kemdiktisaintek,https://apibima.kemdiktisaintek.go.id/api/v1/ecatalog/perguruantinggi/search?page=51&limit=10,approved,
Sekolah Tinggi Ilmu Kesehatan Nani Hasanuddin,sekolah tinggi ilmu kesehatan nani hasanuddin,university,,,bdfe4c97-1078-4293-94bf-f70081ef0b86,bima_kemdiktisaintek,https://apibima.kemdiktisaintek.go.id/api/v1/ecatalog/perguruantinggi/search?page=51&limit=10,approved,
Universitas Kristen Cipta Wacana,universitas kristen cipta wacana,university,,,c79aeb3f-ac05-47aa-8a4e-a47cdbfe73b5,bima_kemdiktisaintek,https://apibima.kemdiktisaintek.go.id/api/v1/ecatalog/perguruantinggi/search?page=52&limit=10,approved,
Universitas Ma'soem,universitas ma'soem,university,,,e0a0cec4-b7ad-4a99-a62f-b6e2efb2804c,bima_kemdiktisaintek,https://apibima.kemdiktisaintek.go.id/api/v1/ecatalog/perguruantinggi/search?page=52&limit=10,approved,
Universitas Darwan Ali,universitas darwan ali,university,,,e8d4454e-260d-491e-8794-2f174366390b,bima_kemdiktisaintek,https://apibima.kemdiktisaintek.go.id/api/v1/ecatalog/perguruantinggi/search?page=52&limit=10,approved,
Universitas Islam Indragiri,universitas islam indragiri,university,,,f1886988-e6c1-45c5-87db-b1dd2acbc6f5,bima_kemdiktisaintek,https://apibima.kemdiktisaintek.go.id/api/v1/ecatalog/perguruantinggi/search?page=52&limit=10,approved,
Universitas Bina Mandiri Gorontalo,universitas bina mandiri gorontalo,university,,,f44756ad-346e-4570-a22f-3d3ecc5db88e,bima_kemdiktisaintek,https://apibima.kemdiktisaintek.go.id/api/v1/ecatalog/perguruantinggi/search?page=52&limit=10,approved,
Universitas Perintis Indonesia,universitas perintis indonesia,university,,,fa1edcb0-5616-4512-9b69-67e26f1674fd,bima_kemdiktisaintek,https://apibima.kemdiktisaintek.go.id/api/v1/ecatalog/perguruantinggi/search?page=52&limit=10,approved,
Institut Teknologi Pagar Alam,institut teknologi pagar alam,university,,,fae9c3e2-b97b-408d-88f8-80a9287961ac,bima_kemdiktisaintek,https://apibima.kemdiktisaintek.go.id/api/v1/ecatalog/perguruantinggi/search?page=52&limit=10,approved,
Universitas Wanita Internasional,universitas wanita internasional,university,,,10ac0209-e46e-4348-8d27-297751716c19,bima_kemdiktisaintek,https://apibima.kemdiktisaintek.go.id/api/v1/ecatalog/perguruantinggi/search?page=52&limit=10,approved,
STKIP Muhammadiyah Enrekang,stkip muhammadiyah enrekang,university,,,1a7baa95-45f8-4301-8660-6e1d51de1520,bima_kemdiktisaintek,https://apibima.kemdiktisaintek.go.id/api/v1/ecatalog/perguruantinggi/search?page=52&limit=10,approved,
Universitas Dinamika Bangsa,universitas dinamika bangsa,university,,,2b659239-6c1f-452d-9ecb-70e1bc1205a8,bima_kemdiktisaintek,https://apibima.kemdiktisaintek.go.id/api/v1/ecatalog/perguruantinggi/search?page=52&limit=10,approved,
Universitas Amikom Purwokerto,universitas amikom purwokerto,university,,,abdfe42e-3bae-46fe-85eb-c2e1dedc71e5,bima_kemdiktisaintek,https://apibima.kemdiktisaintek.go.id/api/v1/ecatalog/perguruantinggi/search?page=53&limit=10,approved,
Universitas Muhammadiyah Bone,universitas muhammadiyah bone,university,,,c425d297-5b70-4e43-8e1b-308697cd297a,bima_kemdiktisaintek,https://apibima.kemdiktisaintek.go.id/api/v1/ecatalog/perguruantinggi/search?page=53&limit=10,approved,
Institut Teknologi dan Bisnis Ahmad Dahlan Lamongan,institut teknologi dan bisnis ahmad dahlan lamongan,university,,,dd865501-19c3-4211-ab41-34509fb25fa2,bima_kemdiktisaintek,https://apibima.kemdiktisaintek.go.id/api/v1/ecatalog/perguruantinggi/search?page=53&limit=10,approved,
Universitas Paramadina,universitas paramadina,university,,,e3f10aba-cbe3-4de1-ae2b-a37f7e569136,bima_kemdiktisaintek,https://apibima.kemdiktisaintek.go.id/api/v1/ecatalog/perguruantinggi/search?page=53&limit=10,approved,
Universitas Atma Jaya Makassar,universitas atma jaya makassar,university,,,11c4525d-815a-4eb4-855c-ab8c1fc97820,bima_kemdiktisaintek,https://apibima.kemdiktisaintek.go.id/api/v1/ecatalog/perguruantinggi/search?page=53&limit=10,approved,
Universitas Mitra Indonesia,universitas mitra indonesia,university,,,23c8cd83-d2be-44e1-9f57-b3a8e17bb528,bima_kemdiktisaintek,https://apibima.kemdiktisaintek.go.id/api/v1/ecatalog/perguruantinggi/search?page=53&limit=10,approved,
Sekolah Tinggi Ilmu Kesehatan Bethesda Yakkum,sekolah tinggi ilmu kesehatan bethesda yakkum,university,,,2595f2b2-d456-417f-bf73-0c436d10413f,bima_kemdiktisaintek,https://apibima.kemdiktisaintek.go.id/api/v1/ecatalog/perguruantinggi/search?page=53&limit=10,approved,
STKIP Gotong Royong Masohi,stkip gotong royong masohi,university,,,29e2ec0a-c667-40a0-8c78-09095bbc47de,bima_kemdiktisaintek,https://apibima.kemdiktisaintek.go.id/api/v1/ecatalog/perguruantinggi/search?page=53&limit=10,approved,
STIKOM Tunas Bangsa,stikom tunas bangsa,university,,,32f81c08-e915-4fbf-ab9d-c682b8b68372,bima_kemdiktisaintek,https://apibima.kemdiktisaintek.go.id/api/v1/ecatalog/perguruantinggi/search?page=53&limit=10,approved,
Universitas Royal,universitas royal,university,,,3e95cf10-8047-42e3-9a3f-e864673af34f,bima_kemdiktisaintek,https://apibima.kemdiktisaintek.go.id/api/v1/ecatalog/perguruantinggi/search?page=53&limit=10,approved,
Institut Teknologi dan Bisnis MUhammadiyah Polewali Mandar,institut teknologi dan bisnis muhammadiyah polewali mandar,university,,,52d8101a-8c5a-4687-9170-f330dfb60172,bima_kemdiktisaintek,https://apibima.kemdiktisaintek.go.id/api/v1/ecatalog/perguruantinggi/search?page=54&limit=10,approved,
STIKES Mega Buana Palopo,stikes mega buana palopo,university,,,54a4893a-bf96-415a-b3ba-189e03d77bbf,bima_kemdiktisaintek,https://apibima.kemdiktisaintek.go.id/api/v1/ecatalog/perguruantinggi/search?page=54&limit=10,approved,
STKIP Muhammadiyah Muara Bungo,stkip muhammadiyah muara bungo,university,,,6b73e98a-7a98-4aa0-badd-9d4eb46c2bb0,bima_kemdiktisaintek,https://apibima.kemdiktisaintek.go.id/api/v1/ecatalog/perguruantinggi/search?page=54&limit=10,approved,
Universitas PGRI Sumatera Barat,universitas pgri sumatera barat,university,,,86fb587e-2641-43b6-988b-0ad4ec523b29,bima_kemdiktisaintek,https://apibima.kemdiktisaintek.go.id/api/v1/ecatalog/perguruantinggi/search?page=54&limit=10,approved,
Universitas Dumoga Bone Kotamubagu,universitas dumoga bone kotamubagu,university,,,d7e4da8d-46ee-44fa-b331-f2f3146bc3c9,bima_kemdiktisaintek,https://apibima.kemdiktisaintek.go.id/api/v1/ecatalog/perguruantinggi/search?page=54&limit=10,approved,
Sekolah Tinggi Ilmu Keperawatan PPNI Jawa Barat,sekolah tinggi ilmu keperawatan ppni jawa barat,university,,,de730c7b-1b1d-4afd-ae39-d650ef946242,bima_kemdiktisaintek,https://apibima.kemdiktisaintek.go.id/api/v1/ecatalog/perguruantinggi/search?page=54&limit=10,approved,
Institut Sains Dan Teknologi Nasional,institut sains dan teknologi nasional,university,,,e44cacb9-bc6f-41bf-b930-09ccc3b713a2,bima_kemdiktisaintek,https://apibima.kemdiktisaintek.go.id/api/v1/ecatalog/perguruantinggi/search?page=54&limit=10,approved,
Institut Teknologi Del,institut teknologi del,university,,,ea0d6fad-0589-4675-a92b-6d7d8bdff1af,bima_kemdiktisaintek,https://apibima.kemdiktisaintek.go.id/api/v1/ecatalog/perguruantinggi/search?page=54&limit=10,approved,
Universitas Boyolali,universitas boyolali,university,,,ea791959-b9cd-4f21-bb8f-5e6fdd15eb79,bima_kemdiktisaintek,https://apibima.kemdiktisaintek.go.id/api/v1/ecatalog/perguruantinggi/search?page=54&limit=10,approved,
Universitas PGRI Ronggolawe,universitas pgri ronggolawe,university,,,f1594c37-1e23-4770-b5d0-c02174bad007,bima_kemdiktisaintek,https://apibima.kemdiktisaintek.go.id/api/v1/ecatalog/perguruantinggi/search?page=54&limit=10,approved,
Universitas Mandala Waluya,universitas mandala waluya,university,,,fd18ea52-6732-4003-b5ce-f609ede716a0,bima_kemdiktisaintek,https://apibima.kemdiktisaintek.go.id/api/v1/ecatalog/perguruantinggi/search?page=55&limit=10,approved,
Universitas Muhammadiyah Kuningan,universitas muhammadiyah kuningan,university,,,fd344dc0-9591-4e14-9574-161d812f3744,bima_kemdiktisaintek,https://apibima.kemdiktisaintek.go.id/api/v1/ecatalog/perguruantinggi/search?page=55&limit=10,approved,
Universitas Maarif Hasyim Latif,universitas maarif hasyim latif,university,,,fedb98a0-af7e-4973-ac91-7566abe408f7,bima_kemdiktisaintek,https://apibima.kemdiktisaintek.go.id/api/v1/ecatalog/perguruantinggi/search?page=55&limit=10,approved,
STKIP Kie Raha,stkip kie raha,university,,,42dd073d-d11a-4a27-847b-d6da4165bd01,bima_kemdiktisaintek,https://apibima.kemdiktisaintek.go.id/api/v1/ecatalog/perguruantinggi/search?page=55&limit=10,approved,
Universitas Sebelas April,universitas sebelas april,university,,,4f523a78-5d0b-4ad1-864a-a0f825a5ace4,bima_kemdiktisaintek,https://apibima.kemdiktisaintek.go.id/api/v1/ecatalog/perguruantinggi/search?page=55&limit=10,approved,
Universitas Klabat,universitas klabat,university,,,50c5bd7c-d889-47b8-b1fe-ca33bbc8aefe,bima_kemdiktisaintek,https://apibima.kemdiktisaintek.go.id/api/v1/ecatalog/perguruantinggi/search?page=55&limit=10,approved,
Sekolah Tinggi Ilmu Kesehatan Indonesia Maju,sekolah tinggi ilmu kesehatan indonesia maju,university,,,65e900e9-8c83-4187-8e5b-073d5b854935,bima_kemdiktisaintek,https://apibima.kemdiktisaintek.go.id/api/v1/ecatalog/perguruantinggi/search?page=55&limit=10,approved,
Universitas Alkhairaat,universitas alkhairaat,university,,,6f90c334-a4fc-4bc9-9aac-51db3841f34c,bima_kemdiktisaintek,https://apibima.kemdiktisaintek.go.id/api/v1/ecatalog/perguruantinggi/search?page=55&limit=10,approved,
Universitas Sindang Kasih Majalengka,universitas sindang kasih majalengka,university,,,709f2f15-30ae-448e-8fa5-e535a5926d64,bima_kemdiktisaintek,https://apibima.kemdiktisaintek.go.id/api/v1/ecatalog/perguruantinggi/search?page=55&limit=10,approved,
Universitas Hayam Wuruk Perbanas,universitas hayam wuruk perbanas,university,,,89b98542-afeb-4695-aafb-bdf5f3a36e1e,bima_kemdiktisaintek,https://apibima.kemdiktisaintek.go.id/api/v1/ecatalog/perguruantinggi/search?page=55&limit=10,approved,
STKIP Al Amin Dompu,stkip al amin dompu,university,,,a703a360-f366-4444-89fc-ecc31619f829,bima_kemdiktisaintek,https://apibima.kemdiktisaintek.go.id/api/v1/ecatalog/perguruantinggi/search?page=56&limit=10,approved,
Universitas Syedza Saintika,universitas syedza saintika,university,,,ac45b61e-ab87-4ef9-b778-85d248aeb70f,bima_kemdiktisaintek,https://apibima.kemdiktisaintek.go.id/api/v1/ecatalog/perguruantinggi/search?page=56&limit=10,approved,
Universitas Muhammadiyah Sinjai,universitas muhammadiyah sinjai,university,,,c8052b34-1f8e-4620-b7e3-6d12dcff837e,bima_kemdiktisaintek,https://apibima.kemdiktisaintek.go.id/api/v1/ecatalog/perguruantinggi/search?page=56&limit=10,approved,
Institut Teknologi Dan Sains Nahdlatul Ulama Pekalongan,institut teknologi dan sains nahdlatul ulama pekalongan,university,,,d5e6855e-d710-4069-8b74-46c0cf66333a,bima_kemdiktisaintek,https://apibima.kemdiktisaintek.go.id/api/v1/ecatalog/perguruantinggi/search?page=56&limit=10,approved,
Universitas Medika Suherman,universitas medika suherman,university,,,dc4dbc30-78d7-460c-a146-a4b835a6c9c1,bima_kemdiktisaintek,https://apibima.kemdiktisaintek.go.id/api/v1/ecatalog/perguruantinggi/search?page=56&limit=10,approved,
Universitas Muhammadiyah Ahmad Dahlan Cirebon,universitas muhammadiyah ahmad dahlan cirebon,university,,,e8d72e97-8dcf-4d9a-88e8-cc7b66181282,bima_kemdiktisaintek,https://apibima.kemdiktisaintek.go.id/api/v1/ecatalog/perguruantinggi/search?page=56&limit=10,approved,
Universitas Musi Rawas,universitas musi rawas,university,,,fdad676f-7527-4f86-946c-652883d7fb84,bima_kemdiktisaintek,https://apibima.kemdiktisaintek.go.id/api/v1/ecatalog/perguruantinggi/search?page=56&limit=10,approved,
Universitas Kanjuruhan,universitas kanjuruhan,university,,,0691e9e2-f0d1-4cb5-8a3f-529406822597,bima_kemdiktisaintek,https://apibima.kemdiktisaintek.go.id/api/v1/ecatalog/perguruantinggi/search?page=56&limit=10,approved,
Sekolah Tinggi Teknologi Terpadu Nurul Fikri,sekolah tinggi teknologi terpadu nurul fikri,university,,,06bc67e8-0ebf-4e22-8203-40d745fc8f90,bima_kemdiktisaintek,https://apibima.kemdiktisaintek.go.id/api/v1/ecatalog/perguruantinggi/search?page=56&limit=10,approved,
Universitas Kebangsaan Republik Indonesia,universitas kebangsaan republik indonesia,university,,,06c7ac6a-9cbe-4b82-97bd-f8c5501dc7ec,bima_kemdiktisaintek,https://apibima.kemdiktisaintek.go.id/api/v1/ecatalog/perguruantinggi/search?page=56&limit=10,approved,
Sekolah Tinggi Olahraga Dan Kesehatan Bina Guna,sekolah tinggi olahraga dan kesehatan bina guna,university,,,06d805c0-b406-43e3-baf1-d4b603d831bc,bima_kemdiktisaintek,https://apibima.kemdiktisaintek.go.id/api/v1/ecatalog/perguruantinggi/search?page=57&limit=10,approved,
Universitas Bina Insan,universitas bina insan,university,,,0db755b6-5620-45e0-9360-843879d370b8,bima_kemdiktisaintek,https://apibima.kemdiktisaintek.go.id/api/v1/ecatalog/perguruantinggi/search?page=57&limit=10,approved,
STIKES Muhammadiyah Ciamis,stikes muhammadiyah ciamis,university,,,1d0f8206-38db-4ead-9300-4a43325ba422,bima_kemdiktisaintek,https://apibima.kemdiktisaintek.go.id/api/v1/ecatalog/perguruantinggi/search?page=57&limit=10,approved,
Universitas Abdurachman Saleh,universitas abdurachman saleh,university,,,2eda4839-2362-457d-a066-8fb9528f7b48,bima_kemdiktisaintek,https://apibima.kemdiktisaintek.go.id/api/v1/ecatalog/perguruantinggi/search?page=57&limit=10,approved,
Sekolah Tinggi Ilmu Kesehatan Panti Rapih Yogyakarta,sekolah tinggi ilmu kesehatan panti rapih yogyakarta,university,,,2f2e6378-66f6-406d-a4e2-78222e88e6bc,bima_kemdiktisaintek,https://apibima.kemdiktisaintek.go.id/api/v1/ecatalog/perguruantinggi/search?page=57&limit=10,approved,
STIKES Wijaya Husada Bogor,stikes wijaya husada bogor,university,,,314dc594-fbb8-47db-adbd-f379018dd959,bima_kemdiktisaintek,https://apibima.kemdiktisaintek.go.id/api/v1/ecatalog/perguruantinggi/search?page=57&limit=10,approved,
Universitas Muhammadiyah Luwuk Banggai,universitas muhammadiyah luwuk banggai,university,,,4ad3c9ba-a6c7-4488-a36f-3e739fe59ef6,bima_kemdiktisaintek,https://apibima.kemdiktisaintek.go.id/api/v1/ecatalog/perguruantinggi/search?page=57&limit=10,approved,
Universitas Sains Indonesia,universitas sains indonesia,university,,,a1d1f350-be9f-486e-8f9e-f1fe5e5911ac,bima_kemdiktisaintek,https://apibima.kemdiktisaintek.go.id/api/v1/ecatalog/perguruantinggi/search?page=57&limit=10,approved,
Institut Pertanian Stiper,institut pertanian stiper,university,,,c949c4f8-3a23-4c1e-adc7-89985eb446ab,bima_kemdiktisaintek,https://apibima.kemdiktisaintek.go.id/api/v1/ecatalog/perguruantinggi/search?page=57&limit=10,approved,
STKIP Syekh Manshur,stkip syekh manshur,university,,,d219ad72-798b-496e-a60d-78027478d1d0,bima_kemdiktisaintek,https://apibima.kemdiktisaintek.go.id/api/v1/ecatalog/perguruantinggi/search?page=57&limit=10,approved,
Universitas Amir Hamzah,universitas amir hamzah,university,,,eef4a250-b850-404b-820d-aef809c59873,bima_kemdiktisaintek,https://apibima.kemdiktisaintek.go.id/api/v1/ecatalog/perguruantinggi/search?page=58&limit=10,approved,
Universitas Darma Persada,universitas darma persada,university,,,fb693cb3-3be3-4f7f-b1dc-9b8e11814bbc,bima_kemdiktisaintek,https://apibima.kemdiktisaintek.go.id/api/v1/ecatalog/perguruantinggi/search?page=58&limit=10,approved,
Universitas Cipasung Tasikmalaya,universitas cipasung tasikmalaya,university,,,fbb64c26-c77b-4e71-bd70-bea190254933,bima_kemdiktisaintek,https://apibima.kemdiktisaintek.go.id/api/v1/ecatalog/perguruantinggi/search?page=58&limit=10,approved,
Universitas Hang Tuah Pekanbaru,universitas hang tuah pekanbaru,university,,,030b2acd-aaf2-49ab-aef6-c4b419c93be8,bima_kemdiktisaintek,https://apibima.kemdiktisaintek.go.id/api/v1/ecatalog/perguruantinggi/search?page=58&limit=10,approved,
STISIP Bina Putera Banjar,stisip bina putera banjar,university,,,19baff4f-43e5-4f97-87a4-918a14ce6116,bima_kemdiktisaintek,https://apibima.kemdiktisaintek.go.id/api/v1/ecatalog/perguruantinggi/search?page=58&limit=10,approved,
Universitas Prof Dr Moestopo (Beragama),universitas prof dr moestopo (beragama),university,,,2c99cab6-53c8-420b-b5bf-c04c2e1a2fbc,bima_kemdiktisaintek,https://apibima.kemdiktisaintek.go.id/api/v1/ecatalog/perguruantinggi/search?page=58&limit=10,approved,
Universitas Veteran Bangun Nusantara,universitas veteran bangun nusantara,university,,,325853c9-aea2-40ab-ae16-ffcedaa7fb2b,bima_kemdiktisaintek,https://apibima.kemdiktisaintek.go.id/api/v1/ecatalog/perguruantinggi/search?page=58&limit=10,approved,
Universitas Muhammadiyah Kudus,universitas muhammadiyah kudus,university,,,33d7a500-7acc-4c74-b904-56bdb00b2230,bima_kemdiktisaintek,https://apibima.kemdiktisaintek.go.id/api/v1/ecatalog/perguruantinggi/search?page=58&limit=10,approved,
Universitas Methodist Indonesia,universitas methodist indonesia,university,,,466f1e69-ea84-46ac-87b4-3a30f5ddbb5d,bima_kemdiktisaintek,https://apibima.kemdiktisaintek.go.id/api/v1/ecatalog/perguruantinggi/search?page=58&limit=10,approved,
Sekolah Tinggi Ilmu Kesehatan Stella Maris Makasar,sekolah tinggi ilmu kesehatan stella maris makasar,university,,,47ebeae1-8534-4c1a-a4e4-137ed9c58e1d,bima_kemdiktisaintek,https://apibima.kemdiktisaintek.go.id/api/v1/ecatalog/perguruantinggi/search?page=58&limit=10,approved,
Universitas Ratu Samban,universitas ratu samban,university,,,5042b5ce-1048-41ba-b107-c69fdfd5ba59,bima_kemdiktisaintek,https://apibima.kemdiktisaintek.go.id/api/v1/ecatalog/perguruantinggi/search?page=59&limit=10,approved,
Sekolah Tinggi Ilmu Ekonomi Pasundan,sekolah tinggi ilmu ekonomi pasundan,university,,,5b0e8bab-dc39-42a0-9afc-00b875274538,bima_kemdiktisaintek,https://apibima.kemdiktisaintek.go.id/api/v1/ecatalog/perguruantinggi/search?page=59&limit=10,approved,
STIKES Karsa Husada Garut,stikes karsa husada garut,university,,,5d70a4d2-7962-4f70-8c93-250dbfa7409f,bima_kemdiktisaintek,https://apibima.kemdiktisaintek.go.id/api/v1/ecatalog/perguruantinggi/search?page=59&limit=10,approved,
STMIK Handayani Makassar,stmik handayani makassar,university,,,9c3f75cc-2568-4000-8796-0be21b29b8d8,bima_kemdiktisaintek,https://apibima.kemdiktisaintek.go.id/api/v1/ecatalog/perguruantinggi/search?page=59&limit=10,approved,
Universitas Muhammadiyah Papua,universitas muhammadiyah papua,university,,,c15f5e02-aa2c-4fed-86a6-f5f6a1818e90,bima_kemdiktisaintek,https://apibima.kemdiktisaintek.go.id/api/v1/ecatalog/perguruantinggi/search?page=59&limit=10,approved,
Universitas Sumatera Selatan,universitas sumatera selatan,university,,,e974c768-2e14-451f-badd-0c60ed8e81e3,bima_kemdiktisaintek,https://apibima.kemdiktisaintek.go.id/api/v1/ecatalog/perguruantinggi/search?page=59&limit=10,approved,
Universitas Islam As-syafiiyah,universitas islam as-syafiiyah,university,,,014f2085-7ab1-43ab-8c88-597fd717dc9c,bima_kemdiktisaintek,https://apibima.kemdiktisaintek.go.id/api/v1/ecatalog/perguruantinggi/search?page=59&limit=10,approved,
Universitas Pancasakti Tegal,universitas pancasakti tegal,university,,,1302616a-045f-4687-b2f3-12c1fdab2911,bima_kemdiktisaintek,https://apibima.kemdiktisaintek.go.id/api/v1/ecatalog/perguruantinggi/search?page=59&limit=10,approved,
Universitas Kristen Krida Wacana,universitas kristen krida wacana,university,,,135b3cf7-bc81-4922-8dca-bef4e4bce3fb,bima_kemdiktisaintek,https://apibima.kemdiktisaintek.go.id/api/v1/ecatalog/perguruantinggi/search?page=59&limit=10,approved,
STKIP Bumi Persada Lhokseumawe,stkip bumi persada lhokseumawe,university,,,18a0d241-c5c7-4191-8228-eb95637492d9,bima_kemdiktisaintek,https://apibima.kemdiktisaintek.go.id/api/v1/ecatalog/perguruantinggi/search?page=59&limit=10,approved,
Sekolah Tinggi Ilmu Farmasi Riau,sekolah tinggi ilmu farmasi riau,university,,,33f91035-1b1d-46ef-ab42-765aee28542f,bima_kemdiktisaintek,https://apibima.kemdiktisaintek.go.id/api/v1/ecatalog/perguruantinggi/search?page=60&limit=10,approved,
Universitas Sawerigading Makassar,universitas sawerigading makassar,university,,,4db30511-7b59-409b-9afd-e6def4d42048,bima_kemdiktisaintek,https://apibima.kemdiktisaintek.go.id/api/v1/ecatalog/perguruantinggi/search?page=60&limit=10,approved,
Universitas Kristen Duta Wacana,universitas kristen duta wacana,university,,,54206fe3-fb87-49d2-9be4-1225dc1d0499,bima_kemdiktisaintek,https://apibima.kemdiktisaintek.go.id/api/v1/ecatalog/perguruantinggi/search?page=60&limit=10,approved,
Sekolah Tinggi Manajemen Informatika dan Komputer AMIKOM Surakarta,sekolah tinggi manajemen informatika dan komputer amikom surakarta,university,,,5d389ae7-942b-4549-857c-7e2c0f756060,bima_kemdiktisaintek,https://apibima.kemdiktisaintek.go.id/api/v1/ecatalog/perguruantinggi/search?page=60&limit=10,approved,
Universitas Muhammadiyah Karanganyar,universitas muhammadiyah karanganyar,university,,,5d8a0ee8-17ed-46d7-89b0-082c8a191f96,bima_kemdiktisaintek,https://apibima.kemdiktisaintek.go.id/api/v1/ecatalog/perguruantinggi/search?page=60&limit=10,approved,
Institut Kesehatan YARSI Mataram,institut kesehatan yarsi mataram,university,,,83f8064b-0698-4cf5-bd50-13513ce5a26c,bima_kemdiktisaintek,https://apibima.kemdiktisaintek.go.id/api/v1/ecatalog/perguruantinggi/search?page=60&limit=10,approved,
STIKES Getsempena Lhoksukon,stikes getsempena lhoksukon,university,,,86c0b576-4917-458c-b164-d44073447580,bima_kemdiktisaintek,https://apibima.kemdiktisaintek.go.id/api/v1/ecatalog/perguruantinggi/search?page=60&limit=10,approved,
Universitas Nahdlatul Ulama Indonesia,universitas nahdlatul ulama indonesia,university,,,8a7ece7e-0968-49b8-a381-4d82e064fc8c,bima_kemdiktisaintek,https://apibima.kemdiktisaintek.go.id/api/v1/ecatalog/perguruantinggi/search?page=60&limit=10,approved,
IKIP PGRI Bali,ikip pgri bali,university,,,95d92607-e785-4127-9f62-9f3c82d344d7,bima_kemdiktisaintek,https://apibima.kemdiktisaintek.go.id/api/v1/ecatalog/perguruantinggi/search?page=60&limit=10,approved,
Universitas Setia Budi Surakarta,universitas setia budi surakarta,university,,,abea8d9d-f6f7-4d41-906f-6e7ce99bb7d9,bima_kemdiktisaintek,https://apibima.kemdiktisaintek.go.id/api/v1/ecatalog/perguruantinggi/search?page=60&limit=10,approved,
Institut Transportasi dan Logistik Trisakti,institut transportasi dan logistik trisakti,university,,,ade188b5-9b95-474a-a91f-04117918813f,bima_kemdiktisaintek,https://apibima.kemdiktisaintek.go.id/api/v1/ecatalog/perguruantinggi/search?page=61&limit=10,approved,
STIKES Mitra Keluarga,stikes mitra keluarga,university,,,ae52bd63-c705-409a-af16-450ddc1acd72,bima_kemdiktisaintek,https://apibima.kemdiktisaintek.go.id/api/v1/ecatalog/perguruantinggi/search?page=61&limit=10,approved,
Institut Sains Teknologi dan Kesehatan 'Aisyiyah Kendari,institut sains teknologi dan kesehatan 'aisyiyah kendari,university,,,b60786df-839d-4166-a851-83c81162955f,bima_kemdiktisaintek,https://apibima.kemdiktisaintek.go.id/api/v1/ecatalog/perguruantinggi/search?page=61&limit=10,approved,
STKIP Bina Bangsa Meulaboh,stkip bina bangsa meulaboh,university,,,b6079536-84ae-4318-862f-634781d9cc62,bima_kemdiktisaintek,https://apibima.kemdiktisaintek.go.id/api/v1/ecatalog/perguruantinggi/search?page=61&limit=10,approved,
STIKES Muhammadiyah Sidrap,stikes muhammadiyah sidrap,university,,,b885e662-12fa-4986-ad3c-cab373f1ac25,bima_kemdiktisaintek,https://apibima.kemdiktisaintek.go.id/api/v1/ecatalog/perguruantinggi/search?page=61&limit=10,approved,
Universitas Islam Ogan Komering Ilir Kayuagung,universitas islam ogan komering ilir kayuagung,university,,,b91acbd7-4925-4be9-bebd-bd151d055183,bima_kemdiktisaintek,https://apibima.kemdiktisaintek.go.id/api/v1/ecatalog/perguruantinggi/search?page=61&limit=10,approved,
Universitas Muhammadiyah Kendal Batang,universitas muhammadiyah kendal batang,university,,,b99c542a-093b-4e49-af1c-9b48915bafb4,bima_kemdiktisaintek,https://apibima.kemdiktisaintek.go.id/api/v1/ecatalog/perguruantinggi/search?page=61&limit=10,approved,
Sekolah Tinggi Teknologi Wastukancana,sekolah tinggi teknologi wastukancana,university,,,c3dcbd9f-5848-4fc9-bcd3-112a3d7c1669,bima_kemdiktisaintek,https://apibima.kemdiktisaintek.go.id/api/v1/ecatalog/perguruantinggi/search?page=61&limit=10,approved,
Institut Bisnis Dan Teknologi Pelita Indonesia,institut bisnis dan teknologi pelita indonesia,university,,,d1d4445b-6db5-4ecf-af54-4fc27829d9ee,bima_kemdiktisaintek,https://apibima.kemdiktisaintek.go.id/api/v1/ecatalog/perguruantinggi/search?page=61&limit=10,approved,
Sekolah Tinggi Ilmu Administrasi Al Gazali Barru,sekolah tinggi ilmu administrasi al gazali barru,university,,,d620e489-6ce6-4dee-8ce8-ca825d25c1fd,bima_kemdiktisaintek,https://apibima.kemdiktisaintek.go.id/api/v1/ecatalog/perguruantinggi/search?page=61&limit=10,approved,
Sekolah Tinggi Pariwisata Mataram,sekolah tinggi pariwisata mataram,university,,,ec74a150-a81a-40a6-b5c7-a16d58ad4c4f,bima_kemdiktisaintek,https://apibima.kemdiktisaintek.go.id/api/v1/ecatalog/perguruantinggi/search?page=62&limit=10,approved,
Sekolah Tinggi Teknologi Kelautan,sekolah tinggi teknologi kelautan,university,,,ef8ece38-9e4e-4d7d-a5d4-cffbe4cc846e,bima_kemdiktisaintek,https://apibima.kemdiktisaintek.go.id/api/v1/ecatalog/perguruantinggi/search?page=62&limit=10,approved,
Sekolah Tinggi Ilmu Kesehatan Mandala Waluya Kendari,sekolah tinggi ilmu kesehatan mandala waluya kendari,university,,,fe134bfd-a11e-43dc-af29-54f9b5bce637,bima_kemdiktisaintek,https://apibima.kemdiktisaintek.go.id/api/v1/ecatalog/perguruantinggi/search?page=62&limit=10,approved,
Sekolah Tinggi Ilmu Ekonomi KBP,sekolah tinggi ilmu ekonomi kbp,university,,,0b2277f5-4a79-4188-9828-07f9079eff5a,bima_kemdiktisaintek,https://apibima.kemdiktisaintek.go.id/api/v1/ecatalog/perguruantinggi/search?page=62&limit=10,approved,
Universitas Swiss German,universitas swiss german,university,,,16b498e1-730e-46e6-8134-cddeaa26da17,bima_kemdiktisaintek,https://apibima.kemdiktisaintek.go.id/api/v1/ecatalog/perguruantinggi/search?page=62&limit=10,approved,
Universitas 'Aisyiyah Surakarta,universitas 'aisyiyah surakarta,university,,,31eb5e18-ac86-4957-9cb3-f779b182c1af,bima_kemdiktisaintek,https://apibima.kemdiktisaintek.go.id/api/v1/ecatalog/perguruantinggi/search?page=62&limit=10,approved,
Sekolah Tinggi Ilmu Ekonomi Ganesha,sekolah tinggi ilmu ekonomi ganesha,university,,,374a2229-7518-46cd-9d4a-29fbc24c4f0c,bima_kemdiktisaintek,https://apibima.kemdiktisaintek.go.id/api/v1/ecatalog/perguruantinggi/search?page=62&limit=10,approved,
Universitas Islam Kadiri,universitas islam kadiri,university,,,541f401a-62a9-4fbd-bef5-02ac58f6f376,bima_kemdiktisaintek,https://apibima.kemdiktisaintek.go.id/api/v1/ecatalog/perguruantinggi/search?page=62&limit=10,approved,
Universitas Catur Insan Cendekia,universitas catur insan cendekia,university,,,5b5ccb4d-dde8-4e5c-a378-c0672176dc3b,bima_kemdiktisaintek,https://apibima.kemdiktisaintek.go.id/api/v1/ecatalog/perguruantinggi/search?page=62&limit=10,approved,
Universitas Muhammadiyah Palembang,universitas muhammadiyah palembang,university,,,63cdfd23-c242-45bd-83e1-18d7c114d134,bima_kemdiktisaintek,https://apibima.kemdiktisaintek.go.id/api/v1/ecatalog/perguruantinggi/search?page=62&limit=10,approved,
Sekolah Tinggi Ilmu Kesehatan Mega Rezky,sekolah tinggi ilmu kesehatan mega rezky,university,,,722b26a8-3ea6-4068-8026-e8acc75ec3dc,bima_kemdiktisaintek,https://apibima.kemdiktisaintek.go.id/api/v1/ecatalog/perguruantinggi/search?page=63&limit=10,approved,
Sekolah Tinggi Ilmu Ekonomi Ciputra Makassar,sekolah tinggi ilmu ekonomi ciputra makassar,university,,,76456f37-a711-4204-985e-dcace9fa8e8a,bima_kemdiktisaintek,https://apibima.kemdiktisaintek.go.id/api/v1/ecatalog/perguruantinggi/search?page=63&limit=10,approved,
STMIK Widya Pratama,stmik widya pratama,university,,,787788ae-3450-4185-bbe2-a31e094f6c50,bima_kemdiktisaintek,https://apibima.kemdiktisaintek.go.id/api/v1/ecatalog/perguruantinggi/search?page=63&limit=10,approved,
Universitas Mahaputra Muhammad Yamin,universitas mahaputra muhammad yamin,university,,,8ea38cd0-d482-4883-b4b9-b1690bbb34c8,bima_kemdiktisaintek,https://apibima.kemdiktisaintek.go.id/api/v1/ecatalog/perguruantinggi/search?page=63&limit=10,approved,
Sekolah Tinggi Ilmu Ekonomi Bina Karya,sekolah tinggi ilmu ekonomi bina karya,university,,,904fe6ab-ac50-48be-a07a-2e81b6283505,bima_kemdiktisaintek,https://apibima.kemdiktisaintek.go.id/api/v1/ecatalog/perguruantinggi/search?page=63&limit=10,approved,
Universitas Teknologi Akba Makassar,universitas teknologi akba makassar,university,,,95ce3f2a-3e4f-47fa-b016-867d6b3d935d,bima_kemdiktisaintek,https://apibima.kemdiktisaintek.go.id/api/v1/ecatalog/perguruantinggi/search?page=63&limit=10,approved,
Universitas Nahdlatul Ulama Kalimantan Selatan,universitas nahdlatul ulama kalimantan selatan,university,,,a51991e3-1f6b-4b2a-8aec-ba18b59a26bb,bima_kemdiktisaintek,https://apibima.kemdiktisaintek.go.id/api/v1/ecatalog/perguruantinggi/search?page=63&limit=10,approved,
Universitas Nahdlatul Ulama Lampung,universitas nahdlatul ulama lampung,university,,,a7f3585e-26e2-4cb9-8fc9-bb375b2270dc,bima_kemdiktisaintek,https://apibima.kemdiktisaintek.go.id/api/v1/ecatalog/perguruantinggi/search?page=63&limit=10,approved,
Sekolah Tinggi Manajemen Informatika dan Komputer Royal,sekolah tinggi manajemen informatika dan komputer royal,university,,,acfcfe20-2fb0-4f35-a608-e313b1a46efa,bima_kemdiktisaintek,https://apibima.kemdiktisaintek.go.id/api/v1/ecatalog/perguruantinggi/search?page=63&limit=10,approved,
Universitas Insan Budi Utomo,universitas insan budi utomo,university,,,c5a776fb-659d-4050-a49d-b53dbf42d76c,bima_kemdiktisaintek,https://apibima.kemdiktisaintek.go.id/api/v1/ecatalog/perguruantinggi/search?page=63&limit=10,approved,
Universitas Muhammadiyah Pekajangan Pekalongan,universitas muhammadiyah pekajangan pekalongan,university,,,c88f12ba-da11-45ab-a02b-150341217c6c,bima_kemdiktisaintek,https://apibima.kemdiktisaintek.go.id/api/v1/ecatalog/perguruantinggi/search?page=64&limit=10,approved,
Sekolah Tinggi Elektronika & Komputer (STEKOM),sekolah tinggi elektronika & komputer (stekom),university,,,dec7a3cd-d058-461e-b906-80a0cca45143,bima_kemdiktisaintek,https://apibima.kemdiktisaintek.go.id/api/v1/ecatalog/perguruantinggi/search?page=64&limit=10,approved,
Sekolah Tinggi Ilmu Kesehatan Kendal,sekolah tinggi ilmu kesehatan kendal,university,,,e43c1f83-4609-47b7-89dd-2a30361aaebf,bima_kemdiktisaintek,https://apibima.kemdiktisaintek.go.id/api/v1/ecatalog/perguruantinggi/search?page=64&limit=10,approved,
Sekolah Tinggi Ilmu Administrasi Puangrimaggalatung,sekolah tinggi ilmu administrasi puangrimaggalatung,university,,,fbe8cf42-5e57-4d89-95ef-ffa9ecc36473,bima_kemdiktisaintek,https://apibima.kemdiktisaintek.go.id/api/v1/ecatalog/perguruantinggi/search?page=64&limit=10,approved,
STKIP Adzkia,stkip adzkia,university,,,fc1fec98-ebdc-4a05-8326-ad2c084c9aed,bima_kemdiktisaintek,https://apibima.kemdiktisaintek.go.id/api/v1/ecatalog/perguruantinggi/search?page=64&limit=10,approved,
Universitas Putra Bangsa,universitas putra bangsa,university,,,0584d850-341e-4335-b223-c6c11a63bc0d,bima_kemdiktisaintek,https://apibima.kemdiktisaintek.go.id/api/v1/ecatalog/perguruantinggi/search?page=64&limit=10,approved,
Universitas Winaya Mukti,universitas winaya mukti,university,,,26d32cb6-c007-4415-9261-8252ebd54fd1,bima_kemdiktisaintek,https://apibima.kemdiktisaintek.go.id/api/v1/ecatalog/perguruantinggi/search?page=64&limit=10,approved,
Universitas Nahdlatul Ulama Kalimantan Timur,universitas nahdlatul ulama kalimantan timur,university,,,3151737a-9b28-4322-8fdb-bf3d3c5e523a,bima_kemdiktisaintek,https://apibima.kemdiktisaintek.go.id/api/v1/ecatalog/perguruantinggi/search?page=64&limit=10,approved,
Universitas Tribuana Kalabahi,universitas tribuana kalabahi,university,,,540245cb-874a-4bdc-b0f8-5ba54fbac411,bima_kemdiktisaintek,https://apibima.kemdiktisaintek.go.id/api/v1/ecatalog/perguruantinggi/search?page=64&limit=10,approved,
Universitas Katolik Weetebula,universitas katolik weetebula,university,,,5a986f93-d9b3-4650-9deb-5389b986ef5f,bima_kemdiktisaintek,https://apibima.kemdiktisaintek.go.id/api/v1/ecatalog/perguruantinggi/search?page=64&limit=10,approved,
Universitas Ngurah Rai,universitas ngurah rai,university,,,6948e250-381a-46c0-a4f0-f92e522a499b,bima_kemdiktisaintek,https://apibima.kemdiktisaintek.go.id/api/v1/ecatalog/perguruantinggi/search?page=65&limit=10,approved,
STKIP Muhammadiyah Pagaralam,stkip muhammadiyah pagaralam,university,,,704cda60-761a-497d-961c-2d0e551aa1c7,bima_kemdiktisaintek,https://apibima.kemdiktisaintek.go.id/api/v1/ecatalog/perguruantinggi/search?page=65&limit=10,approved,
Institut Teknologi dan Bisnis Kalbis,institut teknologi dan bisnis kalbis,university,,,a21e80d6-dacc-46ab-9012-46acb6388224,bima_kemdiktisaintek,https://apibima.kemdiktisaintek.go.id/api/v1/ecatalog/perguruantinggi/search?page=65&limit=10,approved,
Universitas Widya Husada Semarang,universitas widya husada semarang,university,,,a8cfae1b-e790-4837-ab12-8f59d083a89c,bima_kemdiktisaintek,https://apibima.kemdiktisaintek.go.id/api/v1/ecatalog/perguruantinggi/search?page=65&limit=10,approved,
STKIP Budidaya,stkip budidaya,university,,,b3129a05-6be3-4be8-8300-d7e846a8710c,bima_kemdiktisaintek,https://apibima.kemdiktisaintek.go.id/api/v1/ecatalog/perguruantinggi/search?page=65&limit=10,approved,
Universitas Efarina,universitas efarina,university,,,b4df4474-e57d-4240-b4f7-d8bfc76c34f4,bima_kemdiktisaintek,https://apibima.kemdiktisaintek.go.id/api/v1/ecatalog/perguruantinggi/search?page=65&limit=10,approved,
Universitas Perwira Purbalingga,universitas perwira purbalingga,university,,,d5ae89c1-23dc-4435-a845-2c844f10370b,bima_kemdiktisaintek,https://apibima.kemdiktisaintek.go.id/api/v1/ecatalog/perguruantinggi/search?page=65&limit=10,approved,
Sekolah Tinggi Ilmu Ekonomi Semarang,sekolah tinggi ilmu ekonomi semarang,university,,,d96481f8-1051-4925-87cc-5bfc2d3df5e0,bima_kemdiktisaintek,https://apibima.kemdiktisaintek.go.id/api/v1/ecatalog/perguruantinggi/search?page=65&limit=10,approved,
STIKES Aufa Royhan,stikes aufa royhan,university,,,e7d0fba4-f340-486c-8d92-64bdb5180ade,bima_kemdiktisaintek,https://apibima.kemdiktisaintek.go.id/api/v1/ecatalog/perguruantinggi/search?page=65&limit=10,approved,
Sekolah Tinggi Teknologi Industri Padang,sekolah tinggi teknologi industri padang,university,,,f1a06b66-dc75-438a-ba8a-67b3244092b1,bima_kemdiktisaintek,https://apibima.kemdiktisaintek.go.id/api/v1/ecatalog/perguruantinggi/search?page=65&limit=10,approved,
Universitas Amal Ilmiah Yapis Wamena,universitas amal ilmiah yapis wamena,university,,,fb272403-07f1-4862-9046-39ede94730d8,bima_kemdiktisaintek,https://apibima.kemdiktisaintek.go.id/api/v1/ecatalog/perguruantinggi/search?page=66&limit=10,approved,
Universitas Nurul Huda,universitas nurul huda,university,,,04948901-5532-4d8e-a010-ca5d0012b76e,bima_kemdiktisaintek,https://apibima.kemdiktisaintek.go.id/api/v1/ecatalog/perguruantinggi/search?page=66&limit=10,approved,
Universitas Ma'arif Nahdlatul Ulama Kebumen,universitas ma'arif nahdlatul ulama kebumen,university,,,10010ed1-bf3f-467e-baf4-868d601c568b,bima_kemdiktisaintek,https://apibima.kemdiktisaintek.go.id/api/v1/ecatalog/perguruantinggi/search?page=66&limit=10,approved,
Universitas Aki,universitas aki,university,,,11d37b4a-1e6b-4f9d-a61a-7e6e81455479,bima_kemdiktisaintek,https://apibima.kemdiktisaintek.go.id/api/v1/ecatalog/perguruantinggi/search?page=66&limit=10,approved,
IKIP Mataram,ikip mataram,university,,,12e9aeb1-0aaa-4279-bceb-c3f2e3d36eb5,bima_kemdiktisaintek,https://apibima.kemdiktisaintek.go.id/api/v1/ecatalog/perguruantinggi/search?page=66&limit=10,approved,
Universitas Mohammad Husni Thamrin Jakarta,universitas mohammad husni thamrin jakarta,university,,,1d0a3b4c-a54c-4855-8d65-08f0ed8114c6,bima_kemdiktisaintek,https://apibima.kemdiktisaintek.go.id/api/v1/ecatalog/perguruantinggi/search?page=66&limit=10,approved,
Sekolah Tinggi Farmasi Mahaganesha,sekolah tinggi farmasi mahaganesha,university,,,208ccfb6-801d-4a6c-920a-2b0056fe0ddf,bima_kemdiktisaintek,https://apibima.kemdiktisaintek.go.id/api/v1/ecatalog/perguruantinggi/search?page=66&limit=10,approved,
Universitas Islam Kuantan Singingi,universitas islam kuantan singingi,university,,,245e92c1-6864-4aa5-b566-7d8e426f8858,bima_kemdiktisaintek,https://apibima.kemdiktisaintek.go.id/api/v1/ecatalog/perguruantinggi/search?page=66&limit=10,approved,
STIKES Bina Usada Bali,stikes bina usada bali,university,,,2bacfe73-0ba1-4908-9f9e-789644c54ccd,bima_kemdiktisaintek,https://apibima.kemdiktisaintek.go.id/api/v1/ecatalog/perguruantinggi/search?page=66&limit=10,approved,
Universitas Al-Azhar,universitas al-azhar,university,,,32c68fca-50ef-49c2-97ec-76014d43ea5e,bima_kemdiktisaintek,https://apibima.kemdiktisaintek.go.id/api/v1/ecatalog/perguruantinggi/search?page=66&limit=10,approved,
Universitas Pepabri Makassar,universitas pepabri makassar,university,,,39fa4b36-e656-4783-89a0-5412f82e4358,bima_kemdiktisaintek,https://apibima.kemdiktisaintek.go.id/api/v1/ecatalog/perguruantinggi/search?page=67&limit=10,approved,
Universitas Gresik,universitas gresik,university,,,4ce8169b-05c3-4c25-b313-ffc4e9f114ae,bima_kemdiktisaintek,https://apibima.kemdiktisaintek.go.id/api/v1/ecatalog/perguruantinggi/search?page=67&limit=10,approved,
Universitas Sjakhyakirti,universitas sjakhyakirti,university,,,55f3fc99-d06a-4075-913f-222f05c49839,bima_kemdiktisaintek,https://apibima.kemdiktisaintek.go.id/api/v1/ecatalog/perguruantinggi/search?page=67&limit=10,approved,
STIKES Bhakti Pertiwi Luwu Raya,stikes bhakti pertiwi luwu raya,university,,,56061e74-6dac-431c-9aa1-4c44cdc226f3,bima_kemdiktisaintek,https://apibima.kemdiktisaintek.go.id/api/v1/ecatalog/perguruantinggi/search?page=67&limit=10,approved,
Sekolah Tinggi Ilmu Ekonomi Makassar Bongaya,sekolah tinggi ilmu ekonomi makassar bongaya,university,,,568b028c-cd2f-4875-a7e5-f42523054c72,bima_kemdiktisaintek,https://apibima.kemdiktisaintek.go.id/api/v1/ecatalog/perguruantinggi/search?page=67&limit=10,approved,
Universitas Muhammadiyah Gombong,universitas muhammadiyah gombong,university,,,6354f83d-2ffc-4827-bad5-1ce8770b2aeb,bima_kemdiktisaintek,https://apibima.kemdiktisaintek.go.id/api/v1/ecatalog/perguruantinggi/search?page=67&limit=10,approved,
Universitas Pignatelli Triputra,universitas pignatelli triputra,university,,,65e1e359-703b-4dac-b06b-d4da7be41e2a,bima_kemdiktisaintek,https://apibima.kemdiktisaintek.go.id/api/v1/ecatalog/perguruantinggi/search?page=67&limit=10,approved,
Universitas Sains Dan Teknologi Jayapura,universitas sains dan teknologi jayapura,university,,,86b9436f-a09f-4aaf-adb1-e57f7160d9f0,bima_kemdiktisaintek,https://apibima.kemdiktisaintek.go.id/api/v1/ecatalog/perguruantinggi/search?page=67&limit=10,approved,
Sekolah Tinggi Ilmu Ekonomi Eka Prasetya,sekolah tinggi ilmu ekonomi eka prasetya,university,,,8ed32123-8535-4673-9394-564632fffe98,bima_kemdiktisaintek,https://apibima.kemdiktisaintek.go.id/api/v1/ecatalog/perguruantinggi/search?page=67&limit=10,approved,
STIKES Maranatha Kupang,stikes maranatha kupang,university,,,91a40d27-d0b7-4e19-81c5-4a55c614c44f,bima_kemdiktisaintek,https://apibima.kemdiktisaintek.go.id/api/v1/ecatalog/perguruantinggi/search?page=67&limit=10,approved,
Universitas Mega Buana Palopo,universitas mega buana palopo,university,,,975a1080-9f62-4706-8f0b-bd24fda75585,bima_kemdiktisaintek,https://apibima.kemdiktisaintek.go.id/api/v1/ecatalog/perguruantinggi/search?page=68&limit=10,approved,
STMIK Pringsewu,stmik pringsewu,university,,,9834d774-7fc1-4e40-b84e-8bf6cc33cc1c,bima_kemdiktisaintek,https://apibima.kemdiktisaintek.go.id/api/v1/ecatalog/perguruantinggi/search?page=68&limit=10,approved,
Sekolah Tinggi Ilmu Kesehatan Karya Kesehatan,sekolah tinggi ilmu kesehatan karya kesehatan,university,,,a7fad6e8-601f-4917-a9ce-cb7a0048b5e0,bima_kemdiktisaintek,https://apibima.kemdiktisaintek.go.id/api/v1/ecatalog/perguruantinggi/search?page=68&limit=10,approved,
Sekolah Tinggi Ilmu Kesehatan Medistra Indonesia,sekolah tinggi ilmu kesehatan medistra indonesia,university,,,afacaf82-ff2d-46c4-bb49-e1a8e885f412,bima_kemdiktisaintek,https://apibima.kemdiktisaintek.go.id/api/v1/ecatalog/perguruantinggi/search?page=68&limit=10,approved,
Universitas Mulia,universitas mulia,university,,,b8716423-9361-4fae-9821-97b9631955e4,bima_kemdiktisaintek,https://apibima.kemdiktisaintek.go.id/api/v1/ecatalog/perguruantinggi/search?page=68&limit=10,approved,
STKIP Majenang,stkip majenang,university,,,d43f861a-5810-493c-90f6-420ab2ca9975,bima_kemdiktisaintek,https://apibima.kemdiktisaintek.go.id/api/v1/ecatalog/perguruantinggi/search?page=68&limit=10,approved,
Universitas Bakti Tunas Husada,universitas bakti tunas husada,university,,,d8bbb521-d8f0-4b31-9153-32c5ee7c0297,bima_kemdiktisaintek,https://apibima.kemdiktisaintek.go.id/api/v1/ecatalog/perguruantinggi/search?page=68&limit=10,approved,
STKIP Nahdlatul Ulama Indramayu,stkip nahdlatul ulama indramayu,university,,,e34dd8d2-b252-4e44-948f-70d39802e8ef,bima_kemdiktisaintek,https://apibima.kemdiktisaintek.go.id/api/v1/ecatalog/perguruantinggi/search?page=68&limit=10,approved,
Sekolah Tinggi Teknologi Mandala,sekolah tinggi teknologi mandala,university,,,eac69c8f-dc5c-42e3-9db3-448f22f021f0,bima_kemdiktisaintek,https://apibima.kemdiktisaintek.go.id/api/v1/ecatalog/perguruantinggi/search?page=68&limit=10,approved,
Universitas Cahaya Bangsa,universitas cahaya bangsa,university,,,ff50bc6f-eaeb-469b-803d-88f0f9018f8c,bima_kemdiktisaintek,https://apibima.kemdiktisaintek.go.id/api/v1/ecatalog/perguruantinggi/search?page=68&limit=10,approved,
Universitas Cokroaminoto,universitas cokroaminoto,university,,,025de933-a7c3-45e6-9952-7e2d3e394240,bima_kemdiktisaintek,https://apibima.kemdiktisaintek.go.id/api/v1/ecatalog/perguruantinggi/search?page=69&limit=10,approved,
Universitas Dipa Makassar,universitas dipa makassar,university,,,3e709a53-9fe5-4dc0-b7a2-4ff8eae3f3ae,bima_kemdiktisaintek,https://apibima.kemdiktisaintek.go.id/api/v1/ecatalog/perguruantinggi/search?page=69&limit=10,approved,
Universitas Al Washliyah,universitas al washliyah,university,,,46138ea6-f3ec-433a-821a-caa4c8ab0a90,bima_kemdiktisaintek,https://apibima.kemdiktisaintek.go.id/api/v1/ecatalog/perguruantinggi/search?page=69&limit=10,approved,
STIKES Pasapua Ambon,stikes pasapua ambon,university,,,490c17c7-b4ed-49be-bb02-8cd7526266c0,bima_kemdiktisaintek,https://apibima.kemdiktisaintek.go.id/api/v1/ecatalog/perguruantinggi/search?page=69&limit=10,approved,
Universitas Gajayana,universitas gajayana,university,,,53848853-acd6-4870-9a08-321f95c7f466,bima_kemdiktisaintek,https://apibima.kemdiktisaintek.go.id/api/v1/ecatalog/perguruantinggi/search?page=69&limit=10,approved,
Institut Teknologi dan Kesehatan Muhammadiyah Kalimantan Barat,institut teknologi dan kesehatan muhammadiyah kalimantan barat,university,,,5ac069be-0ea3-41d9-b6c8-34cc9de26a42,bima_kemdiktisaintek,https://apibima.kemdiktisaintek.go.id/api/v1/ecatalog/perguruantinggi/search?page=69&limit=10,approved,
STMIK Lombok,stmik lombok,university,,,5b2d1d98-bccd-4b95-9ce0-301fcd06ed75,bima_kemdiktisaintek,https://apibima.kemdiktisaintek.go.id/api/v1/ecatalog/perguruantinggi/search?page=69&limit=10,approved,
Sekolah Tinggi Ilmu Ekonomi Muhammadiyah Asahan,sekolah tinggi ilmu ekonomi muhammadiyah asahan,university,,,5ddce3a8-1e50-4f94-9753-eec413ef61ee,bima_kemdiktisaintek,https://apibima.kemdiktisaintek.go.id/api/v1/ecatalog/perguruantinggi/search?page=69&limit=10,approved,
Universitas Sains dan Teknologi Indonesia,universitas sains dan teknologi indonesia,university,,,6033b326-c475-4274-8071-5ee185ba30fb,bima_kemdiktisaintek,https://apibima.kemdiktisaintek.go.id/api/v1/ecatalog/perguruantinggi/search?page=69&limit=10,approved,
Universitas Persada Indonesia Yai,universitas persada indonesia yai,university,,,6d36c449-66cc-4ad3-a509-bd3970efbb4c,bima_kemdiktisaintek,https://apibima.kemdiktisaintek.go.id/api/v1/ecatalog/perguruantinggi/search?page=69&limit=10,approved,
STKIP Muhammadiyah Bulukumba,stkip muhammadiyah bulukumba,university,,,8533a892-beac-4a0e-b0e2-b894089fba2d,bima_kemdiktisaintek,https://apibima.kemdiktisaintek.go.id/api/v1/ecatalog/perguruantinggi/search?page=70&limit=10,approved,
Universitas Rokania,universitas rokania,university,,,94ffd454-7696-4a34-8dd1-ff483538bc9f,bima_kemdiktisaintek,https://apibima.kemdiktisaintek.go.id/api/v1/ecatalog/perguruantinggi/search?page=70&limit=10,approved,
Sekolah Tinggi Ilmu Kesehatan Ngudia Husada Madura,sekolah tinggi ilmu kesehatan ngudia husada madura,university,,,98c7c401-097f-448a-8670-a0559e506b6f,bima_kemdiktisaintek,https://apibima.kemdiktisaintek.go.id/api/v1/ecatalog/perguruantinggi/search?page=70&limit=10,approved,
Sekolah Tinggi Ilmu Farmasi Makassar,sekolah tinggi ilmu farmasi makassar,university,,,99136d29-b452-4621-88d9-14a9765d6409,bima_kemdiktisaintek,https://apibima.kemdiktisaintek.go.id/api/v1/ecatalog/perguruantinggi/search?page=70&limit=10,approved,
Universitas Riau Kepulauan,universitas riau kepulauan,university,,,9a1f7841-bfe5-42a0-ac87-6b44fc44c242,bima_kemdiktisaintek,https://apibima.kemdiktisaintek.go.id/api/v1/ecatalog/perguruantinggi/search?page=70&limit=10,approved,
STMIK Kaputama,stmik kaputama,university,,,b6b6419c-4d2e-4515-b9c3-a78f48f73d0e,bima_kemdiktisaintek,https://apibima.kemdiktisaintek.go.id/api/v1/ecatalog/perguruantinggi/search?page=70&limit=10,approved,
Universitas 45 Mataram,universitas 45 mataram,university,,,babbe8f5-e9b9-42f0-bee3-fd9de9f986d4,bima_kemdiktisaintek,https://apibima.kemdiktisaintek.go.id/api/v1/ecatalog/perguruantinggi/search?page=70&limit=10,approved,
Universitas Teknologi Muhammadiyah Jakarta,universitas teknologi muhammadiyah jakarta,university,,,c25741bd-3162-42af-b5dc-a360d38bb9b3,bima_kemdiktisaintek,https://apibima.kemdiktisaintek.go.id/api/v1/ecatalog/perguruantinggi/search?page=70&limit=10,approved,
Sekolah Tinggi Ilmu Kesehatan Bakti Tunas Husada,sekolah tinggi ilmu kesehatan bakti tunas husada,university,,,d02739f1-7fcb-4165-92a4-7d0b541b038b,bima_kemdiktisaintek,https://apibima.kemdiktisaintek.go.id/api/v1/ecatalog/perguruantinggi/search?page=70&limit=10,approved,
Universitas Pandanaran,universitas pandanaran,university,,,e0cfa689-beda-4eb0-b6a2-99e8dd4cee24,bima_kemdiktisaintek,https://apibima.kemdiktisaintek.go.id/api/v1/ecatalog/perguruantinggi/search?page=70&limit=10,approved,
Sekolah Tinggi Ilmu Ekonomi Indonesia Jakarta,sekolah tinggi ilmu ekonomi indonesia jakarta,university,,,04edadbb-42f4-4d0b-9738-602b984ebdb5,bima_kemdiktisaintek,https://apibima.kemdiktisaintek.go.id/api/v1/ecatalog/perguruantinggi/search?page=71&limit=10,approved,
Universitas Lelemuku Saumlaki,universitas lelemuku saumlaki,university,,,0623154e-d5a6-4861-897a-11d4b14949f8,bima_kemdiktisaintek,https://apibima.kemdiktisaintek.go.id/api/v1/ecatalog/perguruantinggi/search?page=71&limit=10,approved,
Universitas Qomaruddin,universitas qomaruddin,university,,,0b42267c-cad3-49ae-90fb-c6048773a8cd,bima_kemdiktisaintek,https://apibima.kemdiktisaintek.go.id/api/v1/ecatalog/perguruantinggi/search?page=71&limit=10,approved,
STKIP Kusumanegara,stkip kusumanegara,university,,,0f4dd963-0a75-4602-94bf-2d63face46f9,bima_kemdiktisaintek,https://apibima.kemdiktisaintek.go.id/api/v1/ecatalog/perguruantinggi/search?page=71&limit=10,approved,
Institut Bisnis dan Informatika (IBI) Kosgoro 1957,institut bisnis dan informatika (ibi) kosgoro 1957,university,,,1f7a4b65-2865-4893-80bc-a337d8bc6377,bima_kemdiktisaintek,https://apibima.kemdiktisaintek.go.id/api/v1/ecatalog/perguruantinggi/search?page=71&limit=10,approved,
Universitas Muhammadiyah Pringsewu,universitas muhammadiyah pringsewu,university,,,3792454d-4d3b-4c1a-bf1f-199baea89040,bima_kemdiktisaintek,https://apibima.kemdiktisaintek.go.id/api/v1/ecatalog/perguruantinggi/search?page=71&limit=10,approved,
Sekolah Tinggi Ilmu Ekonomi Satya Dharma,sekolah tinggi ilmu ekonomi satya dharma,university,,,3ae00a2a-a2a2-4bc1-a8da-f6dd8221e225,bima_kemdiktisaintek,https://apibima.kemdiktisaintek.go.id/api/v1/ecatalog/perguruantinggi/search?page=71&limit=10,approved,
Universitas STRADA Indonesia,universitas strada indonesia,university,,,4adc30d4-f481-44eb-b1d5-1bc8c20257cd,bima_kemdiktisaintek,https://apibima.kemdiktisaintek.go.id/api/v1/ecatalog/perguruantinggi/search?page=71&limit=10,approved,
STKIP Muhammadiyah Manokwari,stkip muhammadiyah manokwari,university,,,4d02b3ab-1ece-4168-84a1-e71950e2caa9,bima_kemdiktisaintek,https://apibima.kemdiktisaintek.go.id/api/v1/ecatalog/perguruantinggi/search?page=71&limit=10,approved,
STKIP An-nur Nangro Aceh,stkip an-nur nangro aceh,university,,,4e6a9c22-2d56-441a-99ca-cb08f11aeff9,bima_kemdiktisaintek,https://apibima.kemdiktisaintek.go.id/api/v1/ecatalog/perguruantinggi/search?page=71&limit=10,approved,
Sekolah Tinggi Ilmu Ekonomi Totalwin,sekolah tinggi ilmu ekonomi totalwin,university,,,5aedbdf9-6364-468f-bc36-7c0a77b40690,bima_kemdiktisaintek,https://apibima.kemdiktisaintek.go.id/api/v1/ecatalog/perguruantinggi/search?page=72&limit=10,approved,
Universitas Almarisah Madani,universitas almarisah madani,university,,,5e5072bf-3420-4eff-abbe-df8ab7864b85,bima_kemdiktisaintek,https://apibima.kemdiktisaintek.go.id/api/v1/ecatalog/perguruantinggi/search?page=72&limit=10,approved,
Sekolah Tinggi Ilmu Kesehatan Panrita Husada,sekolah tinggi ilmu kesehatan panrita husada,university,,,6bae6996-cdda-4659-acad-4a2348c844bf,bima_kemdiktisaintek,https://apibima.kemdiktisaintek.go.id/api/v1/ecatalog/perguruantinggi/search?page=72&limit=10,approved,
Sekolah Tinggi Ilmu Ekonomi Widya Gama,sekolah tinggi ilmu ekonomi widya gama,university,,,712858a0-3bc2-4a26-8127-2fcf65f0b517,bima_kemdiktisaintek,https://apibima.kemdiktisaintek.go.id/api/v1/ecatalog/perguruantinggi/search?page=72&limit=10,approved,
Universitas Nahdlatul Ulama Gorontalo,universitas nahdlatul ulama gorontalo,university,,,740520be-2f35-4b4c-92d5-e546e749821e,bima_kemdiktisaintek,https://apibima.kemdiktisaintek.go.id/api/v1/ecatalog/perguruantinggi/search?page=72&limit=10,approved,
Universitas Putra Indonesia,universitas putra indonesia,university,,,7a5699d4-40de-448e-b616-fa71200d29f2,bima_kemdiktisaintek,https://apibima.kemdiktisaintek.go.id/api/v1/ecatalog/perguruantinggi/search?page=72&limit=10,approved,
STIKES Bhakti Mandala Husada Slawi,stikes bhakti mandala husada slawi,university,,,9a06f9dc-e9e1-4493-ac6b-a5d2074d32f5,bima_kemdiktisaintek,https://apibima.kemdiktisaintek.go.id/api/v1/ecatalog/perguruantinggi/search?page=72&limit=10,approved,
Sekolah Tinggi Teknologi Kedirgantaraan,sekolah tinggi teknologi kedirgantaraan,university,,,a142bdf8-adda-4fa0-addc-0beb6feaf09a,bima_kemdiktisaintek,https://apibima.kemdiktisaintek.go.id/api/v1/ecatalog/perguruantinggi/search?page=72&limit=10,approved,
Universitas Mohammad Natsir Bukittinggi,universitas mohammad natsir bukittinggi,university,,,b5585d89-682e-4b51-a2b4-2ff70029f94c,bima_kemdiktisaintek,https://apibima.kemdiktisaintek.go.id/api/v1/ecatalog/perguruantinggi/search?page=72&limit=10,approved,
Universitas Dirgantara Marsekal Suryadarma,universitas dirgantara marsekal suryadarma,university,,,cacf555a-6d31-4d9c-a03e-7d17a77a10d6,bima_kemdiktisaintek,https://apibima.kemdiktisaintek.go.id/api/v1/ecatalog/perguruantinggi/search?page=72&limit=10,approved,
Universitas Adhirajasa Reswara Sanjaya,universitas adhirajasa reswara sanjaya,university,,,e0f0cb54-a53f-4c47-b9d9-3ce9b660c338,bima_kemdiktisaintek,https://apibima.kemdiktisaintek.go.id/api/v1/ecatalog/perguruantinggi/search?page=73&limit=10,approved,
STIKES Tri Mandiri Sakti Bengkulu,stikes tri mandiri sakti bengkulu,university,,,e27608c9-41ba-40a6-970e-22809b30dc77,bima_kemdiktisaintek,https://apibima.kemdiktisaintek.go.id/api/v1/ecatalog/perguruantinggi/search?page=73&limit=10,approved,
Institut Teknologi Yogyakarta,institut teknologi yogyakarta,university,,,ee993994-a0dd-4b98-a5d9-5a9cd89e4079,bima_kemdiktisaintek,https://apibima.kemdiktisaintek.go.id/api/v1/ecatalog/perguruantinggi/search?page=73&limit=10,approved,
STKIP Bina Insan Mandiri,stkip bina insan mandiri,university,,,00f63761-dcb5-40d0-a87f-1f04010d5cfe,bima_kemdiktisaintek,https://apibima.kemdiktisaintek.go.id/api/v1/ecatalog/perguruantinggi/search?page=73&limit=10,approved,
Sekolah Tinggi Farmasi Indonesia Bandung,sekolah tinggi farmasi indonesia bandung,university,,,01eadea7-e2d5-4890-850c-f707134b186c,bima_kemdiktisaintek,https://apibima.kemdiktisaintek.go.id/api/v1/ecatalog/perguruantinggi/search?page=73&limit=10,approved,
Universitas Widya Mataram,universitas widya mataram,university,,,1177747d-8c10-4787-9cb8-c1149dfc5bd0,bima_kemdiktisaintek,https://apibima.kemdiktisaintek.go.id/api/v1/ecatalog/perguruantinggi/search?page=73&limit=10,approved,
Universitas Handayani Makassar,universitas handayani makassar,university,,,2eb24b95-a210-4077-ba57-c2c4d1b6816a,bima_kemdiktisaintek,https://apibima.kemdiktisaintek.go.id/api/v1/ecatalog/perguruantinggi/search?page=73&limit=10,approved,
STKIP Bina Bangsa Getsempena,stkip bina bangsa getsempena,university,,,4215740d-8090-4a50-9751-897cff8500cf,bima_kemdiktisaintek,https://apibima.kemdiktisaintek.go.id/api/v1/ecatalog/perguruantinggi/search?page=73&limit=10,approved,
Institut Bisnis dan Keuangan Nitro,institut bisnis dan keuangan nitro,university,,,50fe8f6d-d99e-409f-aa54-c9ab3a32d1a2,bima_kemdiktisaintek,https://apibima.kemdiktisaintek.go.id/api/v1/ecatalog/perguruantinggi/search?page=73&limit=10,approved,
Universitas PGRI Wiranegara,universitas pgri wiranegara,university,,,5dfd1380-0196-4fce-a31c-01d5a4da3fae,bima_kemdiktisaintek,https://apibima.kemdiktisaintek.go.id/api/v1/ecatalog/perguruantinggi/search?page=73&limit=10,approved,
Universitas Balikpapan,universitas balikpapan,university,,,5ecb92c0-94cb-4a06-8283-d4c3b7ae577a,bima_kemdiktisaintek,https://apibima.kemdiktisaintek.go.id/api/v1/ecatalog/perguruantinggi/search?page=74&limit=10,approved,
STMIK Primakara,stmik primakara,university,,,62600d00-807c-40f7-8aa9-2556cd5c8793,bima_kemdiktisaintek,https://apibima.kemdiktisaintek.go.id/api/v1/ecatalog/perguruantinggi/search?page=74&limit=10,approved,
STIKES Medika Nurul Islam,stikes medika nurul islam,university,,,6bfb0f1a-e639-44ee-b82a-fdf67faded65,bima_kemdiktisaintek,https://apibima.kemdiktisaintek.go.id/api/v1/ecatalog/perguruantinggi/search?page=74&limit=10,approved,
Universitas Dwijendra,universitas dwijendra,university,,,73a82e8c-39c8-4f55-a8eb-2b9160710353,bima_kemdiktisaintek,https://apibima.kemdiktisaintek.go.id/api/v1/ecatalog/perguruantinggi/search?page=74&limit=10,approved,
Universitas Prima Nusantara Bukittinggi,universitas prima nusantara bukittinggi,university,,,9a876a77-b44e-460a-8374-93ce17f87687,bima_kemdiktisaintek,https://apibima.kemdiktisaintek.go.id/api/v1/ecatalog/perguruantinggi/search?page=74&limit=10,approved,
IKIP Muhammadiyah Maumere,ikip muhammadiyah maumere,university,,,9bae7c31-d1b0-4af1-bfd8-4b7b11c932af,bima_kemdiktisaintek,https://apibima.kemdiktisaintek.go.id/api/v1/ecatalog/perguruantinggi/search?page=74&limit=10,approved,
Universitas Suryakancana,universitas suryakancana,university,,,a5826c2c-a251-4470-9dfd-8c848857732c,bima_kemdiktisaintek,https://apibima.kemdiktisaintek.go.id/api/v1/ecatalog/perguruantinggi/search?page=74&limit=10,approved,
Sekolah Tinggi Pertanian Flores Bajawa,sekolah tinggi pertanian flores bajawa,university,,,aee38768-18ef-43d9-81ca-1e25746dcf32,bima_kemdiktisaintek,https://apibima.kemdiktisaintek.go.id/api/v1/ecatalog/perguruantinggi/search?page=74&limit=10,approved,
Iisip Yapis Biak,iisip yapis biak,university,,,be753bbb-5566-4890-8c7f-cbb53645e900,bima_kemdiktisaintek,https://apibima.kemdiktisaintek.go.id/api/v1/ecatalog/perguruantinggi/search?page=74&limit=10,approved,
Universitas Hafshawaty Zainul Hasan,universitas hafshawaty zainul hasan,university,,,c8ad1aa0-e944-4c6e-9f59-e90eaf822fc6,bima_kemdiktisaintek,https://apibima.kemdiktisaintek.go.id/api/v1/ecatalog/perguruantinggi/search?page=74&limit=10,approved,
Institut Teknologi dan Kesehatan Bintang Persada,institut teknologi dan kesehatan bintang persada,university,,,dbf2822e-5a79-427c-9755-141cfc52e331,bima_kemdiktisaintek,https://apibima.kemdiktisaintek.go.id/api/v1/ecatalog/perguruantinggi/search?page=75&limit=10,approved,
Universitas Katolik Musi Charitas,universitas katolik musi charitas,university,,,f5326129-052b-4753-b8d1-e073656b89d5,bima_kemdiktisaintek,https://apibima.kemdiktisaintek.go.id/api/v1/ecatalog/perguruantinggi/search?page=75&limit=10,approved,
Universitas Ibnu Sina,universitas ibnu sina,university,,,ff78b737-d20d-488e-9733-7928f8b8c363,bima_kemdiktisaintek,https://apibima.kemdiktisaintek.go.id/api/v1/ecatalog/perguruantinggi/search?page=75&limit=10,approved,
STIKES Yarsi Pontianak,stikes yarsi pontianak,university,,,0220ec2c-535c-4c80-b6d5-b9f0261663c4,bima_kemdiktisaintek,https://apibima.kemdiktisaintek.go.id/api/v1/ecatalog/perguruantinggi/search?page=75&limit=10,approved,
Universitas Islam Al-Ihya Kuningan,universitas islam al-ihya kuningan,university,,,07561bb2-d3d9-4003-b21c-1b69049a1d08,bima_kemdiktisaintek,https://apibima.kemdiktisaintek.go.id/api/v1/ecatalog/perguruantinggi/search?page=75&limit=10,approved,
Universitas Annuqayah,universitas annuqayah,university,,,100fa181-5f8f-442e-bf14-77afc5ce710a,bima_kemdiktisaintek,https://apibima.kemdiktisaintek.go.id/api/v1/ecatalog/perguruantinggi/search?page=75&limit=10,approved,
Universitas La Tansa Mashiro,universitas la tansa mashiro,university,,,1f246fbd-2316-4f6e-b836-0091c6b79148,bima_kemdiktisaintek,https://apibima.kemdiktisaintek.go.id/api/v1/ecatalog/perguruantinggi/search?page=75&limit=10,approved,
STKIP PGRI Jombang,stkip pgri jombang,university,,,2aba2b66-f2fb-4682-ac14-4402bda9dddc,bima_kemdiktisaintek,https://apibima.kemdiktisaintek.go.id/api/v1/ecatalog/perguruantinggi/search?page=75&limit=10,approved,
Universitas Antakusuma,universitas antakusuma,university,,,32f9aabf-ab7e-43f1-905d-2c4681209310,bima_kemdiktisaintek,https://apibima.kemdiktisaintek.go.id/api/v1/ecatalog/perguruantinggi/search?page=75&limit=10,approved,
Universitas Kristen Immanuel,universitas kristen immanuel,university,,,3beaea9c-6d71-4555-bc43-33910e4f1466,bima_kemdiktisaintek,https://apibima.kemdiktisaintek.go.id/api/v1/ecatalog/perguruantinggi/search?page=75&limit=10,approved,
Universitas Primakara,universitas primakara,university,,,4087f55f-ba56-4bd2-8953-dc77bd514ded,bima_kemdiktisaintek,https://apibima.kemdiktisaintek.go.id/api/v1/ecatalog/perguruantinggi/search?page=76&limit=10,approved,
Universitas Karya Husada Semarang,universitas karya husada semarang,university,,,40eece22-11dc-43f5-bc10-14d672abbbaf,bima_kemdiktisaintek,https://apibima.kemdiktisaintek.go.id/api/v1/ecatalog/perguruantinggi/search?page=76&limit=10,approved,
Universitas Tamansiswa,universitas tamansiswa,university,,,4a94e9cc-4c8b-4a83-ab17-b446fd4af1b4,bima_kemdiktisaintek,https://apibima.kemdiktisaintek.go.id/api/v1/ecatalog/perguruantinggi/search?page=76&limit=10,approved,
Universitas An Nuur,universitas an nuur,university,,,4b701c91-8062-44ec-a4ae-b26324290803,bima_kemdiktisaintek,https://apibima.kemdiktisaintek.go.id/api/v1/ecatalog/perguruantinggi/search?page=76&limit=10,approved,
Universitas Muhammadiyah Muara Bungo,universitas muhammadiyah muara bungo,university,,,4e0f685f-2607-4bc9-a28e-4e50a9553d68,bima_kemdiktisaintek,https://apibima.kemdiktisaintek.go.id/api/v1/ecatalog/perguruantinggi/search?page=76&limit=10,approved,
STIE Bakti Bangsa,stie bakti bangsa,university,,,5b1c1fad-e737-4c4f-8bb3-227b80ee3887,bima_kemdiktisaintek,https://apibima.kemdiktisaintek.go.id/api/v1/ecatalog/perguruantinggi/search?page=76&limit=10,approved,
Universitas Mbojo Bima,universitas mbojo bima,university,,,753b3075-c954-412b-906e-57136e5fb074,bima_kemdiktisaintek,https://apibima.kemdiktisaintek.go.id/api/v1/ecatalog/perguruantinggi/search?page=76&limit=10,approved,
Sekolah Tinggi Farmasi Bandung,sekolah tinggi farmasi bandung,university,,,78c41fdd-743f-48de-bba6-748ea64bcf76,bima_kemdiktisaintek,https://apibima.kemdiktisaintek.go.id/api/v1/ecatalog/perguruantinggi/search?page=76&limit=10,approved,
Universitas Mercubaktijaya,universitas mercubaktijaya,university,,,795f3bab-6dd8-45fc-9bcd-1ba2e9484b15,bima_kemdiktisaintek,https://apibima.kemdiktisaintek.go.id/api/v1/ecatalog/perguruantinggi/search?page=76&limit=10,approved,
Universitas Indonesia Maju,universitas indonesia maju,university,,,7edacaa8-6ea1-4211-8e61-bcca89bfc867,bima_kemdiktisaintek,https://apibima.kemdiktisaintek.go.id/api/v1/ecatalog/perguruantinggi/search?page=76&limit=10,approved,
STKIP PGRI Banjarmasin,stkip pgri banjarmasin,university,,,80abfe5a-b3eb-4f5c-8d1c-f5db0233514d,bima_kemdiktisaintek,https://apibima.kemdiktisaintek.go.id/api/v1/ecatalog/perguruantinggi/search?page=77&limit=10,approved,
Universitas Muhammadiyah Ahmad Dahlan Palembang,universitas muhammadiyah ahmad dahlan palembang,university,,,96636107-8dcc-4935-82a0-36e16d80136e,bima_kemdiktisaintek,https://apibima.kemdiktisaintek.go.id/api/v1/ecatalog/perguruantinggi/search?page=77&limit=10,approved,
Sekolah Tinggi Perikanan Sibolga,sekolah tinggi perikanan sibolga,university,,,9d2f57bc-8f12-48d7-a679-fa75c4a67cc9,bima_kemdiktisaintek,https://apibima.kemdiktisaintek.go.id/api/v1/ecatalog/perguruantinggi/search?page=77&limit=10,approved,
Universitas Trinita,universitas trinita,university,,,9f3756c6-8d67-45c0-b5fd-a95f5d009137,bima_kemdiktisaintek,https://apibima.kemdiktisaintek.go.id/api/v1/ecatalog/perguruantinggi/search?page=77&limit=10,approved,
Universitas Darma Cendika Surabaya,universitas darma cendika surabaya,university,,,a596050f-9f08-43d8-a888-8e083f2a227f,bima_kemdiktisaintek,https://apibima.kemdiktisaintek.go.id/api/v1/ecatalog/perguruantinggi/search?page=77&limit=10,approved,
Universitas Kader Bangsa,universitas kader bangsa,university,,,a5a07f89-d5af-4520-a924-f84b726c6104,bima_kemdiktisaintek,https://apibima.kemdiktisaintek.go.id/api/v1/ecatalog/perguruantinggi/search?page=77&limit=10,approved,
Universitas Muhammadiyah Mahakarya Aceh,universitas muhammadiyah mahakarya aceh,university,,,ac8dc2d5-f7cd-43d9-b530-ea8c04b569b6,bima_kemdiktisaintek,https://apibima.kemdiktisaintek.go.id/api/v1/ecatalog/perguruantinggi/search?page=77&limit=10,approved,
Universitas Darunnajah,universitas darunnajah,university,,,ae4afee9-46ac-4e59-a656-b79557ae9541,bima_kemdiktisaintek,https://apibima.kemdiktisaintek.go.id/api/v1/ecatalog/perguruantinggi/search?page=77&limit=10,approved,
Universitas Fort De Kock,universitas fort de kock,university,,,b60486c3-dcc6-4e4e-a0b8-3efdb66a9954,bima_kemdiktisaintek,https://apibima.kemdiktisaintek.go.id/api/v1/ecatalog/perguruantinggi/search?page=77&limit=10,approved,
Sekolah Tinggi Ilmu Ekonomi Widya Darma Kotamobagu,sekolah tinggi ilmu ekonomi widya darma kotamobagu,university,,,b71e3a1a-6aee-4a18-876d-f653f1cb7908,bima_kemdiktisaintek,https://apibima.kemdiktisaintek.go.id/api/v1/ecatalog/perguruantinggi/search?page=77&limit=10,approved,
Sekolah Tinggi Teknologi Bandung,sekolah tinggi teknologi bandung,university,,,c3a3deea-fa32-4258-b5b6-c0380a4eaf68,bima_kemdiktisaintek,https://apibima.kemdiktisaintek.go.id/api/v1/ecatalog/perguruantinggi/search?page=78&limit=10,approved,
Universitas KH. Bahaudin Mudhary Madura,universitas kh. bahaudin mudhary madura,university,,,c8936702-cf83-45fe-82cb-bdda6265cb0a,bima_kemdiktisaintek,https://apibima.kemdiktisaintek.go.id/api/v1/ecatalog/perguruantinggi/search?page=78&limit=10,approved,
STKIP PGRI Tulungagung,stkip pgri tulungagung,university,,,df55aaf9-e7c8-4add-8d9a-e12670141d4b,bima_kemdiktisaintek,https://apibima.kemdiktisaintek.go.id/api/v1/ecatalog/perguruantinggi/search?page=78&limit=10,approved,
STMIK Amikom Purwokerto,stmik amikom purwokerto,university,,,e2287da9-ea5e-4963-8df0-68b3bb1c9d35,bima_kemdiktisaintek,https://apibima.kemdiktisaintek.go.id/api/v1/ecatalog/perguruantinggi/search?page=78&limit=10,approved,
STKIP Setiabudhi,stkip setiabudhi,university,,,ed6e6ba4-abe9-4a8f-b595-4e0847d49167,bima_kemdiktisaintek,https://apibima.kemdiktisaintek.go.id/api/v1/ecatalog/perguruantinggi/search?page=78&limit=10,approved,
Sekolah Tinggi Ilmu Kesehatan Pertamedika,sekolah tinggi ilmu kesehatan pertamedika,university,,,f23039dc-c008-42c8-a368-68f891bcb101,bima_kemdiktisaintek,https://apibima.kemdiktisaintek.go.id/api/v1/ecatalog/perguruantinggi/search?page=78&limit=10,approved,
Sekolah Tinggi Ilmu Kesehatan Flora,sekolah tinggi ilmu kesehatan flora,university,,,fc825241-92ba-40de-8003-53eb69183188,bima_kemdiktisaintek,https://apibima.kemdiktisaintek.go.id/api/v1/ecatalog/perguruantinggi/search?page=78&limit=10,approved,
Universitas Sampoerna,universitas sampoerna,university,,,fd5e9179-7c57-45f3-8d0e-5cd85afb4bfb,bima_kemdiktisaintek,https://apibima.kemdiktisaintek.go.id/api/v1/ecatalog/perguruantinggi/search?page=78&limit=10,approved,
Universitas Lamappapoleonro,universitas lamappapoleonro,university,,,093242bd-21b1-40a9-8c99-2a731bd80643,bima_kemdiktisaintek,https://apibima.kemdiktisaintek.go.id/api/v1/ecatalog/perguruantinggi/search?page=78&limit=10,approved,
Universitas Borneo Lestari,universitas borneo lestari,university,,,188beb05-ccec-4804-b7e5-98fa8e151c75,bima_kemdiktisaintek,https://apibima.kemdiktisaintek.go.id/api/v1/ecatalog/perguruantinggi/search?page=78&limit=10,approved,
Sekolah Tinggi Teknologi Migas,sekolah tinggi teknologi migas,university,,,2188c763-161f-4578-89c6-d1984e2d8437,bima_kemdiktisaintek,https://apibima.kemdiktisaintek.go.id/api/v1/ecatalog/perguruantinggi/search?page=79&limit=10,approved,
Sekolah Tinggi Ilmu Ekonomi Widya Wiwaha,sekolah tinggi ilmu ekonomi widya wiwaha,university,,,22a2e1d8-0d29-4da2-927b-e0d80e0222ab,bima_kemdiktisaintek,https://apibima.kemdiktisaintek.go.id/api/v1/ecatalog/perguruantinggi/search?page=79&limit=10,approved,
STKIP PGRI Bandar Lampung,stkip pgri bandar lampung,university,,,2eea131b-e689-41c4-a80f-120bc81ff725,bima_kemdiktisaintek,https://apibima.kemdiktisaintek.go.id/api/v1/ecatalog/perguruantinggi/search?page=79&limit=10,approved,
Institut Kesehatan dan Teknologi Graha Medika,institut kesehatan dan teknologi graha medika,university,,,30e16498-cf78-448b-b590-8f11ee08f631,bima_kemdiktisaintek,https://apibima.kemdiktisaintek.go.id/api/v1/ecatalog/perguruantinggi/search?page=79&limit=10,approved,
Institut Teknologi dan Bisnis Diniyyah Lampung,institut teknologi dan bisnis diniyyah lampung,university,,,33f3924d-3794-4815-9472-376d0ca3925e,bima_kemdiktisaintek,https://apibima.kemdiktisaintek.go.id/api/v1/ecatalog/perguruantinggi/search?page=79&limit=10,approved,
STIKES Murni Teguh,stikes murni teguh,university,,,39dd9aed-7807-40d3-b230-8cb463a1c091,bima_kemdiktisaintek,https://apibima.kemdiktisaintek.go.id/api/v1/ecatalog/perguruantinggi/search?page=79&limit=10,approved,
Universitas Islam Batik,universitas islam batik,university,,,3c7b7d7f-2998-4e8a-9207-cfd6882d11a7,bima_kemdiktisaintek,https://apibima.kemdiktisaintek.go.id/api/v1/ecatalog/perguruantinggi/search?page=79&limit=10,approved,
Universitas Media Nusantara Citra,universitas media nusantara citra,university,,,3f95f3bf-b44b-4f70-9fd8-3afab4993826,bima_kemdiktisaintek,https://apibima.kemdiktisaintek.go.id/api/v1/ecatalog/perguruantinggi/search?page=79&limit=10,approved,
Sekolah Tinggi Ilmu Ekonomi Sabang,sekolah tinggi ilmu ekonomi sabang,university,,,454b7a7e-e950-43aa-a638-9609651bb4c5,bima_kemdiktisaintek,https://apibima.kemdiktisaintek.go.id/api/v1/ecatalog/perguruantinggi/search?page=79&limit=10,approved,
Sekolah Tinggi Ilmu Kesehatan ISFI Banjarmasin,sekolah tinggi ilmu kesehatan isfi banjarmasin,university,,,4f9ef547-b1a3-48e2-909b-b3a787652c4b,bima_kemdiktisaintek,https://apibima.kemdiktisaintek.go.id/api/v1/ecatalog/perguruantinggi/search?page=79&limit=10,approved,
Universitas Bumi Persada,universitas bumi persada,university,,,50b4f4a0-2503-492d-9721-16ba10efcbd4,bima_kemdiktisaintek,https://apibima.kemdiktisaintek.go.id/api/v1/ecatalog/perguruantinggi/search?page=80&limit=10,approved,
Universitas Nahdlatul Ulama Sumatera Utara,universitas nahdlatul ulama sumatera utara,university,,,8bb55850-cf40-417b-86ba-49c2b8c24247,bima_kemdiktisaintek,https://apibima.kemdiktisaintek.go.id/api/v1/ecatalog/perguruantinggi/search?page=80&limit=10,approved,
Universitas Oso,universitas oso,university,,,8f56b8eb-4133-4822-9ddf-da5adc0ca8d1,bima_kemdiktisaintek,https://apibima.kemdiktisaintek.go.id/api/v1/ecatalog/perguruantinggi/search?page=80&limit=10,approved,
"Sekolah Tinggi Teknologi ""Warga"" Surakarta","sekolah tinggi teknologi ""warga"" surakarta",university,,,90ea15c6-7091-4703-a804-3344f596e839,bima_kemdiktisaintek,https://apibima.kemdiktisaintek.go.id/api/v1/ecatalog/perguruantinggi/search?page=80&limit=10,approved,
Sekolah Tinggi Ilmu Kesehatan Borneo Lestari,sekolah tinggi ilmu kesehatan borneo lestari,university,,,925363a2-c40c-42d8-bb7c-4710c57841bf,bima_kemdiktisaintek,https://apibima.kemdiktisaintek.go.id/api/v1/ecatalog/perguruantinggi/search?page=80&limit=10,approved,
Sekolah Tinggi Ilmu Administrasi Nasional,sekolah tinggi ilmu administrasi nasional,university,,,95f05f3d-cfe5-4474-8ad4-a603b9db76e1,bima_kemdiktisaintek,https://apibima.kemdiktisaintek.go.id/api/v1/ecatalog/perguruantinggi/search?page=80&limit=10,approved,
Sekolah Tinggi Ilmu Ekonomi Mujahidin,sekolah tinggi ilmu ekonomi mujahidin,university,,,98911b30-d6df-4a90-aa55-2b943e7b4803,bima_kemdiktisaintek,https://apibima.kemdiktisaintek.go.id/api/v1/ecatalog/perguruantinggi/search?page=80&limit=10,approved,
Sekolah Tinggi Perikanan Dan Kelautan Palu,sekolah tinggi perikanan dan kelautan palu,university,,,993c65fe-84be-4d13-9716-d8d9f50f6f46,bima_kemdiktisaintek,https://apibima.kemdiktisaintek.go.id/api/v1/ecatalog/perguruantinggi/search?page=80&limit=10,approved,
Universitas Buddhi Dharma,universitas buddhi dharma,university,,,9d1a1dec-7962-4f34-84bb-cd99eda6c46a,bima_kemdiktisaintek,https://apibima.kemdiktisaintek.go.id/api/v1/ecatalog/perguruantinggi/search?page=80&limit=10,approved,
Sekolah Tinggi Ilmu Manajemen Sukma,sekolah tinggi ilmu manajemen sukma,university,,,9fab9d58-58fd-4fec-8782-37c64122e9f5,bima_kemdiktisaintek,https://apibima.kemdiktisaintek.go.id/api/v1/ecatalog/perguruantinggi/search?page=80&limit=10,approved,
Institut Teknologi Telkom Surabaya,institut teknologi telkom surabaya,university,,,a0326568-b2df-4f8f-ba3c-2770b54986bf,bima_kemdiktisaintek,https://apibima.kemdiktisaintek.go.id/api/v1/ecatalog/perguruantinggi/search?page=81&limit=10,approved,
STIKES Widya Husada Medan,stikes widya husada medan,university,,,a3115dd1-a67a-4d71-baee-a7022d79f70e,bima_kemdiktisaintek,https://apibima.kemdiktisaintek.go.id/api/v1/ecatalog/perguruantinggi/search?page=81&limit=10,approved,
STKIP Al-Washliyah,stkip al-washliyah,university,,,c5c9eab4-134a-4cc0-a053-ab71c3b3c3e0,bima_kemdiktisaintek,https://apibima.kemdiktisaintek.go.id/api/v1/ecatalog/perguruantinggi/search?page=81&limit=10,approved,
Sekolah Tinggi Ilmu Kesehatan Widya Nusantara Palu,sekolah tinggi ilmu kesehatan widya nusantara palu,university,,,c691feb1-665f-4beb-b7a9-fc2206866a69,bima_kemdiktisaintek,https://apibima.kemdiktisaintek.go.id/api/v1/ecatalog/perguruantinggi/search?page=81&limit=10,approved,
Institut Sains Dan Teknologi Akprind,institut sains dan teknologi akprind,university,,,cd42f6eb-b4eb-4343-8296-af0fa80674f6,bima_kemdiktisaintek,https://apibima.kemdiktisaintek.go.id/api/v1/ecatalog/perguruantinggi/search?page=81&limit=10,approved,
Institut Teknologi dan Bisnis Widya Gama Lumajang,institut teknologi dan bisnis widya gama lumajang,university,,,d5d47d1c-f634-4fdd-a309-2b1a853290f8,bima_kemdiktisaintek,https://apibima.kemdiktisaintek.go.id/api/v1/ecatalog/perguruantinggi/search?page=81&limit=10,approved,
Universitas Kapuas,universitas kapuas,university,,,d80baf55-f836-48a1-a6d4-73c77358dcf5,bima_kemdiktisaintek,https://apibima.kemdiktisaintek.go.id/api/v1/ecatalog/perguruantinggi/search?page=81&limit=10,approved,
Universitas Proklamasi 45,universitas proklamasi 45,university,,,d9408ac6-f4c0-4ddf-8697-340088cbe6a2,bima_kemdiktisaintek,https://apibima.kemdiktisaintek.go.id/api/v1/ecatalog/perguruantinggi/search?page=81&limit=10,approved,
IKIP PGRI Bojonegoro,ikip pgri bojonegoro,university,,,e040fc10-4bcc-46fb-9e39-63f92944c097,bima_kemdiktisaintek,https://apibima.kemdiktisaintek.go.id/api/v1/ecatalog/perguruantinggi/search?page=81&limit=10,approved,
Institut Teknologi Sains Bandung,institut teknologi sains bandung,university,,,ee2cc109-de03-4d83-8952-0eadb804f92e,bima_kemdiktisaintek,https://apibima.kemdiktisaintek.go.id/api/v1/ecatalog/perguruantinggi/search?page=81&limit=10,approved,
Sekolah Tinggi Ilmu Ekonomi Perbanas Surabaya,sekolah tinggi ilmu ekonomi perbanas surabaya,university,,,ee9b8298-c917-46f9-b2d5-65d6d373d598,bima_kemdiktisaintek,https://apibima.kemdiktisaintek.go.id/api/v1/ecatalog/perguruantinggi/search?page=82&limit=10,approved,
Universitas Yatsi Madani,universitas yatsi madani,university,,,f9a2f764-1673-44fe-b7a2-339adb02bb54,bima_kemdiktisaintek,https://apibima.kemdiktisaintek.go.id/api/v1/ecatalog/perguruantinggi/search?page=82&limit=10,approved,
Sekolah Tinggi Ilmu Kesehatan Salsabila Serang,sekolah tinggi ilmu kesehatan salsabila serang,university,,,fe5ed913-6b34-49bd-b227-07e2b1633add,bima_kemdiktisaintek,https://apibima.kemdiktisaintek.go.id/api/v1/ecatalog/perguruantinggi/search?page=82&limit=10,approved,
STKIP Yapti Jeneponto,stkip yapti jeneponto,university,,,037356f3-e245-4930-9694-ce52ba3f7003,bima_kemdiktisaintek,https://apibima.kemdiktisaintek.go.id/api/v1/ecatalog/perguruantinggi/search?page=82&limit=10,approved,
Institut Pariwisata dan Bisnis Internasional,institut pariwisata dan bisnis internasional,university,,,10b9e3a2-bcc3-4a84-82d4-604b09c4cc59,bima_kemdiktisaintek,https://apibima.kemdiktisaintek.go.id/api/v1/ecatalog/perguruantinggi/search?page=82&limit=10,approved,
Universitas Aryasatya Deo Muri,universitas aryasatya deo muri,university,,,1d085cd2-dad8-4b64-852a-ede711ee601d,bima_kemdiktisaintek,https://apibima.kemdiktisaintek.go.id/api/v1/ecatalog/perguruantinggi/search?page=82&limit=10,approved,
STIKES Yahya Bima,stikes yahya bima,university,,,20ebaa39-1360-4a10-bb5f-acb921bb60f4,bima_kemdiktisaintek,https://apibima.kemdiktisaintek.go.id/api/v1/ecatalog/perguruantinggi/search?page=82&limit=10,approved,
Universitas Madani,universitas madani,university,,,2593ae07-e3ad-4fce-9bc2-3da907c46ac2,bima_kemdiktisaintek,https://apibima.kemdiktisaintek.go.id/api/v1/ecatalog/perguruantinggi/search?page=82&limit=10,approved,
STMIK Atma Luhur,stmik atma luhur,university,,,2b0aa690-f97b-4a41-ba0d-25c85c1dbd3c,bima_kemdiktisaintek,https://apibima.kemdiktisaintek.go.id/api/v1/ecatalog/perguruantinggi/search?page=82&limit=10,approved,
Universitas PGRI Mahadewa Indonesia,universitas pgri mahadewa indonesia,university,,,3e127146-0905-4cb3-a2df-c3042f165ec2,bima_kemdiktisaintek,https://apibima.kemdiktisaintek.go.id/api/v1/ecatalog/perguruantinggi/search?page=82&limit=10,approved,
Sekolah Tinggi Ilmu Ekonomi Bank Bpd Jawa Tengah,sekolah tinggi ilmu ekonomi bank bpd jawa tengah,university,,,413fcbfc-f06d-4e83-8586-25ce5db468b4,bima_kemdiktisaintek,https://apibima.kemdiktisaintek.go.id/api/v1/ecatalog/perguruantinggi/search?page=83&limit=10,approved,
Sekolah Tinggi Ilmu Kesehatan Abdi Nusantara,sekolah tinggi ilmu kesehatan abdi nusantara,university,,,4577c011-a06f-4f22-8b68-b52e49b96158,bima_kemdiktisaintek,https://apibima.kemdiktisaintek.go.id/api/v1/ecatalog/perguruantinggi/search?page=83&limit=10,approved,
STKIP Yasika,stkip yasika,university,,,4db76b3b-419c-4f4c-848d-3a45842f7726,bima_kemdiktisaintek,https://apibima.kemdiktisaintek.go.id/api/v1/ecatalog/perguruantinggi/search?page=83&limit=10,approved,
Universitas Mahendradatta,universitas mahendradatta,university,,,504568ba-6e3d-4bc8-a8f9-f04f8b79597f,bima_kemdiktisaintek,https://apibima.kemdiktisaintek.go.id/api/v1/ecatalog/perguruantinggi/search?page=83&limit=10,approved,
STIKES Medika Seramoe Barat,stikes medika seramoe barat,university,,,53adfdb3-ae4b-4b71-94c3-e2786c8aad80,bima_kemdiktisaintek,https://apibima.kemdiktisaintek.go.id/api/v1/ecatalog/perguruantinggi/search?page=83&limit=10,approved,
Sekolah Tinggi Ilmu Administrasi Mataram,sekolah tinggi ilmu administrasi mataram,university,,,56f29c3a-d290-4474-b6b5-58e319e8c01d,bima_kemdiktisaintek,https://apibima.kemdiktisaintek.go.id/api/v1/ecatalog/perguruantinggi/search?page=83&limit=10,approved,
Sekolah Tinggi Ilmu Ekonomi Muhammadiyah Mamuju,sekolah tinggi ilmu ekonomi muhammadiyah mamuju,university,,,5964efa9-cb3d-4d31-bf48-dee78d32a169,bima_kemdiktisaintek,https://apibima.kemdiktisaintek.go.id/api/v1/ecatalog/perguruantinggi/search?page=83&limit=10,approved,
Universitas Gajah Putih,universitas gajah putih,university,,,5c71d07a-5166-4e98-b216-597ee13083de,bima_kemdiktisaintek,https://apibima.kemdiktisaintek.go.id/api/v1/ecatalog/perguruantinggi/search?page=83&limit=10,approved,
UNIVERSITAS NUSA MANDIRI,universitas nusa mandiri,university,,,6347fe69-566a-4ab0-a726-b3ff4966dfc4,bima_kemdiktisaintek,https://apibima.kemdiktisaintek.go.id/api/v1/ecatalog/perguruantinggi/search?page=83&limit=10,approved,
Institut Teknologi Statistika dan Bisnis Muhammadiyah Semarang,institut teknologi statistika dan bisnis muhammadiyah semarang,university,,,6e8ceead-1b80-4471-8a44-ec8af677f28d,bima_kemdiktisaintek,https://apibima.kemdiktisaintek.go.id/api/v1/ecatalog/perguruantinggi/search?page=83&limit=10,approved,
STIKES Telogorejo Semarang,stikes telogorejo semarang,university,,,773cc3ed-aa0e-4cfa-a142-3ca47c27556a,bima_kemdiktisaintek,https://apibima.kemdiktisaintek.go.id/api/v1/ecatalog/perguruantinggi/search?page=84&limit=10,approved,
Institut Teknologi dan Sains Mandala,institut teknologi dan sains mandala,university,,,86cb1714-d008-4a1b-ab35-50c42f435cfa,bima_kemdiktisaintek,https://apibima.kemdiktisaintek.go.id/api/v1/ecatalog/perguruantinggi/search?page=84&limit=10,approved,
STIKES Kurnia Jaya Persada,stikes kurnia jaya persada,university,,,8a2b6454-6ce9-44ea-8051-bc398f6fc9e4,bima_kemdiktisaintek,https://apibima.kemdiktisaintek.go.id/api/v1/ecatalog/perguruantinggi/search?page=84&limit=10,approved,
STIKES Wira Medika Bali,stikes wira medika bali,university,,,9577558b-792b-4931-800c-e907d7f1efe5,bima_kemdiktisaintek,https://apibima.kemdiktisaintek.go.id/api/v1/ecatalog/perguruantinggi/search?page=84&limit=10,approved,
Institut Ilmu Kesehatan STRADA Indonesia,institut ilmu kesehatan strada indonesia,university,,,97f034fc-949b-4d85-b4f4-c699ea85be50,bima_kemdiktisaintek,https://apibima.kemdiktisaintek.go.id/api/v1/ecatalog/perguruantinggi/search?page=84&limit=10,approved,
Universitas Muhammadiyah PKU Surakarta,universitas muhammadiyah pku surakarta,university,,,9e2cf5aa-2faf-410c-90d3-82a3952ab0a7,bima_kemdiktisaintek,https://apibima.kemdiktisaintek.go.id/api/v1/ecatalog/perguruantinggi/search?page=84&limit=10,approved,
Universitas 17 Agustus 1945 Samarinda,universitas 17 agustus 1945 samarinda,university,,,ad9a706e-2f07-4223-b143-46cb93397b4f,bima_kemdiktisaintek,https://apibima.kemdiktisaintek.go.id/api/v1/ecatalog/perguruantinggi/search?page=84&limit=10,approved,
Universitas Tulang Bawang,universitas tulang bawang,university,,,b01d7b33-4fc7-4ad1-85aa-d7bd53c68aad,bima_kemdiktisaintek,https://apibima.kemdiktisaintek.go.id/api/v1/ecatalog/perguruantinggi/search?page=84&limit=10,approved,
Universitas Widya Kartika,universitas widya kartika,university,,,b5afcb76-8cee-4524-9a31-763ccebd5f6f,bima_kemdiktisaintek,https://apibima.kemdiktisaintek.go.id/api/v1/ecatalog/perguruantinggi/search?page=84&limit=10,approved,
Sekolah Tinggi Ilmu Pertanian Yapi Bone,sekolah tinggi ilmu pertanian yapi bone,university,,,b623e983-0d55-47c8-a86e-5de7a7a1ea91,bima_kemdiktisaintek,https://apibima.kemdiktisaintek.go.id/api/v1/ecatalog/perguruantinggi/search?page=84&limit=10,approved,
Universitas Nurtanio,universitas nurtanio,university,,,b92c1ecd-1036-428b-b0b3-a16c5aeebcdf,bima_kemdiktisaintek,https://apibima.kemdiktisaintek.go.id/api/v1/ecatalog/perguruantinggi/search?page=85&limit=10,approved,
Universitas Respati Indonesia,universitas respati indonesia,university,,,c90c4a0b-6857-4187-b807-74f3cfb2c1b6,bima_kemdiktisaintek,https://apibima.kemdiktisaintek.go.id/api/v1/ecatalog/perguruantinggi/search?page=85&limit=10,approved,
S.T. Manajemen Bisnis Multi Sarana Manajemen Administrasi dan Rekayasa Teknologi,s.t. manajemen bisnis multi sarana manajemen administrasi dan rekayasa teknologi,university,,,e3be9503-b34c-4ebe-90c4-921444ab94eb,bima_kemdiktisaintek,https://apibima.kemdiktisaintek.go.id/api/v1/ecatalog/perguruantinggi/search?page=85&limit=10,approved,
STKIP Muhammadiyah Bogor,stkip muhammadiyah bogor,university,,,0eb9e974-8e47-4f63-b4d4-1b57fedec56f,bima_kemdiktisaintek,https://apibima.kemdiktisaintek.go.id/api/v1/ecatalog/perguruantinggi/search?page=85&limit=10,approved,
Sekolah Tinggi Ilmu Kesehatan Yapika,sekolah tinggi ilmu kesehatan yapika,university,,,1091ea13-3a9f-4a3e-a75c-50578e306fe3,bima_kemdiktisaintek,https://apibima.kemdiktisaintek.go.id/api/v1/ecatalog/perguruantinggi/search?page=85&limit=10,approved,
Institut Ilmu Kesehatan Medika Persada Bali,institut ilmu kesehatan medika persada bali,university,,,116a2086-fbbd-43f0-b1eb-afa1ff1f8ad9,bima_kemdiktisaintek,https://apibima.kemdiktisaintek.go.id/api/v1/ecatalog/perguruantinggi/search?page=85&limit=10,approved,
Universitas Muhammadiyah Jambi,universitas muhammadiyah jambi,university,,,19c4008d-15f5-4539-b045-8c2c6023450f,bima_kemdiktisaintek,https://apibima.kemdiktisaintek.go.id/api/v1/ecatalog/perguruantinggi/search?page=85&limit=10,approved,
STIKES Tanawali Takalar,stikes tanawali takalar,university,,,1ea55149-261d-4a67-acc0-6bb8f6b21889,bima_kemdiktisaintek,https://apibima.kemdiktisaintek.go.id/api/v1/ecatalog/perguruantinggi/search?page=85&limit=10,approved,
Universitas Muhammadiyah Madiun,universitas muhammadiyah madiun,university,,,2f3b7556-03b9-4857-88fe-511a23cabd25,bima_kemdiktisaintek,https://apibima.kemdiktisaintek.go.id/api/v1/ecatalog/perguruantinggi/search?page=85&limit=10,approved,
Universitas Bhinneka PGRI,universitas bhinneka pgri,university,,,39600184-9eb3-45ef-a4b3-d110d9a0dbe7,bima_kemdiktisaintek,https://apibima.kemdiktisaintek.go.id/api/v1/ecatalog/perguruantinggi/search?page=85&limit=10,approved,
STIKES As Syifa,stikes as syifa,university,,,39a91bd4-9e0b-4a93-9a0e-effa95ae94c7,bima_kemdiktisaintek,https://apibima.kemdiktisaintek.go.id/api/v1/ecatalog/perguruantinggi/search?page=86&limit=10,approved,
Sekolah Tinggi Perikanan dan Kelautan Matauli,sekolah tinggi perikanan dan kelautan matauli,university,,,431f4f12-b3cc-4476-9820-6798083d8a79,bima_kemdiktisaintek,https://apibima.kemdiktisaintek.go.id/api/v1/ecatalog/perguruantinggi/search?page=86&limit=10,approved,
Institut Kesehatan Payung Negeri Pekanbaru,institut kesehatan payung negeri pekanbaru,university,,,541aa05f-8602-4936-a726-4a7eccfd7878,bima_kemdiktisaintek,https://apibima.kemdiktisaintek.go.id/api/v1/ecatalog/perguruantinggi/search?page=86&limit=10,approved,
STIKES Suaka Insan,stikes suaka insan,university,,,5a7013d7-d8ce-48e5-9c77-37181dbec61e,bima_kemdiktisaintek,https://apibima.kemdiktisaintek.go.id/api/v1/ecatalog/perguruantinggi/search?page=86&limit=10,approved,
Sekolah Tinggi Ilmu Kesehatan YPIB,sekolah tinggi ilmu kesehatan ypib,university,,,5fa5b3b1-e0e1-42f9-9a4c-715cbb1c5857,bima_kemdiktisaintek,https://apibima.kemdiktisaintek.go.id/api/v1/ecatalog/perguruantinggi/search?page=86&limit=10,approved,
Institut Pertanian Malang,institut pertanian malang,university,,,6007c192-dba6-4798-9734-8428edfeed59,bima_kemdiktisaintek,https://apibima.kemdiktisaintek.go.id/api/v1/ecatalog/perguruantinggi/search?page=86&limit=10,approved,
Universitas 17 Agustus 1945 Cirebon,universitas 17 agustus 1945 cirebon,university,,,6d7fab1c-1f09-40ee-8810-be04a5d9220e,bima_kemdiktisaintek,https://apibima.kemdiktisaintek.go.id/api/v1/ecatalog/perguruantinggi/search?page=86&limit=10,approved,
Universitas Islam Jember,universitas islam jember,university,,,73f15edd-05d5-45d0-a942-0ea728098cb4,bima_kemdiktisaintek,https://apibima.kemdiktisaintek.go.id/api/v1/ecatalog/perguruantinggi/search?page=86&limit=10,approved,
STIKES Muhammadiyah Lhokseumawe,stikes muhammadiyah lhokseumawe,university,,,75e4f0ec-bf0d-4e71-8694-2a937d5996c0,bima_kemdiktisaintek,https://apibima.kemdiktisaintek.go.id/api/v1/ecatalog/perguruantinggi/search?page=86&limit=10,approved,
Sekolah Tinggi Ilmu Ekonomi Trisakti,sekolah tinggi ilmu ekonomi trisakti,university,,,8163c914-69a6-494a-8f6f-b83fcdad7332,bima_kemdiktisaintek,https://apibima.kemdiktisaintek.go.id/api/v1/ecatalog/perguruantinggi/search?page=86&limit=10,approved,
Universitas Dayanu Ikhsanuddin,universitas dayanu ikhsanuddin,university,,,818634a7-fc3d-4082-af84-f4836f2d755c,bima_kemdiktisaintek,https://apibima.kemdiktisaintek.go.id/api/v1/ecatalog/perguruantinggi/search?page=87&limit=10,approved,
Sekolah Tinggi Ilmu Ekonomi Yapis,sekolah tinggi ilmu ekonomi yapis,university,,,81f6c1f4-b5e7-4e3e-ab7d-9650db2926c7,bima_kemdiktisaintek,https://apibima.kemdiktisaintek.go.id/api/v1/ecatalog/perguruantinggi/search?page=87&limit=10,approved,
Universitas Pahlawan Tuanku Tambusai,universitas pahlawan tuanku tambusai,university,,,826684a9-8202-49bc-9d32-06525804d7d8,bima_kemdiktisaintek,https://apibima.kemdiktisaintek.go.id/api/v1/ecatalog/perguruantinggi/search?page=87&limit=10,approved,
Universitas Teknologi Digital Indonesia,universitas teknologi digital indonesia,university,,,86d701d4-7c37-45d5-b40a-7205376a9599,bima_kemdiktisaintek,https://apibima.kemdiktisaintek.go.id/api/v1/ecatalog/perguruantinggi/search?page=87&limit=10,approved,
STIKES Borneo Cendekia Medika,stikes borneo cendekia medika,university,,,95d43460-062d-4557-ac98-80a8fa885f29,bima_kemdiktisaintek,https://apibima.kemdiktisaintek.go.id/api/v1/ecatalog/perguruantinggi/search?page=87&limit=10,approved,
STKIP Soe,stkip soe,university,,,a79d827f-640c-4e8c-bdef-a6bf296ef301,bima_kemdiktisaintek,https://apibima.kemdiktisaintek.go.id/api/v1/ecatalog/perguruantinggi/search?page=87&limit=10,approved,
Sekolah Tinggi Ilmu Pertanian Muhammadiyah Sinjai,sekolah tinggi ilmu pertanian muhammadiyah sinjai,university,,,a7a41f36-bbb6-463b-8f50-a486ad8b165d,bima_kemdiktisaintek,https://apibima.kemdiktisaintek.go.id/api/v1/ecatalog/perguruantinggi/search?page=87&limit=10,approved,
STKIP Rokania,stkip rokania,university,,,aab79131-3e2c-4089-aa3a-0dab5160e3cc,bima_kemdiktisaintek,https://apibima.kemdiktisaintek.go.id/api/v1/ecatalog/perguruantinggi/search?page=87&limit=10,approved,
Universitas Sunan Gresik,universitas sunan gresik,university,,,b0371056-20b5-4ebb-a381-152bdfeaebc2,bima_kemdiktisaintek,https://apibima.kemdiktisaintek.go.id/api/v1/ecatalog/perguruantinggi/search?page=87&limit=10,approved,
STIKES Muhammadiyah Cirebon,stikes muhammadiyah cirebon,university,,,cacef668-08ea-4f18-87ee-c286a527b744,bima_kemdiktisaintek,https://apibima.kemdiktisaintek.go.id/api/v1/ecatalog/perguruantinggi/search?page=87&limit=10,approved,
STIKES RS Baptis Kediri,stikes rs baptis kediri,university,,,cf6123e0-bf6a-427c-94a7-321255712d7d,bima_kemdiktisaintek,https://apibima.kemdiktisaintek.go.id/api/v1/ecatalog/perguruantinggi/search?page=88&limit=10,approved,
Sekolah Tinggi Ilmu Kesehatan Yatsi,sekolah tinggi ilmu kesehatan yatsi,university,,,d4b0a9bd-4fbe-4f5a-9153-1e242351f420,bima_kemdiktisaintek,https://apibima.kemdiktisaintek.go.id/api/v1/ecatalog/perguruantinggi/search?page=88&limit=10,approved,
STKIP PGRI Ponorogo,stkip pgri ponorogo,university,,,d814e682-e2cc-48d3-b1c2-79c41f62cb2a,bima_kemdiktisaintek,https://apibima.kemdiktisaintek.go.id/api/v1/ecatalog/perguruantinggi/search?page=88&limit=10,approved,
Institut Ilmu Sosial dan Budaya Samawa Rea,institut ilmu sosial dan budaya samawa rea,university,,,db2f5d0b-b518-4c96-8d56-4725de356cda,bima_kemdiktisaintek,https://apibima.kemdiktisaintek.go.id/api/v1/ecatalog/perguruantinggi/search?page=88&limit=10,approved,
Universitas Muhammadiyah Manado,universitas muhammadiyah manado,university,,,e92cb6a2-27f8-4945-96a3-42cef18eba1c,bima_kemdiktisaintek,https://apibima.kemdiktisaintek.go.id/api/v1/ecatalog/perguruantinggi/search?page=88&limit=10,approved,
STIKES Yarsi Mataram,stikes yarsi mataram,university,,,f2b531b4-813e-44d4-80d0-77e08e82ec03,bima_kemdiktisaintek,https://apibima.kemdiktisaintek.go.id/api/v1/ecatalog/perguruantinggi/search?page=88&limit=10,approved,
Institut Ilmu Kesehatan Pelamonia Kesdam XIV/ Hasanuddin,institut ilmu kesehatan pelamonia kesdam xiv/ hasanuddin,university,,,f36aa724-6930-413d-a689-65f81ec7a2b0,bima_kemdiktisaintek,https://apibima.kemdiktisaintek.go.id/api/v1/ecatalog/perguruantinggi/search?page=88&limit=10,approved,
Sekolah Tinggi Ilmu Kesehatan Payung Negeri,sekolah tinggi ilmu kesehatan payung negeri,university,,,f69ca972-7ca8-40b2-9f5f-cdff5b9f99bf,bima_kemdiktisaintek,https://apibima.kemdiktisaintek.go.id/api/v1/ecatalog/perguruantinggi/search?page=88&limit=10,approved,
Sekolah Tinggi Ilmu Kesehatan Samarinda,sekolah tinggi ilmu kesehatan samarinda,university,,,fab6a04b-4fc6-4630-9493-bfc6cb2901fe,bima_kemdiktisaintek,https://apibima.kemdiktisaintek.go.id/api/v1/ecatalog/perguruantinggi/search?page=88&limit=10,approved,
Universitas Stella Maris Sumba,universitas stella maris sumba,university,,,0093b9e4-70d8-4957-9b16-65388cde277e,bima_kemdiktisaintek,https://apibima.kemdiktisaintek.go.id/api/v1/ecatalog/perguruantinggi/search?page=88&limit=10,approved,
Sekolah Tinggi Ilmu Ekonomi AAS,sekolah tinggi ilmu ekonomi aas,university,,,046e43d2-342c-4ed6-9d8f-860694b11035,bima_kemdiktisaintek,https://apibima.kemdiktisaintek.go.id/api/v1/ecatalog/perguruantinggi/search?page=89&limit=10,approved,
Sekolah Tinggi Ilmu Kesehatan 'Aisyiyah Bandung,sekolah tinggi ilmu kesehatan 'aisyiyah bandung,university,,,05b5dea1-2936-4796-a36a-f11160a7038b,bima_kemdiktisaintek,https://apibima.kemdiktisaintek.go.id/api/v1/ecatalog/perguruantinggi/search?page=89&limit=10,approved,
Universitas Primagraha,universitas primagraha,university,,,0a29b0a5-7d22-4acd-873a-e307774200a4,bima_kemdiktisaintek,https://apibima.kemdiktisaintek.go.id/api/v1/ecatalog/perguruantinggi/search?page=89&limit=10,approved,
Institut Pahlawan 12,institut pahlawan 12,university,,,0fb24d8b-a52b-4703-8f6a-833db5ed0edf,bima_kemdiktisaintek,https://apibima.kemdiktisaintek.go.id/api/v1/ecatalog/perguruantinggi/search?page=89&limit=10,approved,
Sekolah Tinggi Ilmu Ekonomi Putra Bangsa,sekolah tinggi ilmu ekonomi putra bangsa,university,,,1c8ac6e3-7250-4ec0-8ec5-0ce19b1011b9,bima_kemdiktisaintek,https://apibima.kemdiktisaintek.go.id/api/v1/ecatalog/perguruantinggi/search?page=89&limit=10,approved,
Universitas Muhammadiyah Maumere,universitas muhammadiyah maumere,university,,,2e58abae-7927-4e65-8587-0c30e457e5db,bima_kemdiktisaintek,https://apibima.kemdiktisaintek.go.id/api/v1/ecatalog/perguruantinggi/search?page=89&limit=10,approved,
Institut Teknologi Bisnis AAS Indonesia,institut teknologi bisnis aas indonesia,university,,,3718f5aa-f976-4dd0-a37f-3833dad69a23,bima_kemdiktisaintek,https://apibima.kemdiktisaintek.go.id/api/v1/ecatalog/perguruantinggi/search?page=89&limit=10,approved,
Sekolah Tinggi Ilmu Ekonomi YPUP Makassar,sekolah tinggi ilmu ekonomi ypup makassar,university,,,390099c1-e753-4660-bc68-474ebcac11dd,bima_kemdiktisaintek,https://apibima.kemdiktisaintek.go.id/api/v1/ecatalog/perguruantinggi/search?page=89&limit=10,approved,
Universitas Darul Ulum Islamic Centre Sudirman,universitas darul ulum islamic centre sudirman,university,,,390a58ce-9aab-475e-a56f-b70aec7705a3,bima_kemdiktisaintek,https://apibima.kemdiktisaintek.go.id/api/v1/ecatalog/perguruantinggi/search?page=89&limit=10,approved,
Institut Bisnis dan Informatika STIKOM Surabaya,institut bisnis dan informatika stikom surabaya,university,,,393fb676-4e7c-46a2-9211-3e3bc8940c12,bima_kemdiktisaintek,https://apibima.kemdiktisaintek.go.id/api/v1/ecatalog/perguruantinggi/search?page=89&limit=10,approved,
Institut Prima Bangsa,institut prima bangsa,university,,,3e945ce1-d4ce-4e87-bbb9-0f3d879edea2,bima_kemdiktisaintek,https://apibima.kemdiktisaintek.go.id/api/v1/ecatalog/perguruantinggi/search?page=90&limit=10,approved,
Universitas Wira Bhakti,universitas wira bhakti,university,,,416264c4-f4ed-4dbc-889b-a0cafe27fbbb,bima_kemdiktisaintek,https://apibima.kemdiktisaintek.go.id/api/v1/ecatalog/perguruantinggi/search?page=90&limit=10,approved,
Sekolah Tinggi Ilmu Kesehatan Kuningan,sekolah tinggi ilmu kesehatan kuningan,university,,,541d4105-5880-4e05-8de0-1cceb6249e95,bima_kemdiktisaintek,https://apibima.kemdiktisaintek.go.id/api/v1/ecatalog/perguruantinggi/search?page=90&limit=10,approved,
Institut Teknologi Kesehatan dan Sains Muhammadiyah Sidrap,institut teknologi kesehatan dan sains muhammadiyah sidrap,university,,,617f8368-265b-4bdb-8fb9-58c965473b53,bima_kemdiktisaintek,https://apibima.kemdiktisaintek.go.id/api/v1/ecatalog/perguruantinggi/search?page=90&limit=10,approved,
Universitas Ibrahimy,universitas ibrahimy,university,,,7aa1fdea-dced-4f53-a8d2-7436cb3e9735,bima_kemdiktisaintek,https://apibima.kemdiktisaintek.go.id/api/v1/ecatalog/perguruantinggi/search?page=90&limit=10,approved,
Sekolah Tinggi Ilmu Ekonomi Graha Kirana,sekolah tinggi ilmu ekonomi graha kirana,university,,,83e2eea2-0ca4-4d22-babc-9da89a63e3cf,bima_kemdiktisaintek,https://apibima.kemdiktisaintek.go.id/api/v1/ecatalog/perguruantinggi/search?page=90&limit=10,approved,
Universitas Muhammadiyah A.R. Fachruddin,universitas muhammadiyah a.r. fachruddin,university,,,86927910-a67c-4466-b727-ed8c243d71aa,bima_kemdiktisaintek,https://apibima.kemdiktisaintek.go.id/api/v1/ecatalog/perguruantinggi/search?page=90&limit=10,approved,
Universitas Tangerang Raya,universitas tangerang raya,university,,,8a5b63f6-9a01-4865-b539-b6c0e6cdbaca,bima_kemdiktisaintek,https://apibima.kemdiktisaintek.go.id/api/v1/ecatalog/perguruantinggi/search?page=90&limit=10,approved,
Universitas Katolik Indonesia Santu Paulus Ruteng,universitas katolik indonesia santu paulus ruteng,university,,,9a34dd03-bab9-4fa3-a8c7-11380dd525d3,bima_kemdiktisaintek,https://apibima.kemdiktisaintek.go.id/api/v1/ecatalog/perguruantinggi/search?page=90&limit=10,approved,
Universitas Syekh Yusuf Al Makassari Gowa,universitas syekh yusuf al makassari gowa,university,,,9fd23b34-a737-48ea-9a24-92d7a3352add,bima_kemdiktisaintek,https://apibima.kemdiktisaintek.go.id/api/v1/ecatalog/perguruantinggi/search?page=90&limit=10,approved,
STKIP Singkawang,stkip singkawang,university,,,a654c23c-5057-49dc-a51a-3df7ac7aeea0,bima_kemdiktisaintek,https://apibima.kemdiktisaintek.go.id/api/v1/ecatalog/perguruantinggi/search?page=91&limit=10,approved,
Institut Teknologi Sawit Indonesia,institut teknologi sawit indonesia,university,,,baa053a4-2cb6-4ff4-b85d-d15d84657120,bima_kemdiktisaintek,https://apibima.kemdiktisaintek.go.id/api/v1/ecatalog/perguruantinggi/search?page=91&limit=10,approved,
Universitas Agung Podomoro,universitas agung podomoro,university,,,d243abda-8833-4de2-bb6c-3bbd02aee51c,bima_kemdiktisaintek,https://apibima.kemdiktisaintek.go.id/api/v1/ecatalog/perguruantinggi/search?page=91&limit=10,approved,
Institut Bisnis Informasi Teknologi dan Bisnis,institut bisnis informasi teknologi dan bisnis,university,,,def3feb1-c22d-461c-bab4-d35e9a214983,bima_kemdiktisaintek,https://apibima.kemdiktisaintek.go.id/api/v1/ecatalog/perguruantinggi/search?page=91&limit=10,approved,
STMIK Bani Saleh,stmik bani saleh,university,,,e35b7df1-5776-4335-a958-2590c4e24670,bima_kemdiktisaintek,https://apibima.kemdiktisaintek.go.id/api/v1/ecatalog/perguruantinggi/search?page=91&limit=10,approved,
Universitas PGRI Kalimantan,universitas pgri kalimantan,university,,,eb1076d4-133c-4f98-a55a-85f2cf283308,bima_kemdiktisaintek,https://apibima.kemdiktisaintek.go.id/api/v1/ecatalog/perguruantinggi/search?page=91&limit=10,approved,
Sekolah Tinggi Ilmu Ekonomi Al-Madani,sekolah tinggi ilmu ekonomi al-madani,university,,,ed726f0e-4ce1-468f-a75e-5dc50e78ab20,bima_kemdiktisaintek,https://apibima.kemdiktisaintek.go.id/api/v1/ecatalog/perguruantinggi/search?page=91&limit=10,approved,
Universitas Sugeng Hartono,universitas sugeng hartono,university,,,fe941200-58ce-422b-968e-4cc66639f16b,bima_kemdiktisaintek,https://apibima.kemdiktisaintek.go.id/api/v1/ecatalog/perguruantinggi/search?page=91&limit=10,approved,
STMIK Bina Patria,stmik bina patria,university,,,ffe1ad21-00f5-4731-9306-ce2dcb9be6a1,bima_kemdiktisaintek,https://apibima.kemdiktisaintek.go.id/api/v1/ecatalog/perguruantinggi/search?page=91&limit=10,approved,
Universitas Al-Irsyad Cilacap,universitas al-irsyad cilacap,university,,,03e051a4-55bf-4cd2-bc5e-7d5b6d343106,bima_kemdiktisaintek,https://apibima.kemdiktisaintek.go.id/api/v1/ecatalog/perguruantinggi/search?page=91&limit=10,approved,
Universitas Mahkota Tricom Unggul,universitas mahkota tricom unggul,university,,,04808c65-b4f5-4b1a-9fa2-88ae182728cf,bima_kemdiktisaintek,https://apibima.kemdiktisaintek.go.id/api/v1/ecatalog/perguruantinggi/search?page=92&limit=10,approved,
STKIP Riama,stkip riama,university,,,062b6fe3-3171-4bdf-baa3-4948ce413d03,bima_kemdiktisaintek,https://apibima.kemdiktisaintek.go.id/api/v1/ecatalog/perguruantinggi/search?page=92&limit=10,approved,
Sekolah Tinggi Ilmu Komputer PGRI Banyuwangi,sekolah tinggi ilmu komputer pgri banyuwangi,university,,,0e2ca469-8336-4806-be96-1c7371653f59,bima_kemdiktisaintek,https://apibima.kemdiktisaintek.go.id/api/v1/ecatalog/perguruantinggi/search?page=92&limit=10,approved,
Universitas Muhammadiyah Asahan,universitas muhammadiyah asahan,university,,,156a2316-dd63-4439-bbfa-f11ce4ca6944,bima_kemdiktisaintek,https://apibima.kemdiktisaintek.go.id/api/v1/ecatalog/perguruantinggi/search?page=92&limit=10,approved,
Universitas Mitra Bangsa,universitas mitra bangsa,university,,,1a2203ac-44ee-44a9-be21-39afd916c2d5,bima_kemdiktisaintek,https://apibima.kemdiktisaintek.go.id/api/v1/ecatalog/perguruantinggi/search?page=92&limit=10,approved,
Sekolah Tinggi Ilmu Kesehatan Hang Tuah Surabaya,sekolah tinggi ilmu kesehatan hang tuah surabaya,university,,,24b9942d-31d9-4fe9-8029-ef82b7a7fe2f,bima_kemdiktisaintek,https://apibima.kemdiktisaintek.go.id/api/v1/ecatalog/perguruantinggi/search?page=92&limit=10,approved,
Universitas Gunung Leuser Aceh,universitas gunung leuser aceh,university,,,36c11a66-29c4-4076-aeaa-46e0c1043faf,bima_kemdiktisaintek,https://apibima.kemdiktisaintek.go.id/api/v1/ecatalog/perguruantinggi/search?page=92&limit=10,approved,
STKIP Arrahmaniyah,stkip arrahmaniyah,university,,,38f767eb-44cd-4435-9a4d-02bfbd298992,bima_kemdiktisaintek,https://apibima.kemdiktisaintek.go.id/api/v1/ecatalog/perguruantinggi/search?page=92&limit=10,approved,
Institut Teknologi Perkebunan Pelalawan Indonesia,institut teknologi perkebunan pelalawan indonesia,university,,,3eb7ff5f-edb8-480d-b9b7-4d3a43d51aa5,bima_kemdiktisaintek,https://apibima.kemdiktisaintek.go.id/api/v1/ecatalog/perguruantinggi/search?page=92&limit=10,approved,
Sekolah Tinggi Ilmu Kesehatan Makassar,sekolah tinggi ilmu kesehatan makassar,university,,,4f1c9f19-5cbc-43b1-9ec5-0393f84f2528,bima_kemdiktisaintek,https://apibima.kemdiktisaintek.go.id/api/v1/ecatalog/perguruantinggi/search?page=92&limit=10,approved,
Universitas Harkat Negeri,universitas harkat negeri,university,,,51843f6f-11a9-4e17-8a4c-aefaa6b9eddf,bima_kemdiktisaintek,https://apibima.kemdiktisaintek.go.id/api/v1/ecatalog/perguruantinggi/search?page=93&limit=10,approved,
Universitas Merdeka Surabaya,universitas merdeka surabaya,university,,,53867336-bf72-402c-b9f0-e55c61e935d3,bima_kemdiktisaintek,https://apibima.kemdiktisaintek.go.id/api/v1/ecatalog/perguruantinggi/search?page=93&limit=10,approved,
STMIK Dipanegara Makassar,stmik dipanegara makassar,university,,,54187ba5-9ad3-407c-bcb1-e172709e2418,bima_kemdiktisaintek,https://apibima.kemdiktisaintek.go.id/api/v1/ecatalog/perguruantinggi/search?page=93&limit=10,approved,
Universitas IBA,universitas iba,university,,,55dde1ae-b5cc-48bb-8369-37c7f1d152d2,bima_kemdiktisaintek,https://apibima.kemdiktisaintek.go.id/api/v1/ecatalog/perguruantinggi/search?page=93&limit=10,approved,
Sekolah Tinggi Ilmu Ekonomi Wira Bhakti,sekolah tinggi ilmu ekonomi wira bhakti,university,,,7ed2b56c-be7e-45a1-9377-1af0b077feaa,bima_kemdiktisaintek,https://apibima.kemdiktisaintek.go.id/api/v1/ecatalog/perguruantinggi/search?page=93&limit=10,approved,
Sekolah Tinggi Manajemen Informatika dan Komputer Nusa Mandiri,sekolah tinggi manajemen informatika dan komputer nusa mandiri,university,,,8153fcba-a6b9-4575-bfd2-8d227992a149,bima_kemdiktisaintek,https://apibima.kemdiktisaintek.go.id/api/v1/ecatalog/perguruantinggi/search?page=93&limit=10,approved,
Institut Teknologi dan Bisnis Semarang,institut teknologi dan bisnis semarang,university,,,878cabc0-8d89-4319-84ec-e1d9df6664cc,bima_kemdiktisaintek,https://apibima.kemdiktisaintek.go.id/api/v1/ecatalog/perguruantinggi/search?page=93&limit=10,approved,
Universitas Horizon Indonesia,universitas horizon indonesia,university,,,9629163c-bdec-40a5-b99b-9a8ea244182b,bima_kemdiktisaintek,https://apibima.kemdiktisaintek.go.id/api/v1/ecatalog/perguruantinggi/search?page=93&limit=10,approved,
STISIP Nurdin Hamzah,stisip nurdin hamzah,university,,,96edee03-6249-492f-8aac-6258b32745cb,bima_kemdiktisaintek,https://apibima.kemdiktisaintek.go.id/api/v1/ecatalog/perguruantinggi/search?page=93&limit=10,approved,
Universitas Batanghari Jambi,universitas batanghari jambi,university,,,a5fb83b8-d58e-45be-abcf-c8ec60613ef0,bima_kemdiktisaintek,https://apibima.kemdiktisaintek.go.id/api/v1/ecatalog/perguruantinggi/search?page=93&limit=10,approved,
Sekolah Tinggi Ilmu Farmasi Pelita Mas Palu,sekolah tinggi ilmu farmasi pelita mas palu,university,,,a76079c8-9fdd-4bfe-8718-dc09849a1403,bima_kemdiktisaintek,https://apibima.kemdiktisaintek.go.id/api/v1/ecatalog/perguruantinggi/search?page=94&limit=10,approved,
STIKES Bina Generasi Polewali Mandar,stikes bina generasi polewali mandar,university,,,b1715935-c14c-49b7-9ef3-7da059ea1c81,bima_kemdiktisaintek,https://apibima.kemdiktisaintek.go.id/api/v1/ecatalog/perguruantinggi/search?page=94&limit=10,approved,
STIKES Prima Indonesia,stikes prima indonesia,university,,,b5f7ad8e-1219-4b05-9bdf-1e2c8db3fc46,bima_kemdiktisaintek,https://apibima.kemdiktisaintek.go.id/api/v1/ecatalog/perguruantinggi/search?page=94&limit=10,approved,
Sekolah Tinggi Ilmu Ekonomi Indonesia Surabaya,sekolah tinggi ilmu ekonomi indonesia surabaya,university,,,ba819b08-c12a-465f-8fea-efb93c63876c,bima_kemdiktisaintek,https://apibima.kemdiktisaintek.go.id/api/v1/ecatalog/perguruantinggi/search?page=94&limit=10,approved,
Universitas Pendidikan Nasional,universitas pendidikan nasional,university,,,c4dbf81b-4970-442d-af6f-168b661a5eb3,bima_kemdiktisaintek,https://apibima.kemdiktisaintek.go.id/api/v1/ecatalog/perguruantinggi/search?page=94&limit=10,approved,
Universitas Nahdlatul Ulama Surakarta,universitas nahdlatul ulama surakarta,university,,,cd0d0d63-d337-4432-9899-49187847e75c,bima_kemdiktisaintek,https://apibima.kemdiktisaintek.go.id/api/v1/ecatalog/perguruantinggi/search?page=94&limit=10,approved,
Sekolah Tinggi Ilmu Ekonomi Pelita Indonesia,sekolah tinggi ilmu ekonomi pelita indonesia,university,,,d09781fb-f433-435d-81f2-6851719894eb,bima_kemdiktisaintek,https://apibima.kemdiktisaintek.go.id/api/v1/ecatalog/perguruantinggi/search?page=94&limit=10,approved,
STMIK Musi Rawas,stmik musi rawas,university,,,d2b4013e-79e8-4e2e-bbb2-f152c4c3562a,bima_kemdiktisaintek,https://apibima.kemdiktisaintek.go.id/api/v1/ecatalog/perguruantinggi/search?page=94&limit=10,approved,
Universitas BSI,universitas bsi,university,,,d5751026-05b8-4027-98d1-676cb330cffc,bima_kemdiktisaintek,https://apibima.kemdiktisaintek.go.id/api/v1/ecatalog/perguruantinggi/search?page=94&limit=10,approved,
Universitas Darul ulum,universitas darul ulum,university,,,dd49b394-1630-4b2c-8d1d-3d47c4708334,bima_kemdiktisaintek,https://apibima.kemdiktisaintek.go.id/api/v1/ecatalog/perguruantinggi/search?page=94&limit=10,approved,
Universitas Karimun,universitas karimun,university,,,deeaf063-db65-4555-8f52-ff476115cd4c,bima_kemdiktisaintek,https://apibima.kemdiktisaintek.go.id/api/v1/ecatalog/perguruantinggi/search?page=95&limit=10,approved,
Sekolah Tinggi Ilmu Pertanian Petra Baliem Wamena,sekolah tinggi ilmu pertanian petra baliem wamena,university,,,df218281-6e1a-46bd-b553-d1e207943f97,bima_kemdiktisaintek,https://apibima.kemdiktisaintek.go.id/api/v1/ecatalog/perguruantinggi/search?page=95&limit=10,approved,
Universitas Samawa,universitas samawa,university,,,e9085257-82c7-4487-ac37-88e87ccade24,bima_kemdiktisaintek,https://apibima.kemdiktisaintek.go.id/api/v1/ecatalog/perguruantinggi/search?page=95&limit=10,approved,
STMIK PPKIA Pradnya Paramita,stmik ppkia pradnya paramita,university,,,eed3718d-c504-4d4b-a903-97c3dac075f1,bima_kemdiktisaintek,https://apibima.kemdiktisaintek.go.id/api/v1/ecatalog/perguruantinggi/search?page=95&limit=10,approved,
Sekolah Tinggi Ilmu Kesehatan Bali,sekolah tinggi ilmu kesehatan bali,university,,,ef3e339d-0e34-4616-b0a5-eff1a3f476e9,bima_kemdiktisaintek,https://apibima.kemdiktisaintek.go.id/api/v1/ecatalog/perguruantinggi/search?page=95&limit=10,approved,
Institut Bakti Nusantara,institut bakti nusantara,university,,,f466593a-b0fb-4f8a-9a8f-11518669694d,bima_kemdiktisaintek,https://apibima.kemdiktisaintek.go.id/api/v1/ecatalog/perguruantinggi/search?page=95&limit=10,approved,
Universitas Bhakti Husada Indonesia,universitas bhakti husada indonesia,university,,,0b91e717-be52-4588-bd9a-d6bc1091fdff,bima_kemdiktisaintek,https://apibima.kemdiktisaintek.go.id/api/v1/ecatalog/perguruantinggi/search?page=95&limit=10,approved,
Sekolah Tinggi Ilmu Komputer Yos Sudarso,sekolah tinggi ilmu komputer yos sudarso,university,,,0bd830c7-591d-4cfc-89af-62661b6a05d6,bima_kemdiktisaintek,https://apibima.kemdiktisaintek.go.id/api/v1/ecatalog/perguruantinggi/search?page=95&limit=10,approved,
Universitas Nasional Pasim,universitas nasional pasim,university,,,144baff5-4ebf-4c70-9244-eb912260ae49,bima_kemdiktisaintek,https://apibima.kemdiktisaintek.go.id/api/v1/ecatalog/perguruantinggi/search?page=95&limit=10,approved,
"Institut Teknologi, Sains, dan Kesehatan RS.DR. Soepraoen Kesdam V/BRW","institut teknologi, sains, dan kesehatan rs.dr. soepraoen kesdam v/brw",university,,,16263024-f9d7-477f-a26d-8dd72e3668c4,bima_kemdiktisaintek,https://apibima.kemdiktisaintek.go.id/api/v1/ecatalog/perguruantinggi/search?page=95&limit=10,approved,
Universitas Anwar Medika,universitas anwar medika,university,,,2213977b-5373-4235-a0e4-6b41563f86f7,bima_kemdiktisaintek,https://apibima.kemdiktisaintek.go.id/api/v1/ecatalog/perguruantinggi/search?page=96&limit=10,approved,
Institut Filsafat dan Teknologi Kreatif Ledalero,institut filsafat dan teknologi kreatif ledalero,university,,,258ae619-83f3-461c-9dca-6647b7cf68b1,bima_kemdiktisaintek,https://apibima.kemdiktisaintek.go.id/api/v1/ecatalog/perguruantinggi/search?page=96&limit=10,approved,
STIKES Senior Medan,stikes senior medan,university,,,2c044bf7-822d-445f-b7c2-cfd4d54074fb,bima_kemdiktisaintek,https://apibima.kemdiktisaintek.go.id/api/v1/ecatalog/perguruantinggi/search?page=96&limit=10,approved,
Sekolah Tinggi Ilmu Kesehatan William Booth,sekolah tinggi ilmu kesehatan william booth,university,,,36600a8b-f464-4d33-a53a-74e9c58b1927,bima_kemdiktisaintek,https://apibima.kemdiktisaintek.go.id/api/v1/ecatalog/perguruantinggi/search?page=96&limit=10,approved,
Sekolah Tinggi Ilmu Kesehatan Bani Saleh,sekolah tinggi ilmu kesehatan bani saleh,university,,,36951ede-b0be-4d02-8ed9-f03a08abe0e6,bima_kemdiktisaintek,https://apibima.kemdiktisaintek.go.id/api/v1/ecatalog/perguruantinggi/search?page=96&limit=10,approved,
STIKES Banyuwangi,stikes banyuwangi,university,,,3848bf66-e6a7-451f-b62d-a31672bff74a,bima_kemdiktisaintek,https://apibima.kemdiktisaintek.go.id/api/v1/ecatalog/perguruantinggi/search?page=96&limit=10,approved,
Universitas Pembangunan Indonesia,universitas pembangunan indonesia,university,,,3929c006-5584-4242-b423-14f193bdee18,bima_kemdiktisaintek,https://apibima.kemdiktisaintek.go.id/api/v1/ecatalog/perguruantinggi/search?page=96&limit=10,approved,
Sekolah Tinggi Manajemen Informatika Komputer Mataram,sekolah tinggi manajemen informatika komputer mataram,university,,,45668bb8-abf4-4351-8174-fc2ff1db85a0,bima_kemdiktisaintek,https://apibima.kemdiktisaintek.go.id/api/v1/ecatalog/perguruantinggi/search?page=96&limit=10,approved,
STISIPOL Raja Haji,stisipol raja haji,university,,,4617a291-c7d4-489f-b69a-a1408855ee67,bima_kemdiktisaintek,https://apibima.kemdiktisaintek.go.id/api/v1/ecatalog/perguruantinggi/search?page=96&limit=10,approved,
Universitas Bina Insani,universitas bina insani,university,,,461c6b9b-b96e-47bc-9fe6-81033f562249,bima_kemdiktisaintek,https://apibima.kemdiktisaintek.go.id/api/v1/ecatalog/perguruantinggi/search?page=96&limit=10,approved,
Sekolah Tinggi Pariwisata Trisakti,sekolah tinggi pariwisata trisakti,university,,,512a85a7-5184-4869-baf5-e514e9898e6f,bima_kemdiktisaintek,https://apibima.kemdiktisaintek.go.id/api/v1/ecatalog/perguruantinggi/search?page=97&limit=10,approved,
Universitas Murni Teguh,universitas murni teguh,university,,,52050704-cebd-48ae-8be1-d9b516e17939,bima_kemdiktisaintek,https://apibima.kemdiktisaintek.go.id/api/v1/ecatalog/perguruantinggi/search?page=97&limit=10,approved,
Sekolah Tinggi Ilmu Ekonomi Indonesia Membangun (Inaba),sekolah tinggi ilmu ekonomi indonesia membangun (inaba),university,,,525ebdde-434a-4008-86f1-18841d2188a8,bima_kemdiktisaintek,https://apibima.kemdiktisaintek.go.id/api/v1/ecatalog/perguruantinggi/search?page=97&limit=10,approved,
Universitas Muhammadiyah Maluku,universitas muhammadiyah maluku,university,,,52718716-e35e-4b01-831f-6db75656cd34,bima_kemdiktisaintek,https://apibima.kemdiktisaintek.go.id/api/v1/ecatalog/perguruantinggi/search?page=97&limit=10,approved,
Universitas Al Washliyah Darussalam Banda Aceh,universitas al washliyah darussalam banda aceh,university,,,5925750c-cf65-46c4-8b66-a2389a4bd088,bima_kemdiktisaintek,https://apibima.kemdiktisaintek.go.id/api/v1/ecatalog/perguruantinggi/search?page=97&limit=10,approved,
Institut Teknologi Harapan Bangsa,institut teknologi harapan bangsa,university,,,63740065-8839-4aef-8478-5670e23f36a5,bima_kemdiktisaintek,https://apibima.kemdiktisaintek.go.id/api/v1/ecatalog/perguruantinggi/search?page=97&limit=10,approved,
STKIP PGRI Sidoarjo,stkip pgri sidoarjo,university,,,6554f390-83b3-4008-b361-ff80f11887fa,bima_kemdiktisaintek,https://apibima.kemdiktisaintek.go.id/api/v1/ecatalog/perguruantinggi/search?page=97&limit=10,approved,
Universitas Nahdlatul Ulama Pasuruan,universitas nahdlatul ulama pasuruan,university,,,68465104-7ed3-45c7-8a82-613158c97018,bima_kemdiktisaintek,https://apibima.kemdiktisaintek.go.id/api/v1/ecatalog/perguruantinggi/search?page=97&limit=10,approved,
STIKES Citra Husada Mandiri,stikes citra husada mandiri,university,,,6cc35ce7-ac08-431e-b18c-17894098df64,bima_kemdiktisaintek,https://apibima.kemdiktisaintek.go.id/api/v1/ecatalog/perguruantinggi/search?page=97&limit=10,approved,
Universitas Muhammadiyah Sukabumi,universitas muhammadiyah sukabumi,university,,,743bc1c8-0a78-4e6e-9644-8dd6f288a21a,bima_kemdiktisaintek,https://apibima.kemdiktisaintek.go.id/api/v1/ecatalog/perguruantinggi/search?page=97&limit=10,approved,
Universitas Sangga Buana,universitas sangga buana,university,,,7a56385d-4062-48c0-85dc-c5023cd3ec87,bima_kemdiktisaintek,https://apibima.kemdiktisaintek.go.id/api/v1/ecatalog/perguruantinggi/search?page=98&limit=10,approved,
Sekolah Tinggi Ilmu Ekonomi Cendekia Bojonegoro,sekolah tinggi ilmu ekonomi cendekia bojonegoro,university,,,7d5d00f0-0a7c-4a74-a2b1-7a646b9025b7,bima_kemdiktisaintek,https://apibima.kemdiktisaintek.go.id/api/v1/ecatalog/perguruantinggi/search?page=98&limit=10,approved,
Institut Sains dan Bisnis Atma Luhur,institut sains dan bisnis atma luhur,university,,,850f71a6-dcc5-4fd5-afbc-0a3e0676d1e8,bima_kemdiktisaintek,https://apibima.kemdiktisaintek.go.id/api/v1/ecatalog/perguruantinggi/search?page=98&limit=10,approved,
Sekolah Tinggi Ilmu Ekonomi Malangkucecwara,sekolah tinggi ilmu ekonomi malangkucecwara,university,,,8a0a540e-24be-49c0-98ee-5271b699cd93,bima_kemdiktisaintek,https://apibima.kemdiktisaintek.go.id/api/v1/ecatalog/perguruantinggi/search?page=98&limit=10,approved,
STMIK Palcomtech,stmik palcomtech,university,,,8accfabb-1aad-46a8-a42f-71b3838a1a8f,bima_kemdiktisaintek,https://apibima.kemdiktisaintek.go.id/api/v1/ecatalog/perguruantinggi/search?page=98&limit=10,approved,
Universitas Widya Nusantara,universitas widya nusantara,university,,,8eb4faca-aa13-4629-9f64-87d0d07afa6c,bima_kemdiktisaintek,https://apibima.kemdiktisaintek.go.id/api/v1/ecatalog/perguruantinggi/search?page=98&limit=10,approved,
Universitas PGRI Palangka Raya,universitas pgri palangka raya,university,,,a9d0403b-141d-4654-86a0-ae67720af852,bima_kemdiktisaintek,https://apibima.kemdiktisaintek.go.id/api/v1/ecatalog/perguruantinggi/search?page=98&limit=10,approved,
STIKES Karya Putra Bangsa Tulungagung,stikes karya putra bangsa tulungagung,university,,,aaab93a0-ff42-4060-8d71-aa94c9d4bef2,bima_kemdiktisaintek,https://apibima.kemdiktisaintek.go.id/api/v1/ecatalog/perguruantinggi/search?page=98&limit=10,approved,
STKIP Pangeran Antasari,stkip pangeran antasari,university,,,b2a5f8f4-7d65-4ff0-97c5-01b9ea8973d5,bima_kemdiktisaintek,https://apibima.kemdiktisaintek.go.id/api/v1/ecatalog/perguruantinggi/search?page=98&limit=10,approved,
Universitas Indonesia Membangun,universitas indonesia membangun,university,,,bd6dfdd3-ec71-4b97-89a3-fcfa2296dcba,bima_kemdiktisaintek,https://apibima.kemdiktisaintek.go.id/api/v1/ecatalog/perguruantinggi/search?page=98&limit=10,approved,
Sekolah Tinggi Ilmu Kesehatan Husada Jombang,sekolah tinggi ilmu kesehatan husada jombang,university,,,c5f27f02-d1a5-4a85-b19a-94e0d807cbe5,bima_kemdiktisaintek,https://apibima.kemdiktisaintek.go.id/api/v1/ecatalog/perguruantinggi/search?page=99&limit=10,approved,
Sekolah Tinggi Ilmu Kesehatan Pelamonia Kesdam VII Wirabuana,sekolah tinggi ilmu kesehatan pelamonia kesdam vii wirabuana,university,,,c781f004-557e-4147-8903-74c7c6c0a578,bima_kemdiktisaintek,https://apibima.kemdiktisaintek.go.id/api/v1/ecatalog/perguruantinggi/search?page=99&limit=10,approved,
Universitas Islam Syeh Yusuf,universitas islam syeh yusuf,university,,,caf32217-ed51-4be0-a696-8994489f6259,bima_kemdiktisaintek,https://apibima.kemdiktisaintek.go.id/api/v1/ecatalog/perguruantinggi/search?page=99&limit=10,approved,
Universitas Werisar,universitas werisar,university,,,ced47de8-8433-4b03-838c-bd725723ca2b,bima_kemdiktisaintek,https://apibima.kemdiktisaintek.go.id/api/v1/ecatalog/perguruantinggi/search?page=99&limit=10,approved,
Sekolah Tinggi Ilmu Ekonomi Tamansiswa,sekolah tinggi ilmu ekonomi tamansiswa,university,,,d005feb0-4397-4d16-b739-975a54bfa875,bima_kemdiktisaintek,https://apibima.kemdiktisaintek.go.id/api/v1/ecatalog/perguruantinggi/search?page=99&limit=10,approved,
Sekolah Tinggi Ilmu Kesehatan Imelda,sekolah tinggi ilmu kesehatan imelda,university,,,d3394b93-5e62-49b6-a06b-8544e936d969,bima_kemdiktisaintek,https://apibima.kemdiktisaintek.go.id/api/v1/ecatalog/perguruantinggi/search?page=99&limit=10,approved,
Sekolah Tinggi Ilmu Sosial Dan Politik Mbojo,sekolah tinggi ilmu sosial dan politik mbojo,university,,,e244689e-90c2-41d8-a76d-66211af15034,bima_kemdiktisaintek,https://apibima.kemdiktisaintek.go.id/api/v1/ecatalog/perguruantinggi/search?page=99&limit=10,approved,
Sekolah Tinggi Ilmu Kesehatan Hang Tuah,sekolah tinggi ilmu kesehatan hang tuah,university,,,ed048e1c-0875-4a23-8c3d-6d64366b0e19,bima_kemdiktisaintek,https://apibima.kemdiktisaintek.go.id/api/v1/ecatalog/perguruantinggi/search?page=99&limit=10,approved,
Sekolah Tinggi Ilmu Kesehatan Respati,sekolah tinggi ilmu kesehatan respati,university,,,0d0557d1-e9c8-41bc-ab8f-8fb0f5f34413,bima_kemdiktisaintek,https://apibima.kemdiktisaintek.go.id/api/v1/ecatalog/perguruantinggi/search?page=99&limit=10,approved,
Universitas Bale Bandung,universitas bale bandung,university,,,2045ccf4-7f77-4db0-b814-46e3066cbb6a,bima_kemdiktisaintek,https://apibima.kemdiktisaintek.go.id/api/v1/ecatalog/perguruantinggi/search?page=99&limit=10,approved,
Institut Kesehatan Rajawali,institut kesehatan rajawali,university,,,219eead2-9700-4eb0-8822-500d7849d080,bima_kemdiktisaintek,https://apibima.kemdiktisaintek.go.id/api/v1/ecatalog/perguruantinggi/search?page=100&limit=10,approved,
Universitas Muhammadiyah Klaten,universitas muhammadiyah klaten,university,,,26f721ba-1913-4bd5-bf67-bbd407200e0f,bima_kemdiktisaintek,https://apibima.kemdiktisaintek.go.id/api/v1/ecatalog/perguruantinggi/search?page=100&limit=10,approved,
Institut Sains dan Teknologi Terpadu Surabaya,institut sains dan teknologi terpadu surabaya,university,,,2b99f04f-cc92-45c6-a418-758e98b1440f,bima_kemdiktisaintek,https://apibima.kemdiktisaintek.go.id/api/v1/ecatalog/perguruantinggi/search?page=100&limit=10,approved,
STKIP Nurul Huda di Sukaraja,stkip nurul huda di sukaraja,university,,,2fd813b1-08b1-442f-a035-db8bbef96649,bima_kemdiktisaintek,https://apibima.kemdiktisaintek.go.id/api/v1/ecatalog/perguruantinggi/search?page=100&limit=10,approved,
Sekolah Tinggi Ilmu Kesehatan Notokusumo Yogyakarta,sekolah tinggi ilmu kesehatan notokusumo yogyakarta,university,,,382e4777-1aaa-491a-97a5-289de12cd4ac,bima_kemdiktisaintek,https://apibima.kemdiktisaintek.go.id/api/v1/ecatalog/perguruantinggi/search?page=100&limit=10,approved,
STIKES Bhakti Husada Mulia,stikes bhakti husada mulia,university,,,38e6c8c8-d147-431a-b0db-0a7a88469d74,bima_kemdiktisaintek,https://apibima.kemdiktisaintek.go.id/api/v1/ecatalog/perguruantinggi/search?page=100&limit=10,approved,
Institut Teknologi dan Kesehatan Aspirasi,institut teknologi dan kesehatan aspirasi,university,,,3918a9e2-41e0-4e40-b8a8-0a1ded479612,bima_kemdiktisaintek,https://apibima.kemdiktisaintek.go.id/api/v1/ecatalog/perguruantinggi/search?page=100&limit=10,approved,
STIKES Perintis Padang,stikes perintis padang,university,,,3dbcce22-e32f-4a95-9879-b30fba61cb84,bima_kemdiktisaintek,https://apibima.kemdiktisaintek.go.id/api/v1/ecatalog/perguruantinggi/search?page=100&limit=10,approved,
Sekolah Tinggi Ilmu Ekonomi Panca Bhakti Palu,sekolah tinggi ilmu ekonomi panca bhakti palu,university,,,4332a160-9c7c-4463-be66-432359ef71c7,bima_kemdiktisaintek,https://apibima.kemdiktisaintek.go.id/api/v1/ecatalog/perguruantinggi/search?page=100&limit=10,approved,
Universitas Prabumulih,universitas prabumulih,university,,,4aee7da8-ea60-4852-8fa1-bce189eb51d5,bima_kemdiktisaintek,https://apibima.kemdiktisaintek.go.id/api/v1/ecatalog/perguruantinggi/search?page=100&limit=10,approved,
STIM Lasharan Jaya Makassar,stim lasharan jaya makassar,university,,,4ec76986-2dd4-442d-9bab-755b0f6b7fec,bima_kemdiktisaintek,https://apibima.kemdiktisaintek.go.id/api/v1/ecatalog/perguruantinggi/search?page=101&limit=10,approved,
STMIK Indonesia Banda Aceh,stmik indonesia banda aceh,university,,,5634b563-3382-466f-a04d-2b5fa0b87446,bima_kemdiktisaintek,https://apibima.kemdiktisaintek.go.id/api/v1/ecatalog/perguruantinggi/search?page=101&limit=10,approved,
STMIK Himsya,stmik himsya,university,,,566d17d1-6910-418f-99ab-ec4bdfc17fdc,bima_kemdiktisaintek,https://apibima.kemdiktisaintek.go.id/api/v1/ecatalog/perguruantinggi/search?page=101&limit=10,approved,
Universitas Muhammadiyah Bogor Raya,universitas muhammadiyah bogor raya,university,,,6317d893-02fc-4b08-966f-ebf0e90b793e,bima_kemdiktisaintek,https://apibima.kemdiktisaintek.go.id/api/v1/ecatalog/perguruantinggi/search?page=101&limit=10,approved,
STIKES Pekanbaru Medical Center,stikes pekanbaru medical center,university,,,660599ee-b4a7-476a-9b9f-7102730e950d,bima_kemdiktisaintek,https://apibima.kemdiktisaintek.go.id/api/v1/ecatalog/perguruantinggi/search?page=101&limit=10,approved,
STKIP Mega Rezky,stkip mega rezky,university,,,73fd1297-6ef7-451c-bee4-cb9c32e0fd5d,bima_kemdiktisaintek,https://apibima.kemdiktisaintek.go.id/api/v1/ecatalog/perguruantinggi/search?page=101&limit=10,approved,
Universitas Tanri Abeng,universitas tanri abeng,university,,,7a65bb14-d9ef-48f4-b448-551c521e542e,bima_kemdiktisaintek,https://apibima.kemdiktisaintek.go.id/api/v1/ecatalog/perguruantinggi/search?page=101&limit=10,approved,
Universitas Madani Indonesia,universitas madani indonesia,university,,,7f47ad12-e352-4df8-9428-33958539c4f0,bima_kemdiktisaintek,https://apibima.kemdiktisaintek.go.id/api/v1/ecatalog/perguruantinggi/search?page=101&limit=10,approved,
Universitas Pradita,universitas pradita,university,,,825ab188-a0d2-467c-9763-8078514a0b65,bima_kemdiktisaintek,https://apibima.kemdiktisaintek.go.id/api/v1/ecatalog/perguruantinggi/search?page=101&limit=10,approved,
STIKES Aisyah Pringsewu,stikes aisyah pringsewu,university,,,89450ec7-357d-4b9d-b086-10b633fdc435,bima_kemdiktisaintek,https://apibima.kemdiktisaintek.go.id/api/v1/ecatalog/perguruantinggi/search?page=101&limit=10,approved,
Sekolah Tinggi Ilmu Ekonomi Ekuitas,sekolah tinggi ilmu ekonomi ekuitas,university,,,8bfcc2d7-8808-47c0-a4b4-aedcbb858341,bima_kemdiktisaintek,https://apibima.kemdiktisaintek.go.id/api/v1/ecatalog/perguruantinggi/search?page=102&limit=10,approved,
Sekolah Tinggi Ilmu Ekonomi Lhokseumawe,sekolah tinggi ilmu ekonomi lhokseumawe,university,,,8dd0fe95-fd97-4f39-883d-53d239dcd00c,bima_kemdiktisaintek,https://apibima.kemdiktisaintek.go.id/api/v1/ecatalog/perguruantinggi/search?page=102&limit=10,approved,
STISIP Al Washliyah Banda Aceh,stisip al washliyah banda aceh,university,,,9400b0a2-9eaa-4092-842c-c91403840f1f,bima_kemdiktisaintek,https://apibima.kemdiktisaintek.go.id/api/v1/ecatalog/perguruantinggi/search?page=102&limit=10,approved,
Institut Teknologi Lombok,institut teknologi lombok,university,,,96abf2e3-9847-4ced-b1a8-778afc007d0d,bima_kemdiktisaintek,https://apibima.kemdiktisaintek.go.id/api/v1/ecatalog/perguruantinggi/search?page=102&limit=10,approved,
STIKES Widyagama Husada Malang,stikes widyagama husada malang,university,,,a2c03c99-a879-4319-93ae-5bce3c5b7804,bima_kemdiktisaintek,https://apibima.kemdiktisaintek.go.id/api/v1/ecatalog/perguruantinggi/search?page=102&limit=10,approved,
STKIP PGRI Pacitan,stkip pgri pacitan,university,,,a49e32e7-3f3c-430c-941e-c4fea6559486,bima_kemdiktisaintek,https://apibima.kemdiktisaintek.go.id/api/v1/ecatalog/perguruantinggi/search?page=102&limit=10,approved,
Universitas Pekalongan,universitas pekalongan,university,,,b06e7fc9-d32b-4de5-8864-00543eaca429,bima_kemdiktisaintek,https://apibima.kemdiktisaintek.go.id/api/v1/ecatalog/perguruantinggi/search?page=102&limit=10,approved,
STIKES Siti Hajar,stikes siti hajar,university,,,b8216267-7f65-4237-8d63-8040ce7a7f47,bima_kemdiktisaintek,https://apibima.kemdiktisaintek.go.id/api/v1/ecatalog/perguruantinggi/search?page=102&limit=10,approved,
Sekolah Tinggi Keguruan dan Ilmu Pendidikan Saumlaki,sekolah tinggi keguruan dan ilmu pendidikan saumlaki,university,,,c008487c-0829-43fd-8693-306df7b18a33,bima_kemdiktisaintek,https://apibima.kemdiktisaintek.go.id/api/v1/ecatalog/perguruantinggi/search?page=102&limit=10,approved,
STIKES Yayasan RS. Dr. Soetomo,stikes yayasan rs. dr. soetomo,university,,,c1e19ea0-3a87-45bb-8f72-f74cb394494c,bima_kemdiktisaintek,https://apibima.kemdiktisaintek.go.id/api/v1/ecatalog/perguruantinggi/search?page=102&limit=10,approved,
Sekolah Tinggi Keguruan dan Ilmu Pendidikan Pasundan,sekolah tinggi keguruan dan ilmu pendidikan pasundan,university,,,c2bc7193-e937-4369-a9ba-65da8c9a5435,bima_kemdiktisaintek,https://apibima.kemdiktisaintek.go.id/api/v1/ecatalog/perguruantinggi/search?page=103&limit=10,approved,
Universitas Teknologi Surabaya,universitas teknologi surabaya,university,,,c344fce0-4609-4752-9b2e-f9786d8a0917,bima_kemdiktisaintek,https://apibima.kemdiktisaintek.go.id/api/v1/ecatalog/perguruantinggi/search?page=103&limit=10,approved,
Sekolah Tinggi Ilmu Kesehatan Alifah Padang,sekolah tinggi ilmu kesehatan alifah padang,university,,,c50f8353-bbeb-4d61-9d83-9809918dca08,bima_kemdiktisaintek,https://apibima.kemdiktisaintek.go.id/api/v1/ecatalog/perguruantinggi/search?page=103&limit=10,approved,
Institut Teknologi Dirgantara Adisutjipto,institut teknologi dirgantara adisutjipto,university,,,c570e6b2-ef4b-4494-9a93-ba63467a3d65,bima_kemdiktisaintek,https://apibima.kemdiktisaintek.go.id/api/v1/ecatalog/perguruantinggi/search?page=103&limit=10,approved,
Universitas AKPRIND Indonesia,universitas akprind indonesia,university,,,ce2a37d7-b648-4f5e-89a9-15ff761b2b42,bima_kemdiktisaintek,https://apibima.kemdiktisaintek.go.id/api/v1/ecatalog/perguruantinggi/search?page=103&limit=10,approved,
Universitas Wijaya Kusuma Purwokerto,universitas wijaya kusuma purwokerto,university,,,d409b06a-5c7f-4df2-ab5c-a134c981a76d,bima_kemdiktisaintek,https://apibima.kemdiktisaintek.go.id/api/v1/ecatalog/perguruantinggi/search?page=103&limit=10,approved,
Sekolah Tinggi Ilmu Ekonomi Pariwisata YAPARI,sekolah tinggi ilmu ekonomi pariwisata yapari,university,,,da02b00b-adde-483a-b0e0-228344445139,bima_kemdiktisaintek,https://apibima.kemdiktisaintek.go.id/api/v1/ecatalog/perguruantinggi/search?page=103&limit=10,approved,
Sekolah Tinggi Teknik Lingkungan Mataram,sekolah tinggi teknik lingkungan mataram,university,,,e173e059-e148-458f-8638-1af1f962a8c2,bima_kemdiktisaintek,https://apibima.kemdiktisaintek.go.id/api/v1/ecatalog/perguruantinggi/search?page=103&limit=10,approved,
STKIP Muhammadiyah Blora,stkip muhammadiyah blora,university,,,f0a60ecc-a70d-4fbc-8e74-d919fc8bd33d,bima_kemdiktisaintek,https://apibima.kemdiktisaintek.go.id/api/v1/ecatalog/perguruantinggi/search?page=103&limit=10,approved,
Universitas Katolik Santo Agustinus Hippo,universitas katolik santo agustinus hippo,university,,,faf1c905-e0f2-4a9b-8ad1-46d6664a1a10,bima_kemdiktisaintek,https://apibima.kemdiktisaintek.go.id/api/v1/ecatalog/perguruantinggi/search?page=103&limit=10,approved,
Institut Sains Dan Teknologi Al-Kamal,institut sains dan teknologi al-kamal,university,,,fe722520-d7ca-4e99-9e31-0a3bae49f1a6,bima_kemdiktisaintek,https://apibima.kemdiktisaintek.go.id/api/v1/ecatalog/perguruantinggi/search?page=104&limit=10,approved,
Institut Kesehatan dan Bisnis Surabaya,institut kesehatan dan bisnis surabaya,university,,,0edcc2f9-b6cd-477b-8cf4-659e457af027,bima_kemdiktisaintek,https://apibima.kemdiktisaintek.go.id/api/v1/ecatalog/perguruantinggi/search?page=104&limit=10,approved,
Institut Kesehatan dan Teknologi Buton Raya,institut kesehatan dan teknologi buton raya,university,,,181296a2-bf0d-4500-a9d3-18e78166b9a9,bima_kemdiktisaintek,https://apibima.kemdiktisaintek.go.id/api/v1/ecatalog/perguruantinggi/search?page=104&limit=10,approved,
STIE Nobel Indonesia Makassar,stie nobel indonesia makassar,university,,,1b3094ad-ee14-41a8-be5b-58f3937c6e06,bima_kemdiktisaintek,https://apibima.kemdiktisaintek.go.id/api/v1/ecatalog/perguruantinggi/search?page=104&limit=10,approved,
STMIK Asia Malang,stmik asia malang,university,,,2f975ebd-ad98-4424-91aa-69466e799e05,bima_kemdiktisaintek,https://apibima.kemdiktisaintek.go.id/api/v1/ecatalog/perguruantinggi/search?page=104&limit=10,approved,
Sekolah Tinggi Teknik Wiworotomo,sekolah tinggi teknik wiworotomo,university,,,34d195d7-33d7-4d8e-8d3f-5a8c05ef9228,bima_kemdiktisaintek,https://apibima.kemdiktisaintek.go.id/api/v1/ecatalog/perguruantinggi/search?page=104&limit=10,approved,
STKIP Weetebula,stkip weetebula,university,,,3a1aa9ee-f625-4a6f-884a-2786ebd728ca,bima_kemdiktisaintek,https://apibima.kemdiktisaintek.go.id/api/v1/ecatalog/perguruantinggi/search?page=104&limit=10,approved,
STIKES Hafshawaty Pesantren Zainul Hasan,stikes hafshawaty pesantren zainul hasan,university,,,3bd9bf6f-a07b-4e5e-95f5-376253f83324,bima_kemdiktisaintek,https://apibima.kemdiktisaintek.go.id/api/v1/ecatalog/perguruantinggi/search?page=104&limit=10,approved,
Institut Teknologi dan Bisnis Maritim Balik Diwa,institut teknologi dan bisnis maritim balik diwa,university,,,48c72df1-bdd0-46e6-a3fc-0cc624e6c0d0,bima_kemdiktisaintek,https://apibima.kemdiktisaintek.go.id/api/v1/ecatalog/perguruantinggi/search?page=104&limit=10,approved,
Sekolah Tinggi Ilmu Administrasi Banten,sekolah tinggi ilmu administrasi banten,university,,,4ce2eb61-785b-4e9b-984e-9d64c52f6205,bima_kemdiktisaintek,https://apibima.kemdiktisaintek.go.id/api/v1/ecatalog/perguruantinggi/search?page=104&limit=10,approved,
STIKES Mitra Husada Karanganyar,stikes mitra husada karanganyar,university,,,4e799e9d-a317-4776-8ce9-4e5dfc9ed774,bima_kemdiktisaintek,https://apibima.kemdiktisaintek.go.id/api/v1/ecatalog/perguruantinggi/search?page=105&limit=10,approved,
Universitas Doktor Husni Ingratubun Papua,universitas doktor husni ingratubun papua,university,,,58d17269-118e-4e30-87f1-973a5da350e0,bima_kemdiktisaintek,https://apibima.kemdiktisaintek.go.id/api/v1/ecatalog/perguruantinggi/search?page=105&limit=10,approved,
Institut Kesehatan dan Teknologi Al Insyirah,institut kesehatan dan teknologi al insyirah,university,,,6a6bba0d-9677-405d-ae17-9d6f8c3fbbaf,bima_kemdiktisaintek,https://apibima.kemdiktisaintek.go.id/api/v1/ecatalog/perguruantinggi/search?page=105&limit=10,approved,
STIKES Rumah Sakit Anwar Medika,stikes rumah sakit anwar medika,university,,,6a86b64d-a556-49c0-b9f1-7eadbeef42a3,bima_kemdiktisaintek,https://apibima.kemdiktisaintek.go.id/api/v1/ecatalog/perguruantinggi/search?page=105&limit=10,approved,
Sekolah Tinggi Teknologi Industri dan Farmasi Bogor,sekolah tinggi teknologi industri dan farmasi bogor,university,,,711c4710-9e7a-482b-8b5b-a4b12b2e7868,bima_kemdiktisaintek,https://apibima.kemdiktisaintek.go.id/api/v1/ecatalog/perguruantinggi/search?page=105&limit=10,approved,
STKIP PGRI Lumajang,stkip pgri lumajang,university,,,75fae384-38ed-4467-8d30-0e8d7008ddb8,bima_kemdiktisaintek,https://apibima.kemdiktisaintek.go.id/api/v1/ecatalog/perguruantinggi/search?page=105&limit=10,approved,
Universitas Teknologi Sulawesi Utara,universitas teknologi sulawesi utara,university,,,7af236ef-19c5-46b4-9652-99254aefcdf7,bima_kemdiktisaintek,https://apibima.kemdiktisaintek.go.id/api/v1/ecatalog/perguruantinggi/search?page=105&limit=10,approved,
Sekolah Tinggi Akuntansi dan Manajemen Indonesia,sekolah tinggi akuntansi dan manajemen indonesia,university,,,7f22495a-9a8d-4f3f-98a3-3c34537033d0,bima_kemdiktisaintek,https://apibima.kemdiktisaintek.go.id/api/v1/ecatalog/perguruantinggi/search?page=105&limit=10,approved,
Sekolah Tinggi Ilmu Ekonomi Kertanegara,sekolah tinggi ilmu ekonomi kertanegara,university,,,7f4be53d-a0b2-4d0c-ad7a-f5f19079ec1d,bima_kemdiktisaintek,https://apibima.kemdiktisaintek.go.id/api/v1/ecatalog/perguruantinggi/search?page=105&limit=10,approved,
Universitas W R Supratman,universitas w r supratman,university,,,7fac6d2e-e32b-4d26-99c0-901575f10c10,bima_kemdiktisaintek,https://apibima.kemdiktisaintek.go.id/api/v1/ecatalog/perguruantinggi/search?page=105&limit=10,approved,
Sekolah Tinggi Keguruan dan Ilmu Pendidikan Amal Bakti,sekolah tinggi keguruan dan ilmu pendidikan amal bakti,university,,,802eb582-3326-465f-bac4-9fbda595d724,bima_kemdiktisaintek,https://apibima.kemdiktisaintek.go.id/api/v1/ecatalog/perguruantinggi/search?page=106&limit=10,approved,
Universitas Awal Bros,universitas awal bros,university,,,8abef785-a312-4e43-b8d5-f265682c72ff,bima_kemdiktisaintek,https://apibima.kemdiktisaintek.go.id/api/v1/ecatalog/perguruantinggi/search?page=106&limit=10,approved,
Sekolah Tinggi Teknologi Nusantara Indonesia,sekolah tinggi teknologi nusantara indonesia,university,,,8b40b54c-70d4-4db1-94f7-ed1323eb50ff,bima_kemdiktisaintek,https://apibima.kemdiktisaintek.go.id/api/v1/ecatalog/perguruantinggi/search?page=106&limit=10,approved,
STKIP PGRI Nganjuk,stkip pgri nganjuk,university,,,8dcc3e63-5d72-4d78-b90f-65df572d64a0,bima_kemdiktisaintek,https://apibima.kemdiktisaintek.go.id/api/v1/ecatalog/perguruantinggi/search?page=106&limit=10,approved,
Universitas Muhammadiyah Tegal,universitas muhammadiyah tegal,university,,,957a392e-bcb0-4222-be61-231f562a654f,bima_kemdiktisaintek,https://apibima.kemdiktisaintek.go.id/api/v1/ecatalog/perguruantinggi/search?page=106&limit=10,approved,
Sekolah Tinggi Ilmu Kehutanan Pante Kulu,sekolah tinggi ilmu kehutanan pante kulu,university,,,96e6815f-ce57-4ce7-8407-a4588405e07e,bima_kemdiktisaintek,https://apibima.kemdiktisaintek.go.id/api/v1/ecatalog/perguruantinggi/search?page=106&limit=10,approved,
Universitas Darma Agung,universitas darma agung,university,,,a0738fda-a30f-4d6b-9cbc-b4386533c0cd,bima_kemdiktisaintek,https://apibima.kemdiktisaintek.go.id/api/v1/ecatalog/perguruantinggi/search?page=106&limit=10,approved,
Sekolah Tinggi Ilmu Ekonomi PGRI Sukabumi,sekolah tinggi ilmu ekonomi pgri sukabumi,university,,,a249afaa-45e5-431a-9822-8a424231a728,bima_kemdiktisaintek,https://apibima.kemdiktisaintek.go.id/api/v1/ecatalog/perguruantinggi/search?page=106&limit=10,approved,
Institut Teknologi Kesehatan dan Bisnis Graha Ananda,institut teknologi kesehatan dan bisnis graha ananda,university,,,a2b84f1b-7479-4c86-b890-af99b9166f7a,bima_kemdiktisaintek,https://apibima.kemdiktisaintek.go.id/api/v1/ecatalog/perguruantinggi/search?page=106&limit=10,approved,
Sekolah Tinggi Ilmu Ekonomi Balikpapan,sekolah tinggi ilmu ekonomi balikpapan,university,,,aaa3f46e-ecc2-421d-acb1-65d60e37fdcc,bima_kemdiktisaintek,https://apibima.kemdiktisaintek.go.id/api/v1/ecatalog/perguruantinggi/search?page=106&limit=10,approved,
Universitas Matana,universitas matana,university,,,ae94bad0-ee86-4f1b-a564-deda12151e09,bima_kemdiktisaintek,https://apibima.kemdiktisaintek.go.id/api/v1/ecatalog/perguruantinggi/search?page=107&limit=10,approved,
STISIP Muhammadiyah Sinjai,stisip muhammadiyah sinjai,university,,,b09730a8-58b8-463e-adac-6fbecd917b6e,bima_kemdiktisaintek,https://apibima.kemdiktisaintek.go.id/api/v1/ecatalog/perguruantinggi/search?page=107&limit=10,approved,
Sekolah Tinggi Ilmu Kesehatan Binawan,sekolah tinggi ilmu kesehatan binawan,university,,,b824d9ae-e8cb-49d6-9df6-d5594df173e3,bima_kemdiktisaintek,https://apibima.kemdiktisaintek.go.id/api/v1/ecatalog/perguruantinggi/search?page=107&limit=10,approved,
Universitas Imelda Medan,universitas imelda medan,university,,,b9b0c677-2170-4b67-a1d2-b876764ab24c,bima_kemdiktisaintek,https://apibima.kemdiktisaintek.go.id/api/v1/ecatalog/perguruantinggi/search?page=107&limit=10,approved,
Universitas Bhamada Slawi,universitas bhamada slawi,university,,,cf203fd2-246d-47a5-9dc3-9b4dee21c0e7,bima_kemdiktisaintek,https://apibima.kemdiktisaintek.go.id/api/v1/ecatalog/perguruantinggi/search?page=107&limit=10,approved,
Sekolah Tinggi Teknologi Muhammadiyah Cileungsi,sekolah tinggi teknologi muhammadiyah cileungsi,university,,,d087d691-48a0-464e-b744-713792e853aa,bima_kemdiktisaintek,https://apibima.kemdiktisaintek.go.id/api/v1/ecatalog/perguruantinggi/search?page=107&limit=10,approved,
Sekolah Tinggi Ilmu Ekonomi Indragiri Rengat,sekolah tinggi ilmu ekonomi indragiri rengat,university,,,d1157d9a-b664-4d86-af1e-18c704dbaace,bima_kemdiktisaintek,https://apibima.kemdiktisaintek.go.id/api/v1/ecatalog/perguruantinggi/search?page=107&limit=10,approved,
STIKES Sari Mulia,stikes sari mulia,university,,,d34c93e8-227d-420f-a0b3-f6ab0c27cdba,bima_kemdiktisaintek,https://apibima.kemdiktisaintek.go.id/api/v1/ecatalog/perguruantinggi/search?page=107&limit=10,approved,
STIKES Mercubaktijaya Padang,stikes mercubaktijaya padang,university,,,d3b334d1-0a62-4ca2-813a-213b33657006,bima_kemdiktisaintek,https://apibima.kemdiktisaintek.go.id/api/v1/ecatalog/perguruantinggi/search?page=107&limit=10,approved,
Universitas Bakti Indonesia,universitas bakti indonesia,university,,,d68d82ce-5d80-4164-b27b-6d1efb94685b,bima_kemdiktisaintek,https://apibima.kemdiktisaintek.go.id/api/v1/ecatalog/perguruantinggi/search?page=107&limit=10,approved,
Sekolah Tinggi Analis Kimia Cilegon,sekolah tinggi analis kimia cilegon,university,,,d900176a-4713-4687-b4ed-bab70356976b,bima_kemdiktisaintek,https://apibima.kemdiktisaintek.go.id/api/v1/ecatalog/perguruantinggi/search?page=108&limit=10,approved,
Sekolah Tinggi Ilmu Kesehatan Trinita,sekolah tinggi ilmu kesehatan trinita,university,,,dbdfd2c2-881f-4105-862c-41bd457a6568,bima_kemdiktisaintek,https://apibima.kemdiktisaintek.go.id/api/v1/ecatalog/perguruantinggi/search?page=108&limit=10,approved,
Universitas Utpadaka Swastika,universitas utpadaka swastika,university,,,e25f1021-4025-40d9-a455-86792aaec378,bima_kemdiktisaintek,https://apibima.kemdiktisaintek.go.id/api/v1/ecatalog/perguruantinggi/search?page=108&limit=10,approved,
Universitas Dinamika,universitas dinamika,university,,,e2d6a8d6-067b-48ca-8a3a-18110a4fae1e,bima_kemdiktisaintek,https://apibima.kemdiktisaintek.go.id/api/v1/ecatalog/perguruantinggi/search?page=108&limit=10,approved,
Universitas Faletehan,universitas faletehan,university,,,e5ef5ae7-97df-4f21-82d4-ea148ecceb71,bima_kemdiktisaintek,https://apibima.kemdiktisaintek.go.id/api/v1/ecatalog/perguruantinggi/search?page=108&limit=10,approved,
STIKES Bhakti Husada Bengkulu,stikes bhakti husada bengkulu,university,,,ebe31839-557c-4eab-82da-aa5ade465218,bima_kemdiktisaintek,https://apibima.kemdiktisaintek.go.id/api/v1/ecatalog/perguruantinggi/search?page=108&limit=10,approved,
STKIP Modern Ngawi,stkip modern ngawi,university,,,fe2fd55e-53bb-44c4-b26b-0bfdadd33f64,bima_kemdiktisaintek,https://apibima.kemdiktisaintek.go.id/api/v1/ecatalog/perguruantinggi/search?page=108&limit=10,approved,
Universitas Muhammadiyah Barru,universitas muhammadiyah barru,university,,,0b6c449f-4347-49d7-9ff5-0d0572bd18f4,bima_kemdiktisaintek,https://apibima.kemdiktisaintek.go.id/api/v1/ecatalog/perguruantinggi/search?page=108&limit=10,approved,
Sekolah Tinggi Ilmu Administrasi Bina Taruna,sekolah tinggi ilmu administrasi bina taruna,university,,,0c7fe521-95d0-46d2-a4b9-ec1bcdb125f2,bima_kemdiktisaintek,https://apibima.kemdiktisaintek.go.id/api/v1/ecatalog/perguruantinggi/search?page=108&limit=10,approved,
STKIP Muhammadiyah Kotabumi,stkip muhammadiyah kotabumi,university,,,0efe5955-70dd-4de9-84b3-5e96dbec8b29,bima_kemdiktisaintek,https://apibima.kemdiktisaintek.go.id/api/v1/ecatalog/perguruantinggi/search?page=108&limit=10,approved,
Universitas Bali Dwipa,universitas bali dwipa,university,,,0f241a37-df1a-4e18-9cd1-054aa90ce4f4,bima_kemdiktisaintek,https://apibima.kemdiktisaintek.go.id/api/v1/ecatalog/perguruantinggi/search?page=109&limit=10,approved,
Universitas Pertiwi,universitas pertiwi,university,,,15655762-8611-483e-992a-9a5c229f8a87,bima_kemdiktisaintek,https://apibima.kemdiktisaintek.go.id/api/v1/ecatalog/perguruantinggi/search?page=109&limit=10,approved,
Institut Teknologi dan Kesehatan Permata Ilmu Maros,institut teknologi dan kesehatan permata ilmu maros,university,,,25e1f17f-7e36-4a0d-aa30-9cb969c9264c,bima_kemdiktisaintek,https://apibima.kemdiktisaintek.go.id/api/v1/ecatalog/perguruantinggi/search?page=109&limit=10,approved,
Sekolah Tinggi Ilmu Kesehatan Nasional,sekolah tinggi ilmu kesehatan nasional,university,,,26383534-9660-4402-898a-b955e131e148,bima_kemdiktisaintek,https://apibima.kemdiktisaintek.go.id/api/v1/ecatalog/perguruantinggi/search?page=109&limit=10,approved,
Sekolah Tinggi Teknologi Pagaralam,sekolah tinggi teknologi pagaralam,university,,,267de66c-1aef-4c3b-8946-2f594902ff6c,bima_kemdiktisaintek,https://apibima.kemdiktisaintek.go.id/api/v1/ecatalog/perguruantinggi/search?page=109&limit=10,approved,
Sekolah Tinggi Ilmu Kesehatan Jayapura,sekolah tinggi ilmu kesehatan jayapura,university,,,27ce1135-0a93-47a8-bd20-28d7dfb332c0,bima_kemdiktisaintek,https://apibima.kemdiktisaintek.go.id/api/v1/ecatalog/perguruantinggi/search?page=109&limit=10,approved,
STIKES An-Nur Purwodadi,stikes an-nur purwodadi,university,,,2919b26d-fbd9-4441-b56a-589550a58c5d,bima_kemdiktisaintek,https://apibima.kemdiktisaintek.go.id/api/v1/ecatalog/perguruantinggi/search?page=109&limit=10,approved,
Sekolah Tinggi Ilmu Komputer Dinamika Bangsa,sekolah tinggi ilmu komputer dinamika bangsa,university,,,295b35ce-f991-4d31-838d-6fd05e8d92c6,bima_kemdiktisaintek,https://apibima.kemdiktisaintek.go.id/api/v1/ecatalog/perguruantinggi/search?page=109&limit=10,approved,
STKIP Paracendekia N W Sumbawa,stkip paracendekia n w sumbawa,university,,,3879eb4c-9681-47f6-b6b2-604e83d0c4d7,bima_kemdiktisaintek,https://apibima.kemdiktisaintek.go.id/api/v1/ecatalog/perguruantinggi/search?page=109&limit=10,approved,
Institut Teknologi Garut,institut teknologi garut,university,,,3a7edfb1-edcf-4a4b-b189-19330ad44960,bima_kemdiktisaintek,https://apibima.kemdiktisaintek.go.id/api/v1/ecatalog/perguruantinggi/search?page=109&limit=10,approved,
Sekolah Tinggi Ilmu Ekonomi Pemuda,sekolah tinggi ilmu ekonomi pemuda,university,,,3b96d759-1f53-42ed-b741-552fd99c9166,bima_kemdiktisaintek,https://apibima.kemdiktisaintek.go.id/api/v1/ecatalog/perguruantinggi/search?page=110&limit=10,approved,
Universitas Kristen Tentena,universitas kristen tentena,university,,,45031c7d-0287-4f14-98d5-c102c75b52f6,bima_kemdiktisaintek,https://apibima.kemdiktisaintek.go.id/api/v1/ecatalog/perguruantinggi/search?page=110&limit=10,approved,
STKIP PGRI Pasuruan,stkip pgri pasuruan,university,,,4d6187f6-214f-4817-96fd-59309d524b26,bima_kemdiktisaintek,https://apibima.kemdiktisaintek.go.id/api/v1/ecatalog/perguruantinggi/search?page=110&limit=10,approved,
Sekolah Tinggi Ilmu Kesehatan Jenderal Achmad Yani,sekolah tinggi ilmu kesehatan jenderal achmad yani,university,,,4e8c4c19-b3d3-460f-889b-d268c822e088,bima_kemdiktisaintek,https://apibima.kemdiktisaintek.go.id/api/v1/ecatalog/perguruantinggi/search?page=110&limit=10,approved,
Universitas Kutai Kartanegara Tenggarong,universitas kutai kartanegara tenggarong,university,,,51dd0055-9ad1-4da5-99a3-e520b9d5728f,bima_kemdiktisaintek,https://apibima.kemdiktisaintek.go.id/api/v1/ecatalog/perguruantinggi/search?page=110&limit=10,approved,
Sekolah Tinggi Ilmu Kesehatan Mataram,sekolah tinggi ilmu kesehatan mataram,university,,,53b51273-2d16-4c1a-8648-9dfbf21c92e7,bima_kemdiktisaintek,https://apibima.kemdiktisaintek.go.id/api/v1/ecatalog/perguruantinggi/search?page=110&limit=10,approved,
Sekolah Tinggi Pertanian Kewirausahaan Banau,sekolah tinggi pertanian kewirausahaan banau,university,,,5a89540a-66c5-4346-8f0a-4012cdea28c8,bima_kemdiktisaintek,https://apibima.kemdiktisaintek.go.id/api/v1/ecatalog/perguruantinggi/search?page=110&limit=10,approved,
Sekolah Tinggi Manajemen Informatika dan Komputer Ichsan Gorontalo,sekolah tinggi manajemen informatika dan komputer ichsan gorontalo,university,,,617bdea0-eead-404f-9d23-166ab450cd23,bima_kemdiktisaintek,https://apibima.kemdiktisaintek.go.id/api/v1/ecatalog/perguruantinggi/search?page=110&limit=10,approved,
Institut Sains Dan Bisnis Internasional Singkawang,institut sains dan bisnis internasional singkawang,university,,,6d99d5c0-cc8d-4d88-957e-2350ac43f442,bima_kemdiktisaintek,https://apibima.kemdiktisaintek.go.id/api/v1/ecatalog/perguruantinggi/search?page=110&limit=10,approved,
Sekolah Tinggi Ilmu Kesehatan Indramayu,sekolah tinggi ilmu kesehatan indramayu,university,,,78746fb8-a1b9-4edc-a55f-399089106884,bima_kemdiktisaintek,https://apibima.kemdiktisaintek.go.id/api/v1/ecatalog/perguruantinggi/search?page=110&limit=10,approved,
Sekolah Tinggi Ilmu Kesehatan Budhi Luhur Cimahi,sekolah tinggi ilmu kesehatan budhi luhur cimahi,university,,,79017c62-9d77-4a18-a5ac-f381c7dbe0c4,bima_kemdiktisaintek,https://apibima.kemdiktisaintek.go.id/api/v1/ecatalog/perguruantinggi/search?page=111&limit=10,approved,
Institut Kesehatan Sumatera Utara,institut kesehatan sumatera utara,university,,,7c275006-1f7f-4011-bf47-44a496a1249e,bima_kemdiktisaintek,https://apibima.kemdiktisaintek.go.id/api/v1/ecatalog/perguruantinggi/search?page=111&limit=10,approved,
STIKES Tengku Maharatu,stikes tengku maharatu,university,,,804bf445-7ae7-4145-a7da-60cf35062785,bima_kemdiktisaintek,https://apibima.kemdiktisaintek.go.id/api/v1/ecatalog/perguruantinggi/search?page=111&limit=10,approved,
Institut Teknologi dan Bisnis Muhammadiyah Kolaka,institut teknologi dan bisnis muhammadiyah kolaka,university,,,847e02eb-6c5f-4acc-a3c5-3176d1f23268,bima_kemdiktisaintek,https://apibima.kemdiktisaintek.go.id/api/v1/ecatalog/perguruantinggi/search?page=111&limit=10,approved,
STMIK Time,stmik time,university,,,a3aca007-834a-4164-9755-87901e43b6b7,bima_kemdiktisaintek,https://apibima.kemdiktisaintek.go.id/api/v1/ecatalog/perguruantinggi/search?page=111&limit=10,approved,
Universitas Katolik Widya Mandala Madiun,universitas katolik widya mandala madiun,university,,,ade34337-94a3-4cb2-837d-7610a7909466,bima_kemdiktisaintek,https://apibima.kemdiktisaintek.go.id/api/v1/ecatalog/perguruantinggi/search?page=111&limit=10,approved,
Sekolah Tinggi Ilmu Manajemen Shanti Bhuana,sekolah tinggi ilmu manajemen shanti bhuana,university,,,ae25fad0-1f00-43c5-b8b3-f888a6b9b73d,bima_kemdiktisaintek,https://apibima.kemdiktisaintek.go.id/api/v1/ecatalog/perguruantinggi/search?page=111&limit=10,approved,
Sekolah Tinggi Ilmu Ekonomi Asia Malang,sekolah tinggi ilmu ekonomi asia malang,university,,,b7b2c0dd-04bf-40f5-9752-395e0678cf25,bima_kemdiktisaintek,https://apibima.kemdiktisaintek.go.id/api/v1/ecatalog/perguruantinggi/search?page=111&limit=10,approved,
Sekolah Tinggi Ilmu Kesehatan Sumatera Utara,sekolah tinggi ilmu kesehatan sumatera utara,university,,,bf24a15e-c4e9-447b-9785-d7c4c71dc506,bima_kemdiktisaintek,https://apibima.kemdiktisaintek.go.id/api/v1/ecatalog/perguruantinggi/search?page=111&limit=10,approved,
Institut Teknologi dan Bisnis Bina Sarana Global,institut teknologi dan bisnis bina sarana global,university,,,d7977922-6a1b-4f8c-a1a4-3201a178a967,bima_kemdiktisaintek,https://apibima.kemdiktisaintek.go.id/api/v1/ecatalog/perguruantinggi/search?page=111&limit=10,approved,
STKIP Pangeran Dharma Kusuma Segeran Juntinyuat Indramayu,stkip pangeran dharma kusuma segeran juntinyuat indramayu,university,,,e086fa8b-aa9e-460f-a4bf-0df6a3461b87,bima_kemdiktisaintek,https://apibima.kemdiktisaintek.go.id/api/v1/ecatalog/perguruantinggi/search?page=112&limit=10,approved,
Sekolah Tinggi Ilmu Kesehatan Siti Khadijah,sekolah tinggi ilmu kesehatan siti khadijah,university,,,e798d700-7e39-4a9f-a3e7-080414fe75f7,bima_kemdiktisaintek,https://apibima.kemdiktisaintek.go.id/api/v1/ecatalog/perguruantinggi/search?page=112&limit=10,approved,
Sekolah Tinggi Teknologi Dumai,sekolah tinggi teknologi dumai,university,,,e7f6d84f-6059-4818-b9b1-0d029c1ca6a9,bima_kemdiktisaintek,https://apibima.kemdiktisaintek.go.id/api/v1/ecatalog/perguruantinggi/search?page=112&limit=10,approved,
Sekolah Tinggi Ilmu Komputer Pelita Indonesia,sekolah tinggi ilmu komputer pelita indonesia,university,,,e9540b32-4a4d-447b-9cb4-6958f3180bab,bima_kemdiktisaintek,https://apibima.kemdiktisaintek.go.id/api/v1/ecatalog/perguruantinggi/search?page=112&limit=10,approved,
STIKES Muhammadiyah Palembang,stikes muhammadiyah palembang,university,,,eefc5332-77e0-4a1c-8467-e0f82fd3a93e,bima_kemdiktisaintek,https://apibima.kemdiktisaintek.go.id/api/v1/ecatalog/perguruantinggi/search?page=112&limit=10,approved,
Sekolah Tinggi Ilmu Kesehatan Binalita Sudama,sekolah tinggi ilmu kesehatan binalita sudama,university,,,f0fe5a31-df2d-4bc7-bce3-ed3067b56161,bima_kemdiktisaintek,https://apibima.kemdiktisaintek.go.id/api/v1/ecatalog/perguruantinggi/search?page=112&limit=10,approved,
Sekolah Tinggi Ilmu Ekonomi Prabumulih,sekolah tinggi ilmu ekonomi prabumulih,university,,,f1f5b988-e517-4e93-a3f4-4baabbad2dc8,bima_kemdiktisaintek,https://apibima.kemdiktisaintek.go.id/api/v1/ecatalog/perguruantinggi/search?page=112&limit=10,approved,
STMIK Bina Nusantara Jaya Lubuk Linggau,stmik bina nusantara jaya lubuk linggau,university,,,f3441c3f-8f9c-4b63-9582-c51fd15e4c01,bima_kemdiktisaintek,https://apibima.kemdiktisaintek.go.id/api/v1/ecatalog/perguruantinggi/search?page=112&limit=10,approved,
STIKES Katolik St Vincentius A Paulo Surabaya,stikes katolik st vincentius a paulo surabaya,university,,,f6eef4f0-28fd-4bee-8a5f-39d32e8baa30,bima_kemdiktisaintek,https://apibima.kemdiktisaintek.go.id/api/v1/ecatalog/perguruantinggi/search?page=112&limit=10,approved,
STKIP Pesisir Selatan,stkip pesisir selatan,university,,,f926e870-125e-4e9d-80b0-350643de5240,bima_kemdiktisaintek,https://apibima.kemdiktisaintek.go.id/api/v1/ecatalog/perguruantinggi/search?page=112&limit=10,approved,
Universitas Bung Karno,universitas bung karno,university,,,fcfb2410-5d7b-4912-bb2f-0756aa417c9c,bima_kemdiktisaintek,https://apibima.kemdiktisaintek.go.id/api/v1/ecatalog/perguruantinggi/search?page=113&limit=10,approved,
STIKES Bustanul Ulum Langsa,stikes bustanul ulum langsa,university,,,03dcbc8f-440a-4e1e-b08e-8e9d3504371e,bima_kemdiktisaintek,https://apibima.kemdiktisaintek.go.id/api/v1/ecatalog/perguruantinggi/search?page=113&limit=10,approved,
Sekolah Tinggi Ilmu Kesehatan Mitra Ria Husada,sekolah tinggi ilmu kesehatan mitra ria husada,university,,,0d620bd2-523e-4803-818a-0879267ebfcc,bima_kemdiktisaintek,https://apibima.kemdiktisaintek.go.id/api/v1/ecatalog/perguruantinggi/search?page=113&limit=10,approved,
STIKES Adila,stikes adila,university,,,1591b9af-1946-439a-9219-09dd05309bc0,bima_kemdiktisaintek,https://apibima.kemdiktisaintek.go.id/api/v1/ecatalog/perguruantinggi/search?page=113&limit=10,approved,
Universitas Merdeka Pasuruan,universitas merdeka pasuruan,university,,,15b24603-d705-4c11-945b-32131a6958ed,bima_kemdiktisaintek,https://apibima.kemdiktisaintek.go.id/api/v1/ecatalog/perguruantinggi/search?page=113&limit=10,approved,
Institut Teknologi dan Sains Nahdlatul Ulama Pasuruan,institut teknologi dan sains nahdlatul ulama pasuruan,university,,,15c15b18-cb4b-490b-b85f-823e303f3746,bima_kemdiktisaintek,https://apibima.kemdiktisaintek.go.id/api/v1/ecatalog/perguruantinggi/search?page=113&limit=10,approved,
Universitas Kepanjen,universitas kepanjen,university,,,24366ad8-0415-4065-a1b1-6d40a6bcbff0,bima_kemdiktisaintek,https://apibima.kemdiktisaintek.go.id/api/v1/ecatalog/perguruantinggi/search?page=113&limit=10,approved,
Universitas Kusuma Husada Surakarta,universitas kusuma husada surakarta,university,,,2721bf47-2d41-4db7-9e07-ede93901cdbd,bima_kemdiktisaintek,https://apibima.kemdiktisaintek.go.id/api/v1/ecatalog/perguruantinggi/search?page=113&limit=10,approved,
Sekolah Tinggi Ilmu Ekonomi Muhammadiyah Bandung,sekolah tinggi ilmu ekonomi muhammadiyah bandung,university,,,297b9376-8ad5-4ae3-83e7-2088a370e21d,bima_kemdiktisaintek,https://apibima.kemdiktisaintek.go.id/api/v1/ecatalog/perguruantinggi/search?page=113&limit=10,approved,
STIKES Bhakti Al-Qodiri,stikes bhakti al-qodiri,university,,,32c8fa0b-deca-4a8d-a9f7-c2febb2e0c71,bima_kemdiktisaintek,https://apibima.kemdiktisaintek.go.id/api/v1/ecatalog/perguruantinggi/search?page=113&limit=10,approved,
Universitas Bondowoso,universitas bondowoso,university,,,39d9eb14-3135-4680-a473-38d1850d7062,bima_kemdiktisaintek,https://apibima.kemdiktisaintek.go.id/api/v1/ecatalog/perguruantinggi/search?page=114&limit=10,approved,
Universitas Yos Sudarso,universitas yos sudarso,university,,,3d0d20b6-10fd-4a65-895d-fe3f73c7f500,bima_kemdiktisaintek,https://apibima.kemdiktisaintek.go.id/api/v1/ecatalog/perguruantinggi/search?page=114&limit=10,approved,
Universitas Deli Sumatera,universitas deli sumatera,university,,,4c8182a4-a865-41c0-b4d0-ff8ef317e48b,bima_kemdiktisaintek,https://apibima.kemdiktisaintek.go.id/api/v1/ecatalog/perguruantinggi/search?page=114&limit=10,approved,
Institut Karya Mulia Bangsa,institut karya mulia bangsa,university,,,4d9d4b8e-93c2-4953-ace0-bd53a7c6b346,bima_kemdiktisaintek,https://apibima.kemdiktisaintek.go.id/api/v1/ecatalog/perguruantinggi/search?page=114&limit=10,approved,
Institut Teknologi dan Sains Nahdlatul Ulama Jambi,institut teknologi dan sains nahdlatul ulama jambi,university,,,4f6441d8-7a20-4899-b662-3082816f29ad,bima_kemdiktisaintek,https://apibima.kemdiktisaintek.go.id/api/v1/ecatalog/perguruantinggi/search?page=114&limit=10,approved,
Sekolah Tinggi Pariwisata Bogor,sekolah tinggi pariwisata bogor,university,,,53bf4f74-4bfd-4894-ade7-210a6906b4d3,bima_kemdiktisaintek,https://apibima.kemdiktisaintek.go.id/api/v1/ecatalog/perguruantinggi/search?page=114&limit=10,approved,
STIKES Pelita Ibu,stikes pelita ibu,university,,,56f787ff-4191-4304-b3a9-dded9daaddd4,bima_kemdiktisaintek,https://apibima.kemdiktisaintek.go.id/api/v1/ecatalog/perguruantinggi/search?page=114&limit=10,approved,
Universitas Abdul Azis Lamadjido,universitas abdul azis lamadjido,university,,,68d7e0e8-814a-4746-9078-3182552e8311,bima_kemdiktisaintek,https://apibima.kemdiktisaintek.go.id/api/v1/ecatalog/perguruantinggi/search?page=114&limit=10,approved,
STIKES Advaita Medika Tabanan,stikes advaita medika tabanan,university,,,7007257e-be02-43ab-9227-ec707f3c0f38,bima_kemdiktisaintek,https://apibima.kemdiktisaintek.go.id/api/v1/ecatalog/perguruantinggi/search?page=114&limit=10,approved,
Sekolah Tinggi Ilmu Kesehatan Pemkab Jombang,sekolah tinggi ilmu kesehatan pemkab jombang,university,,,7226ec9d-4ae0-4b00-a434-82dd5dabfc73,bima_kemdiktisaintek,https://apibima.kemdiktisaintek.go.id/api/v1/ecatalog/perguruantinggi/search?page=114&limit=10,approved,
STIKES Citra Delima Bangka Belitung,stikes citra delima bangka belitung,university,,,755a17a7-96ba-4d2f-8320-f80a02a31b09,bima_kemdiktisaintek,https://apibima.kemdiktisaintek.go.id/api/v1/ecatalog/perguruantinggi/search?page=115&limit=10,approved,
STIKI Malang,stiki malang,university,,,765b7362-a148-4ffc-9116-7c047e10d3c8,bima_kemdiktisaintek,https://apibima.kemdiktisaintek.go.id/api/v1/ecatalog/perguruantinggi/search?page=115&limit=10,approved,
Universitas Yayasan Pendidikan Imam Bonjol Majalengka,universitas yayasan pendidikan imam bonjol majalengka,university,,,788eb331-b148-4c21-9ea4-ab099c89a1ca,bima_kemdiktisaintek,https://apibima.kemdiktisaintek.go.id/api/v1/ecatalog/perguruantinggi/search?page=115&limit=10,approved,
Sekolah Tinggi Ilmu Hukum Al-Banna,sekolah tinggi ilmu hukum al-banna,university,,,78a8d551-315c-4e75-b042-989711428959,bima_kemdiktisaintek,https://apibima.kemdiktisaintek.go.id/api/v1/ecatalog/perguruantinggi/search?page=115&limit=10,approved,
Sekolah Tinggi Ilmu Ekonomi 45 Mataram,sekolah tinggi ilmu ekonomi 45 mataram,university,,,8090c914-fccb-4f34-87a7-5ca148835e70,bima_kemdiktisaintek,https://apibima.kemdiktisaintek.go.id/api/v1/ecatalog/perguruantinggi/search?page=115&limit=10,approved,
Sekolah Tinggi Ilmu Kesehatan Baiturrahim,sekolah tinggi ilmu kesehatan baiturrahim,university,,,8257add6-e997-493f-8ad5-683513052bdd,bima_kemdiktisaintek,https://apibima.kemdiktisaintek.go.id/api/v1/ecatalog/perguruantinggi/search?page=115&limit=10,approved,
Universitas Yapis Papua,universitas yapis papua,university,,,8656b962-e278-45b7-9fa9-f661e5344cff,bima_kemdiktisaintek,https://apibima.kemdiktisaintek.go.id/api/v1/ecatalog/perguruantinggi/search?page=115&limit=10,approved,
STIKES Bataraguru Soroaka,stikes bataraguru soroaka,university,,,8f636a13-7fae-401d-8c41-d63aea0d4398,bima_kemdiktisaintek,https://apibima.kemdiktisaintek.go.id/api/v1/ecatalog/perguruantinggi/search?page=115&limit=10,approved,
Institut Seni Budaya Indonesia Tanah Papua,institut seni budaya indonesia tanah papua,university,,,8f9bf854-499a-42dc-a8a3-7ce3a8b5904c,bima_kemdiktisaintek,https://apibima.kemdiktisaintek.go.id/api/v1/ecatalog/perguruantinggi/search?page=115&limit=10,approved,
Sekolah Tinggi Ilmu Kesehatan Maharani,sekolah tinggi ilmu kesehatan maharani,university,,,95dd13f1-7b93-4e1d-9937-45a3f3b075c5,bima_kemdiktisaintek,https://apibima.kemdiktisaintek.go.id/api/v1/ecatalog/perguruantinggi/search?page=115&limit=10,approved,
STMIK Kharisma Makassar,stmik kharisma makassar,university,,,986d73af-8203-4073-8e59-a279289d48cd,bima_kemdiktisaintek,https://apibima.kemdiktisaintek.go.id/api/v1/ecatalog/perguruantinggi/search?page=116&limit=10,approved,
IKIP Veteran Jawa Tengah,ikip veteran jawa tengah,university,,,9a070586-e8d8-4d83-94e2-de850c99827e,bima_kemdiktisaintek,https://apibima.kemdiktisaintek.go.id/api/v1/ecatalog/perguruantinggi/search?page=116&limit=10,approved,
STKIP PGRI Trenggalek,stkip pgri trenggalek,university,,,9c9aba11-5c39-40e3-bf72-35c72d2cdfb0,bima_kemdiktisaintek,https://apibima.kemdiktisaintek.go.id/api/v1/ecatalog/perguruantinggi/search?page=116&limit=10,approved,
Sekolah Tinggi Ilmu Ekonomi Nganjuk,sekolah tinggi ilmu ekonomi nganjuk,university,,,9f200e50-6155-4c54-b81c-0af1dd96f116,bima_kemdiktisaintek,https://apibima.kemdiktisaintek.go.id/api/v1/ecatalog/perguruantinggi/search?page=116&limit=10,approved,
STIKES Amanah Makassar,stikes amanah makassar,university,,,a038e505-c081-423b-a2fb-576b37443c21,bima_kemdiktisaintek,https://apibima.kemdiktisaintek.go.id/api/v1/ecatalog/perguruantinggi/search?page=116&limit=10,approved,
Institut Kesehatan dan Bisnis Kurnia Jaya Persada,institut kesehatan dan bisnis kurnia jaya persada,university,,,a2486c20-2735-40a8-a0c9-aa24ccb4fc7b,bima_kemdiktisaintek,https://apibima.kemdiktisaintek.go.id/api/v1/ecatalog/perguruantinggi/search?page=116&limit=10,approved,
Sekolah Tinggi Ilmu Kesehatan Fort De Kock,sekolah tinggi ilmu kesehatan fort de kock,university,,,a6e8b376-e460-4963-8c52-1f719d98d2d0,bima_kemdiktisaintek,https://apibima.kemdiktisaintek.go.id/api/v1/ecatalog/perguruantinggi/search?page=116&limit=10,approved,
Universitas Sepuluh Nopember Papua,universitas sepuluh nopember papua,university,,,bf074518-23db-431b-a0f3-9ca2df3a0d46,bima_kemdiktisaintek,https://apibima.kemdiktisaintek.go.id/api/v1/ecatalog/perguruantinggi/search?page=116&limit=10,approved,
Institut Teknologi dan Sains Padang Lawas Utara,institut teknologi dan sains padang lawas utara,university,,,c0bd6564-c27b-4faf-a5e9-cf4ac6267333,bima_kemdiktisaintek,https://apibima.kemdiktisaintek.go.id/api/v1/ecatalog/perguruantinggi/search?page=116&limit=10,approved,
Sekolah Tinggi Ilmu Kesehatan Surabaya,sekolah tinggi ilmu kesehatan surabaya,university,,,c4e94eb8-df1d-4136-89e2-f1ea518f46d4,bima_kemdiktisaintek,https://apibima.kemdiktisaintek.go.id/api/v1/ecatalog/perguruantinggi/search?page=116&limit=10,approved,
STMIK Banjarbaru,stmik banjarbaru,university,,,c7d423e3-3337-48eb-8b40-06567c492b72,bima_kemdiktisaintek,https://apibima.kemdiktisaintek.go.id/api/v1/ecatalog/perguruantinggi/search?page=117&limit=10,approved,
Institut Teknologi dan Bisnis Sabda Setia,institut teknologi dan bisnis sabda setia,university,,,c7fc61ab-8499-4219-a5eb-5bbbadecfc52,bima_kemdiktisaintek,https://apibima.kemdiktisaintek.go.id/api/v1/ecatalog/perguruantinggi/search?page=117&limit=10,approved,
Universitas Nasional Karangturi Semarang,universitas nasional karangturi semarang,university,,,cc3cfdc8-2966-4550-aee8-d0ddfc4cc07e,bima_kemdiktisaintek,https://apibima.kemdiktisaintek.go.id/api/v1/ecatalog/perguruantinggi/search?page=117&limit=10,approved,
STIKES Prima Nusantara,stikes prima nusantara,university,,,d7ed1132-7ca5-4f6d-b5b0-f583b1c55191,bima_kemdiktisaintek,https://apibima.kemdiktisaintek.go.id/api/v1/ecatalog/perguruantinggi/search?page=117&limit=10,approved,
Institut Bisnis Dan Informatika Kesatuan,institut bisnis dan informatika kesatuan,university,,,d86ef439-86c7-4ad3-83f5-f77d22c281b2,bima_kemdiktisaintek,https://apibima.kemdiktisaintek.go.id/api/v1/ecatalog/perguruantinggi/search?page=117&limit=10,approved,
STIKES Satria Bhakti Nganjuk,stikes satria bhakti nganjuk,university,,,da5692d3-6fee-4089-a6bb-31b5ddd6b046,bima_kemdiktisaintek,https://apibima.kemdiktisaintek.go.id/api/v1/ecatalog/perguruantinggi/search?page=117&limit=10,approved,
STMIK DCI,stmik dci,university,,,dd4a831a-be26-4150-8c51-a3aba58674e1,bima_kemdiktisaintek,https://apibima.kemdiktisaintek.go.id/api/v1/ecatalog/perguruantinggi/search?page=117&limit=10,approved,
Universitas Batam,universitas batam,university,,,dd7738f3-d021-4f52-86aa-f89378516b1d,bima_kemdiktisaintek,https://apibima.kemdiktisaintek.go.id/api/v1/ecatalog/perguruantinggi/search?page=117&limit=10,approved,
STIKES Piala Sakti Pariaman,stikes piala sakti pariaman,university,,,e2d48f19-52ae-4836-85aa-ca961c4bca65,bima_kemdiktisaintek,https://apibima.kemdiktisaintek.go.id/api/v1/ecatalog/perguruantinggi/search?page=117&limit=10,approved,
Sekolah Tinggi Ilmu Kesehatan Cahaya Bangsa,sekolah tinggi ilmu kesehatan cahaya bangsa,university,,,ef1580ea-57b7-4547-8a55-60daa4c4668b,bima_kemdiktisaintek,https://apibima.kemdiktisaintek.go.id/api/v1/ecatalog/perguruantinggi/search?page=117&limit=10,approved,
STMIK Bina Bangsa,stmik bina bangsa,university,,,f098fca7-c781-4d89-b666-a8c914dab1b3,bima_kemdiktisaintek,https://apibima.kemdiktisaintek.go.id/api/v1/ecatalog/perguruantinggi/search?page=118&limit=10,approved,
Sekolah Tinggi Ilmu Ekonomi AMA,sekolah tinggi ilmu ekonomi ama,university,,,f4ad98b9-abd0-406d-b2ec-d82463c89f3a,bima_kemdiktisaintek,https://apibima.kemdiktisaintek.go.id/api/v1/ecatalog/perguruantinggi/search?page=118&limit=10,approved,
STIKES Dr. Soebandi Jember,stikes dr. soebandi jember,university,,,f86a8e7d-2a18-4eab-8dc6-d8ec593fe8ca,bima_kemdiktisaintek,https://apibima.kemdiktisaintek.go.id/api/v1/ecatalog/perguruantinggi/search?page=118&limit=10,approved,
Sekolah Tinggi Ilmu Administrasi Setih Setio,sekolah tinggi ilmu administrasi setih setio,university,,,febe8285-02e8-410e-ab2f-0777036e20cb,bima_kemdiktisaintek,https://apibima.kemdiktisaintek.go.id/api/v1/ecatalog/perguruantinggi/search?page=118&limit=10,approved,
STIKES Yarsi Sumatera Barat,stikes yarsi sumatera barat,university,,,0465b976-7b23-4db4-b12b-1438d8d793c7,bima_kemdiktisaintek,https://apibima.kemdiktisaintek.go.id/api/v1/ecatalog/perguruantinggi/search?page=118&limit=10,approved,
Institut Kesehatan dan Bisnis St. Fatimah Mamuju,institut kesehatan dan bisnis st. fatimah mamuju,university,,,0e2555c5-a252-4ca3-a2bc-6d373969caa0,bima_kemdiktisaintek,https://apibima.kemdiktisaintek.go.id/api/v1/ecatalog/perguruantinggi/search?page=118&limit=10,approved,
Universitas Andi Sudirman,universitas andi sudirman,university,,,0ea64acf-f30d-49ac-8ba9-df1d996bc0fd,bima_kemdiktisaintek,https://apibima.kemdiktisaintek.go.id/api/v1/ecatalog/perguruantinggi/search?page=118&limit=10,approved,
STKIP Darussalam Cilacap,stkip darussalam cilacap,university,,,1569dfd6-5195-4084-aafb-539c7cae68b6,bima_kemdiktisaintek,https://apibima.kemdiktisaintek.go.id/api/v1/ecatalog/perguruantinggi/search?page=118&limit=10,approved,
Sekolah Tinggi Ilmu Ekonomi Surakarta,sekolah tinggi ilmu ekonomi surakarta,university,,,1c99feb9-87a7-4091-9ccc-69d4a58070ae,bima_kemdiktisaintek,https://apibima.kemdiktisaintek.go.id/api/v1/ecatalog/perguruantinggi/search?page=118&limit=10,approved,
Universitas Satya Wiyata Mandala,universitas satya wiyata mandala,university,,,2080b4c4-660e-47ba-aedd-ffcfad380dd7,bima_kemdiktisaintek,https://apibima.kemdiktisaintek.go.id/api/v1/ecatalog/perguruantinggi/search?page=118&limit=10,approved,
Sekolah Tinggi Ilmu Kesehatan Tamalatea Makassar,sekolah tinggi ilmu kesehatan tamalatea makassar,university,,,24a2d99f-75e1-4585-807b-5d3de4538628,bima_kemdiktisaintek,https://apibima.kemdiktisaintek.go.id/api/v1/ecatalog/perguruantinggi/search?page=119&limit=10,approved,
STIKES Panakkukang,stikes panakkukang,university,,,283a2725-e37b-4900-a6e3-5874b0ee8f27,bima_kemdiktisaintek,https://apibima.kemdiktisaintek.go.id/api/v1/ecatalog/perguruantinggi/search?page=119&limit=10,approved,
STIKES Eka Harap,stikes eka harap,university,,,2aa3b569-aeea-4ba8-a386-52d216005cac,bima_kemdiktisaintek,https://apibima.kemdiktisaintek.go.id/api/v1/ecatalog/perguruantinggi/search?page=119&limit=10,approved,
STKIP Pamane Talino,stkip pamane talino,university,,,2b128472-73f5-43c2-a14d-d949f1350fb3,bima_kemdiktisaintek,https://apibima.kemdiktisaintek.go.id/api/v1/ecatalog/perguruantinggi/search?page=119&limit=10,approved,
Sekolah Tinggi Ilmu Administrasi Pembangunan,sekolah tinggi ilmu administrasi pembangunan,university,,,35af4167-d636-4a42-b4f8-cdf072e42a20,bima_kemdiktisaintek,https://apibima.kemdiktisaintek.go.id/api/v1/ecatalog/perguruantinggi/search?page=119&limit=10,approved,
STIK Muhammadiyah Pontianak,stik muhammadiyah pontianak,university,,,3c961526-3b3b-4592-b2bc-2114eb187f4a,bima_kemdiktisaintek,https://apibima.kemdiktisaintek.go.id/api/v1/ecatalog/perguruantinggi/search?page=119&limit=10,approved,
Sekolah Tinggi Ilmu Kesehatan Rajawali,sekolah tinggi ilmu kesehatan rajawali,university,,,3f5a77f4-a5e9-4ce7-9de4-8be30d3b0b18,bima_kemdiktisaintek,https://apibima.kemdiktisaintek.go.id/api/v1/ecatalog/perguruantinggi/search?page=119&limit=10,approved,
STKIP Hatta Sjahrir,stkip hatta sjahrir,university,,,442c497e-79b0-4c3b-9820-8c15ddb29149,bima_kemdiktisaintek,https://apibima.kemdiktisaintek.go.id/api/v1/ecatalog/perguruantinggi/search?page=119&limit=10,approved,
STMIK Catur Sakti Kendari,stmik catur sakti kendari,university,,,5276bdf8-a0e6-4057-8b66-357f4edf1b67,bima_kemdiktisaintek,https://apibima.kemdiktisaintek.go.id/api/v1/ecatalog/perguruantinggi/search?page=119&limit=10,approved,
Universitas Teknologi Bandung,universitas teknologi bandung,university,,,552f62c1-19c3-4716-88b4-a3b8fd38633a,bima_kemdiktisaintek,https://apibima.kemdiktisaintek.go.id/api/v1/ecatalog/perguruantinggi/search?page=119&limit=10,approved,
STIKES Karya Husada Kediri,stikes karya husada kediri,university,,,58c92755-13c8-4a5c-8cc4-6a273fc4db43,bima_kemdiktisaintek,https://apibima.kemdiktisaintek.go.id/api/v1/ecatalog/perguruantinggi/search?page=120&limit=10,approved,
Universitas Katolik Widya Karya,universitas katolik widya karya,university,,,64b1a5c9-625f-4aed-b7ca-89707735d18c,bima_kemdiktisaintek,https://apibima.kemdiktisaintek.go.id/api/v1/ecatalog/perguruantinggi/search?page=120&limit=10,approved,
Sekolah Tinggi Ilmu Ekonomi Kesatuan,sekolah tinggi ilmu ekonomi kesatuan,university,,,65214868-d11e-49d2-a67d-e3d45ee0cc2c,bima_kemdiktisaintek,https://apibima.kemdiktisaintek.go.id/api/v1/ecatalog/perguruantinggi/search?page=120&limit=10,approved,
Universitas Nani Bili Nusantara,universitas nani bili nusantara,university,,,69f952fa-6ba4-450c-9f83-a071bc33e1aa,bima_kemdiktisaintek,https://apibima.kemdiktisaintek.go.id/api/v1/ecatalog/perguruantinggi/search?page=120&limit=10,approved,
Universitas Tamalatea Makassar,universitas tamalatea makassar,university,,,6f0556e2-48ad-42bc-b293-17c5a6f23f93,bima_kemdiktisaintek,https://apibima.kemdiktisaintek.go.id/api/v1/ecatalog/perguruantinggi/search?page=120&limit=10,approved,
Universitas Maritim AMNI,universitas maritim amni,university,,,71aeea64-0331-4ffa-aad8-86b670e0f732,bima_kemdiktisaintek,https://apibima.kemdiktisaintek.go.id/api/v1/ecatalog/perguruantinggi/search?page=120&limit=10,approved,
Sekolah Tinggi Manajemen Ppm,sekolah tinggi manajemen ppm,university,,,7403ea55-6e53-4c32-a818-87f5a2869516,bima_kemdiktisaintek,https://apibima.kemdiktisaintek.go.id/api/v1/ecatalog/perguruantinggi/search?page=120&limit=10,approved,
STIKES Hamzar Memben Lombok Timur,stikes hamzar memben lombok timur,university,,,75624b29-0a33-47b3-9804-2862d79473e7,bima_kemdiktisaintek,https://apibima.kemdiktisaintek.go.id/api/v1/ecatalog/perguruantinggi/search?page=120&limit=10,approved,
STKIP Labuhan Batu,stkip labuhan batu,university,,,773519df-aeb6-4b35-86a7-95388b85891b,bima_kemdiktisaintek,https://apibima.kemdiktisaintek.go.id/api/v1/ecatalog/perguruantinggi/search?page=120&limit=10,approved,
STISIP Muhammadiyah Rappang,stisip muhammadiyah rappang,university,,,7bd5c9ea-e27e-44fa-8d94-75004ce59d26,bima_kemdiktisaintek,https://apibima.kemdiktisaintek.go.id/api/v1/ecatalog/perguruantinggi/search?page=120&limit=10,approved,
Universitas Panca Sakti Bekasi,universitas panca sakti bekasi,university,,,7df3f0a7-8fad-434d-9798-87769ab34003,bima_kemdiktisaintek,https://apibima.kemdiktisaintek.go.id/api/v1/ecatalog/perguruantinggi/search?page=121&limit=10,approved,
Universitas Bani Saleh,universitas bani saleh,university,,,8329c1a6-01a5-4f73-b6a3-d06f5bbf4f53,bima_kemdiktisaintek,https://apibima.kemdiktisaintek.go.id/api/v1/ecatalog/perguruantinggi/search?page=121&limit=10,approved,
Sekolah Tinggi Ilmu Administrasi Aan,sekolah tinggi ilmu administrasi aan,university,,,9387a07f-c6e5-435c-8f67-1a28dc29c9e0,bima_kemdiktisaintek,https://apibima.kemdiktisaintek.go.id/api/v1/ecatalog/perguruantinggi/search?page=121&limit=10,approved,
Sekolah Tinggi Ilmu Manajemen YKPN,sekolah tinggi ilmu manajemen ykpn,university,,,9433901f-5278-4280-8f98-34a4b723d0c0,bima_kemdiktisaintek,https://apibima.kemdiktisaintek.go.id/api/v1/ecatalog/perguruantinggi/search?page=121&limit=10,approved,
STIKES Nan Tongga,stikes nan tongga,university,,,9a7156b9-5b4e-4e71-97d4-b04357941247,bima_kemdiktisaintek,https://apibima.kemdiktisaintek.go.id/api/v1/ecatalog/perguruantinggi/search?page=121&limit=10,approved,
Sekolah Tinggi Ilmu Kesehatan Sukabumi,sekolah tinggi ilmu kesehatan sukabumi,university,,,9e2987b2-2778-4949-b0ae-6d1b0e12d5da,bima_kemdiktisaintek,https://apibima.kemdiktisaintek.go.id/api/v1/ecatalog/perguruantinggi/search?page=121&limit=10,approved,
STIKES Graha Edukasi,stikes graha edukasi,university,,,9e90312e-5aa8-4c2e-a67f-4a193e53020e,bima_kemdiktisaintek,https://apibima.kemdiktisaintek.go.id/api/v1/ecatalog/perguruantinggi/search?page=121&limit=10,approved,
Sekolah Tinggi Ilmu Kesehatan Serulingmas,sekolah tinggi ilmu kesehatan serulingmas,university,,,a1f56d63-1f05-4020-9bf1-ed8165a84378,bima_kemdiktisaintek,https://apibima.kemdiktisaintek.go.id/api/v1/ecatalog/perguruantinggi/search?page=121&limit=10,approved,
STKIP Suar Bangli,stkip suar bangli,university,,,a4402d2d-731c-4811-a8c0-fa73e1e59286,bima_kemdiktisaintek,https://apibima.kemdiktisaintek.go.id/api/v1/ecatalog/perguruantinggi/search?page=121&limit=10,approved,
Sekolah Tinggi Teknologi Stikma Internasional,sekolah tinggi teknologi stikma internasional,university,,,a703b729-6cee-4390-b6d1-033c7792c181,bima_kemdiktisaintek,https://apibima.kemdiktisaintek.go.id/api/v1/ecatalog/perguruantinggi/search?page=121&limit=10,approved,
Sekolah Tinggi Ilmu Kesehatan Sint Carolus,sekolah tinggi ilmu kesehatan sint carolus,university,,,ad91df87-49d1-4079-a589-5b70bc0d2174,bima_kemdiktisaintek,https://apibima.kemdiktisaintek.go.id/api/v1/ecatalog/perguruantinggi/search?page=122&limit=10,approved,
Sekolah Tinggi Ilmu Ekonomi Studi Ekonomi Modern,sekolah tinggi ilmu ekonomi studi ekonomi modern,university,,,b1761d51-608d-4406-8f7c-da977bcfa959,bima_kemdiktisaintek,https://apibima.kemdiktisaintek.go.id/api/v1/ecatalog/perguruantinggi/search?page=122&limit=10,approved,
Sekolah Tinggi Pembangunan Masyarakat Santa Ursula,sekolah tinggi pembangunan masyarakat santa ursula,university,,,b229851b-468b-41b0-a8f1-ea0e1e14513c,bima_kemdiktisaintek,https://apibima.kemdiktisaintek.go.id/api/v1/ecatalog/perguruantinggi/search?page=122&limit=10,approved,
STMIK Rosma,stmik rosma,university,,,c04ade7d-c79e-4dd3-9bbf-4fc1e975e2ba,bima_kemdiktisaintek,https://apibima.kemdiktisaintek.go.id/api/v1/ecatalog/perguruantinggi/search?page=122&limit=10,approved,
STKIP Qomaruddin Gresik,stkip qomaruddin gresik,university,,,c5faaecb-01e3-412b-b172-71b66557f987,bima_kemdiktisaintek,https://apibima.kemdiktisaintek.go.id/api/v1/ecatalog/perguruantinggi/search?page=122&limit=10,approved,
Sekolah Tinggi Ilmu Ekonomi Mandala,sekolah tinggi ilmu ekonomi mandala,university,,,c68489a1-56fe-4e18-9469-928580014405,bima_kemdiktisaintek,https://apibima.kemdiktisaintek.go.id/api/v1/ecatalog/perguruantinggi/search?page=122&limit=10,approved,
Institut Teknologi dan Kesehatan Mahardika,institut teknologi dan kesehatan mahardika,university,,,c6dab9f7-51a5-41b5-b294-205da112a5dd,bima_kemdiktisaintek,https://apibima.kemdiktisaintek.go.id/api/v1/ecatalog/perguruantinggi/search?page=122&limit=10,approved,
Institut Teknologi dan Kesehatan Tri Tunas Nasional,institut teknologi dan kesehatan tri tunas nasional,university,,,ccbede4b-6030-44d6-b16b-b34485748719,bima_kemdiktisaintek,https://apibima.kemdiktisaintek.go.id/api/v1/ecatalog/perguruantinggi/search?page=122&limit=10,approved,
Sekolah Tinggi Ilmu Kesehatan Bakti Utama Pati,sekolah tinggi ilmu kesehatan bakti utama pati,university,,,cd64d9a0-e2ed-485d-a8df-c6c15bc9a407,bima_kemdiktisaintek,https://apibima.kemdiktisaintek.go.id/api/v1/ecatalog/perguruantinggi/search?page=122&limit=10,approved,
Institut Keguruan dan Teknologi Larantuka,institut keguruan dan teknologi larantuka,university,,,d31abd74-4018-4d7e-b921-ae34b24ba088,bima_kemdiktisaintek,https://apibima.kemdiktisaintek.go.id/api/v1/ecatalog/perguruantinggi/search?page=122&limit=10,approved,
Universitas Senior Medan,universitas senior medan,university,,,d5244018-a623-47e8-9f3d-95654f422716,bima_kemdiktisaintek,https://apibima.kemdiktisaintek.go.id/api/v1/ecatalog/perguruantinggi/search?page=123&limit=10,approved,
Universitas Sisingamangaraja XII Tapanuli Utara,universitas sisingamangaraja xii tapanuli utara,university,,,d6c97324-44e2-448b-93c9-7a6d866c56f2,bima_kemdiktisaintek,https://apibima.kemdiktisaintek.go.id/api/v1/ecatalog/perguruantinggi/search?page=123&limit=10,approved,
STMIK Akakom,stmik akakom,university,,,dba17530-9d61-4637-a915-a96195308250,bima_kemdiktisaintek,https://apibima.kemdiktisaintek.go.id/api/v1/ecatalog/perguruantinggi/search?page=123&limit=10,approved,
Sekolah Tinggi Ilmu Kesehatan Banten,sekolah tinggi ilmu kesehatan banten,university,,,e57d2b6c-5240-4508-95e7-f34c9e90d9bb,bima_kemdiktisaintek,https://apibima.kemdiktisaintek.go.id/api/v1/ecatalog/perguruantinggi/search?page=123&limit=10,approved,
Institut Ilmu Kesehatan Nahdlatul Ulama Tuban,institut ilmu kesehatan nahdlatul ulama tuban,university,,,e649de50-4ecc-4f52-aa1c-4ac7f36b7474,bima_kemdiktisaintek,https://apibima.kemdiktisaintek.go.id/api/v1/ecatalog/perguruantinggi/search?page=123&limit=10,approved,
Universitas Serelo Lahat,universitas serelo lahat,university,,,f6d93968-f286-48fb-94ac-c928786ba4cc,bima_kemdiktisaintek,https://apibima.kemdiktisaintek.go.id/api/v1/ecatalog/perguruantinggi/search?page=123&limit=10,approved,
Sekolah Tinggi Ilmu Farmasi Nusaputera,sekolah tinggi ilmu farmasi nusaputera,university,,,fd03ab21-ab9f-4c7b-b572-1db1c7c9a935,bima_kemdiktisaintek,https://apibima.kemdiktisaintek.go.id/api/v1/ecatalog/perguruantinggi/search?page=123&limit=10,approved,
STKIP Sinar Pancasila,stkip sinar pancasila,university,,,04a22fde-95d8-4f8a-bdf4-8a4ac1303238,bima_kemdiktisaintek,https://apibima.kemdiktisaintek.go.id/api/v1/ecatalog/perguruantinggi/search?page=123&limit=10,approved,
Sekolah Tinggi Ilmu Kesehatan Elisabeth Semarang,sekolah tinggi ilmu kesehatan elisabeth semarang,university,,,06b6c63b-24e4-4bbd-ab03-fa98859ac9c7,bima_kemdiktisaintek,https://apibima.kemdiktisaintek.go.id/api/v1/ecatalog/perguruantinggi/search?page=123&limit=10,approved,
STKIP La Tansa Mashiro,stkip la tansa mashiro,university,,,06e220aa-f566-4047-bc0c-441eaa09f3d7,bima_kemdiktisaintek,https://apibima.kemdiktisaintek.go.id/api/v1/ecatalog/perguruantinggi/search?page=123&limit=10,approved,
Sekolah Tinggi Ilmu Ekonomi Indonesia Pontianak,sekolah tinggi ilmu ekonomi indonesia pontianak,university,,,0a95e6d4-8c41-4aa4-9528-4e3901d65d56,bima_kemdiktisaintek,https://apibima.kemdiktisaintek.go.id/api/v1/ecatalog/perguruantinggi/search?page=124&limit=10,approved,
Universitas Ottow Geissler,universitas ottow geissler,university,,,14ffa106-095a-4582-8555-45a611c6aba0,bima_kemdiktisaintek,https://apibima.kemdiktisaintek.go.id/api/v1/ecatalog/perguruantinggi/search?page=124&limit=10,approved,
STISIPOL Candradimuka,stisipol candradimuka,university,,,1b9d03b2-a32b-499c-9b0b-6cda14e460ed,bima_kemdiktisaintek,https://apibima.kemdiktisaintek.go.id/api/v1/ecatalog/perguruantinggi/search?page=124&limit=10,approved,
Sekolah Tinggi Ilmu Kesehatan Cirebon,sekolah tinggi ilmu kesehatan cirebon,university,,,2029b418-1927-47bb-9137-3ad4cc01aa42,bima_kemdiktisaintek,https://apibima.kemdiktisaintek.go.id/api/v1/ecatalog/perguruantinggi/search?page=124&limit=10,approved,
Universitas Cendekia Abditama,universitas cendekia abditama,university,,,20909fb6-0c22-4d49-abac-8aa796267d44,bima_kemdiktisaintek,https://apibima.kemdiktisaintek.go.id/api/v1/ecatalog/perguruantinggi/search?page=124&limit=10,approved,
Sekolah Tinggi Ilmu Kesehatan Kendedes,sekolah tinggi ilmu kesehatan kendedes,university,,,229b8977-4ef9-4054-ae46-aed78d6020bf,bima_kemdiktisaintek,https://apibima.kemdiktisaintek.go.id/api/v1/ecatalog/perguruantinggi/search?page=124&limit=10,approved,
Universitas Gunung Kidul,universitas gunung kidul,university,,,26416751-90af-4988-a378-e6f53877b609,bima_kemdiktisaintek,https://apibima.kemdiktisaintek.go.id/api/v1/ecatalog/perguruantinggi/search?page=124&limit=10,approved,
Sekolah Tinggi Ilmu Ekonomi Lantim Way Jepara,sekolah tinggi ilmu ekonomi lantim way jepara,university,,,28d3d73a-e9e3-4066-a477-eb25fddae494,bima_kemdiktisaintek,https://apibima.kemdiktisaintek.go.id/api/v1/ecatalog/perguruantinggi/search?page=124&limit=10,approved,
Universitas Telogorejo Semarang,universitas telogorejo semarang,university,,,2a65efcd-450d-4448-bd78-eab5fd8d89d5,bima_kemdiktisaintek,https://apibima.kemdiktisaintek.go.id/api/v1/ecatalog/perguruantinggi/search?page=124&limit=10,approved,
Institut Teknologi Kesehatan Cendekia Utama Kudus,institut teknologi kesehatan cendekia utama kudus,university,,,30c07d17-b6a8-40f5-8006-8357b9bc5afa,bima_kemdiktisaintek,https://apibima.kemdiktisaintek.go.id/api/v1/ecatalog/perguruantinggi/search?page=124&limit=10,approved,
Universitas Satya Negara Indonesia,universitas satya negara indonesia,university,,,323b8e19-54a6-42f3-afa8-20f7e21be1c3,bima_kemdiktisaintek,https://apibima.kemdiktisaintek.go.id/api/v1/ecatalog/perguruantinggi/search?page=125&limit=10,approved,
STKIP Sebelas April,stkip sebelas april,university,,,38c66cd6-f5aa-4709-a446-44387d05f892,bima_kemdiktisaintek,https://apibima.kemdiktisaintek.go.id/api/v1/ecatalog/perguruantinggi/search?page=125&limit=10,approved,
STMIK Indonesia Padang,stmik indonesia padang,university,,,3f4464dd-ae9c-4296-9b86-7271005ff52f,bima_kemdiktisaintek,https://apibima.kemdiktisaintek.go.id/api/v1/ecatalog/perguruantinggi/search?page=125&limit=10,approved,
Institut Ilmu Sosial dan Bisnis Andi Sapada,institut ilmu sosial dan bisnis andi sapada,university,,,45af8d30-bef8-41fd-b180-30094edbc3be,bima_kemdiktisaintek,https://apibima.kemdiktisaintek.go.id/api/v1/ecatalog/perguruantinggi/search?page=125&limit=10,approved,
STIKES Darul Azhar Batulicin,stikes darul azhar batulicin,university,,,4f2a4f6d-08d7-4094-ae24-0b2a7b8c2e56,bima_kemdiktisaintek,https://apibima.kemdiktisaintek.go.id/api/v1/ecatalog/perguruantinggi/search?page=125&limit=10,approved,
Sekolah Tinggi Ilmu Kesehatan Madani Yogyakarta,sekolah tinggi ilmu kesehatan madani yogyakarta,university,,,521c83ba-63ac-47c2-9884-8ab7be825728,bima_kemdiktisaintek,https://apibima.kemdiktisaintek.go.id/api/v1/ecatalog/perguruantinggi/search?page=125&limit=10,approved,
Sekolah Tinggi Ilmu Kesehatan Intan Martapura,sekolah tinggi ilmu kesehatan intan martapura,university,,,5471aa9b-5f74-40fa-ab55-29e0840f19ad,bima_kemdiktisaintek,https://apibima.kemdiktisaintek.go.id/api/v1/ecatalog/perguruantinggi/search?page=125&limit=10,approved,
Universitas Jayabaya,universitas jayabaya,university,,,54e9c5c2-a135-4826-8bdb-4ec33b169979,bima_kemdiktisaintek,https://apibima.kemdiktisaintek.go.id/api/v1/ecatalog/perguruantinggi/search?page=125&limit=10,approved,
STIKES Karya Husada Semarang,stikes karya husada semarang,university,,,58e28e77-f8b2-4f25-8d61-d1dc5d4532d7,bima_kemdiktisaintek,https://apibima.kemdiktisaintek.go.id/api/v1/ecatalog/perguruantinggi/search?page=125&limit=10,approved,
STMIK AKBA,stmik akba,university,,,5aad83cc-8340-4fac-9f21-7f27a4b5231b,bima_kemdiktisaintek,https://apibima.kemdiktisaintek.go.id/api/v1/ecatalog/perguruantinggi/search?page=125&limit=10,approved,
STMIK Dian Cipta Cendikia Kotabumi,stmik dian cipta cendikia kotabumi,university,,,663bf0b5-8c6f-4c85-a0d3-322dda31d0b9,bima_kemdiktisaintek,https://apibima.kemdiktisaintek.go.id/api/v1/ecatalog/perguruantinggi/search?page=126&limit=10,approved,
Universitas Achmad Yani Banjarmasin,universitas achmad yani banjarmasin,university,,,6db203a1-61bd-4972-ab06-a9659210000c,bima_kemdiktisaintek,https://apibima.kemdiktisaintek.go.id/api/v1/ecatalog/perguruantinggi/search?page=126&limit=10,approved,
Universitas Logistik dan Bisnis Internasional,universitas logistik dan bisnis internasional,university,,,76dc5355-3579-4342-86bd-97ba4e0be6f6,bima_kemdiktisaintek,https://apibima.kemdiktisaintek.go.id/api/v1/ecatalog/perguruantinggi/search?page=126&limit=10,approved,
Institut Sains dan Teknologi Nahdlatul Ulama Bali,institut sains dan teknologi nahdlatul ulama bali,university,,,7febfca7-42ce-4139-a4ea-da11d5e38233,bima_kemdiktisaintek,https://apibima.kemdiktisaintek.go.id/api/v1/ecatalog/perguruantinggi/search?page=126&limit=10,approved,
Sekolah Tinggi Keguruan dan Ilmu Pendidikan Muhammadiyah OKU Timur,sekolah tinggi keguruan dan ilmu pendidikan muhammadiyah oku timur,university,,,87958b2a-6831-4200-a389-1327bf261368,bima_kemdiktisaintek,https://apibima.kemdiktisaintek.go.id/api/v1/ecatalog/perguruantinggi/search?page=126&limit=10,approved,
STMIK Raharja,stmik raharja,university,,,923fa2cc-91a0-4207-9bc8-f97c27c549d6,bima_kemdiktisaintek,https://apibima.kemdiktisaintek.go.id/api/v1/ecatalog/perguruantinggi/search?page=126&limit=10,approved,
Universitas Advent Indonesia,universitas advent indonesia,university,,,94c885d3-c610-48e0-8ae0-964d9ea485fb,bima_kemdiktisaintek,https://apibima.kemdiktisaintek.go.id/api/v1/ecatalog/perguruantinggi/search?page=126&limit=10,approved,
Universitas Sultan Fatah,universitas sultan fatah,university,,,97bb097e-b735-4bd0-8005-38f1ffc83872,bima_kemdiktisaintek,https://apibima.kemdiktisaintek.go.id/api/v1/ecatalog/perguruantinggi/search?page=126&limit=10,approved,
Institut Komunikasi Dan Bisnis LSPR,institut komunikasi dan bisnis lspr,university,,,9faee4ba-fa1e-404c-a2bc-2d1c7359cc90,bima_kemdiktisaintek,https://apibima.kemdiktisaintek.go.id/api/v1/ecatalog/perguruantinggi/search?page=126&limit=10,approved,
Sekolah Tinggi Teknik Malang,sekolah tinggi teknik malang,university,,,a81b630c-4b9e-45eb-9738-2d1f60c24409,bima_kemdiktisaintek,https://apibima.kemdiktisaintek.go.id/api/v1/ecatalog/perguruantinggi/search?page=126&limit=10,approved,
Universitas Metamedia,universitas metamedia,university,,,b62de3eb-4fd5-405c-8b0a-5493622c93a3,bima_kemdiktisaintek,https://apibima.kemdiktisaintek.go.id/api/v1/ecatalog/perguruantinggi/search?page=127&limit=10,approved,
Institut Sains Dan Teknologi Annuqayah,institut sains dan teknologi annuqayah,university,,,b8197676-4e59-4d48-b87f-e19363b64711,bima_kemdiktisaintek,https://apibima.kemdiktisaintek.go.id/api/v1/ecatalog/perguruantinggi/search?page=127&limit=10,approved,
Sekolah Tinggi Teknologi Pelita Bangsa,sekolah tinggi teknologi pelita bangsa,university,,,c551063c-b0d0-406f-b4d4-361eb8f90cc6,bima_kemdiktisaintek,https://apibima.kemdiktisaintek.go.id/api/v1/ecatalog/perguruantinggi/search?page=127&limit=10,approved,
Universitas Halim sanusi,universitas halim sanusi,university,,,c880acff-b0e4-4b9b-8039-20b9db752dad,bima_kemdiktisaintek,https://apibima.kemdiktisaintek.go.id/api/v1/ecatalog/perguruantinggi/search?page=127&limit=10,approved,
STIKES AL-Islam Yogyakarta,stikes al-islam yogyakarta,university,,,caeac80e-dacf-44f9-a736-d048176ecd49,bima_kemdiktisaintek,https://apibima.kemdiktisaintek.go.id/api/v1/ecatalog/perguruantinggi/search?page=127&limit=10,approved,
Institut Teknologi dan Bisnis Kristen Bukit Pengharapan,institut teknologi dan bisnis kristen bukit pengharapan,university,,,ce073242-303d-478f-91c2-6f4020f15a09,bima_kemdiktisaintek,https://apibima.kemdiktisaintek.go.id/api/v1/ecatalog/perguruantinggi/search?page=127&limit=10,approved,
Sekolah Tinggi Farmasi Muhammadiyah Cirebon,sekolah tinggi farmasi muhammadiyah cirebon,university,,,d3c3372c-382f-4007-b7b2-d729522a2172,bima_kemdiktisaintek,https://apibima.kemdiktisaintek.go.id/api/v1/ecatalog/perguruantinggi/search?page=127&limit=10,approved,
Universitas Muhammadiyah OKU Timur,universitas muhammadiyah oku timur,university,,,d60a2da1-c3a8-4ec5-8aa4-0f353aa45317,bima_kemdiktisaintek,https://apibima.kemdiktisaintek.go.id/api/v1/ecatalog/perguruantinggi/search?page=127&limit=10,approved,
Sekolah Tinggi Ilmu Ekonomi Saumlaki,sekolah tinggi ilmu ekonomi saumlaki,university,,,d6320647-de78-4890-b8ec-9e1bf5c3fa3d,bima_kemdiktisaintek,https://apibima.kemdiktisaintek.go.id/api/v1/ecatalog/perguruantinggi/search?page=127&limit=10,approved,
Institut Teknologi Sains dan Bisnis Muhammadiyah Selayar,institut teknologi sains dan bisnis muhammadiyah selayar,university,,,d984cb9c-46c2-42f9-b167-a106d9189e20,bima_kemdiktisaintek,https://apibima.kemdiktisaintek.go.id/api/v1/ecatalog/perguruantinggi/search?page=127&limit=10,approved,
Sekolah Tinggi Teknik Qomaruddin,sekolah tinggi teknik qomaruddin,university,,,df109f19-fc3b-4657-a699-808e7660f162,bima_kemdiktisaintek,https://apibima.kemdiktisaintek.go.id/api/v1/ecatalog/perguruantinggi/search?page=128&limit=10,approved,
Universitas Nias Raya,universitas nias raya,university,,,e0bb8938-0d88-4a66-a75c-af18264a3bba,bima_kemdiktisaintek,https://apibima.kemdiktisaintek.go.id/api/v1/ecatalog/perguruantinggi/search?page=128&limit=10,approved,
Sekolah Tinggi Bahasa Asing Pontianak,sekolah tinggi bahasa asing pontianak,university,,,ef681ef4-6aab-4b00-a110-686d6a912fee,bima_kemdiktisaintek,https://apibima.kemdiktisaintek.go.id/api/v1/ecatalog/perguruantinggi/search?page=128&limit=10,approved,
STMIK Widya Utama,stmik widya utama,university,,,f42cd4f2-e6fe-4832-87bd-150a730412e3,bima_kemdiktisaintek,https://apibima.kemdiktisaintek.go.id/api/v1/ecatalog/perguruantinggi/search?page=128&limit=10,approved,
Sekolah Tinggi Keguruan dan Ilmu Pendidikan Biak,sekolah tinggi keguruan dan ilmu pendidikan biak,university,,,f7eb6402-6e96-4cad-8558-ea66edf09070,bima_kemdiktisaintek,https://apibima.kemdiktisaintek.go.id/api/v1/ecatalog/perguruantinggi/search?page=128&limit=10,approved,
Sekolah Tinggi Ilmu Kesehatan Muhammadiyah Gombong,sekolah tinggi ilmu kesehatan muhammadiyah gombong,university,,,feab1000-da5a-4a2f-bf10-80d4570a17b0,bima_kemdiktisaintek,https://apibima.kemdiktisaintek.go.id/api/v1/ecatalog/perguruantinggi/search?page=128&limit=10,approved,
STKIP Muhammadiyah Barru,stkip muhammadiyah barru,university,,,ff28d967-2015-469c-87b2-b3052b7c14e3,bima_kemdiktisaintek,https://apibima.kemdiktisaintek.go.id/api/v1/ecatalog/perguruantinggi/search?page=128&limit=10,approved,
Sekolah Tinggi Keguruan dan Ilmu Pendidikan Kumala Lampung,sekolah tinggi keguruan dan ilmu pendidikan kumala lampung,university,,,0a58323c-78cf-4ccb-b77c-54c5ad93bf8c,bima_kemdiktisaintek,https://apibima.kemdiktisaintek.go.id/api/v1/ecatalog/perguruantinggi/search?page=128&limit=10,approved,
Universitas Mayjen Sungkono,universitas mayjen sungkono,university,,,0dc85692-e7af-4bfa-9997-86b6f3731673,bima_kemdiktisaintek,https://apibima.kemdiktisaintek.go.id/api/v1/ecatalog/perguruantinggi/search?page=128&limit=10,approved,
Universitas An Nasher,universitas an nasher,university,,,1233e1ce-8da5-4da0-b498-8533083e3e52,bima_kemdiktisaintek,https://apibima.kemdiktisaintek.go.id/api/v1/ecatalog/perguruantinggi/search?page=128&limit=10,approved,
Institut Pendidikan dan Bahasa Invada,institut pendidikan dan bahasa invada,university,,,12ed49ef-8337-45ad-9d5d-969fb1536d6e,bima_kemdiktisaintek,https://apibima.kemdiktisaintek.go.id/api/v1/ecatalog/perguruantinggi/search?page=129&limit=10,approved,
STIKES Pamenang,stikes pamenang,university,,,201dce97-a876-4864-b0e0-f911c2bfe0e8,bima_kemdiktisaintek,https://apibima.kemdiktisaintek.go.id/api/v1/ecatalog/perguruantinggi/search?page=129&limit=10,approved,
Sekolah Tinggi Ilmu Kesehatan Akbidyo,sekolah tinggi ilmu kesehatan akbidyo,university,,,240ee029-409f-4a66-a4c2-a6fd87cee200,bima_kemdiktisaintek,https://apibima.kemdiktisaintek.go.id/api/v1/ecatalog/perguruantinggi/search?page=129&limit=10,approved,
STKIP Babunnajah Pandeglang,stkip babunnajah pandeglang,university,,,2542eddf-1f00-469c-988c-40bf652ad725,bima_kemdiktisaintek,https://apibima.kemdiktisaintek.go.id/api/v1/ecatalog/perguruantinggi/search?page=129&limit=10,approved,
Institut Teknologi Minaesa,institut teknologi minaesa,university,,,28341ef0-f60a-42e0-b53d-73cee58e7217,bima_kemdiktisaintek,https://apibima.kemdiktisaintek.go.id/api/v1/ecatalog/perguruantinggi/search?page=129&limit=10,approved,
STMIK Bumi Gora,stmik bumi gora,university,,,2ad2f944-a119-4b3a-a711-bbeabefc8952,bima_kemdiktisaintek,https://apibima.kemdiktisaintek.go.id/api/v1/ecatalog/perguruantinggi/search?page=129&limit=10,approved,
Universitas Putra Abadi Langkat,universitas putra abadi langkat,university,,,2add50b6-35bb-4f37-8eec-1e35f0377e95,bima_kemdiktisaintek,https://apibima.kemdiktisaintek.go.id/api/v1/ecatalog/perguruantinggi/search?page=129&limit=10,approved,
STKIP Al Islam Tunas Bangsa,stkip al islam tunas bangsa,university,,,2e515d0f-677a-4db4-a2ce-738ba1892245,bima_kemdiktisaintek,https://apibima.kemdiktisaintek.go.id/api/v1/ecatalog/perguruantinggi/search?page=129&limit=10,approved,
Institut Administrasi dan Kesehatan Setih Setio Muara Bungo,institut administrasi dan kesehatan setih setio muara bungo,university,,,303a95ad-875e-4621-ba5f-3acdb1a34858,bima_kemdiktisaintek,https://apibima.kemdiktisaintek.go.id/api/v1/ecatalog/perguruantinggi/search?page=129&limit=10,approved,
Institut Kesehatan dan Teknologi Pondok Karya Pembangunan,institut kesehatan dan teknologi pondok karya pembangunan,university,,,32c9b933-acf5-4c49-a674-914533a8ebf5,bima_kemdiktisaintek,https://apibima.kemdiktisaintek.go.id/api/v1/ecatalog/perguruantinggi/search?page=129&limit=10,approved,
Sekolah Tinggi Ilmu Ekonomi Mulia Pratama,sekolah tinggi ilmu ekonomi mulia pratama,university,,,399d37fc-cf9d-46a8-9752-c0b4594e7ec2,bima_kemdiktisaintek,https://apibima.kemdiktisaintek.go.id/api/v1/ecatalog/perguruantinggi/search?page=130&limit=10,approved,
Institut Kesehatan Suaka Insan,institut kesehatan suaka insan,university,,,3dcf222d-3634-4146-9a77-eff6e9353a0c,bima_kemdiktisaintek,https://apibima.kemdiktisaintek.go.id/api/v1/ecatalog/perguruantinggi/search?page=130&limit=10,approved,
Institut Teknologi Kreatif Bina Nusantara Malang,institut teknologi kreatif bina nusantara malang,university,,,42e86c37-0e46-4f64-b84e-e57c0db1e8e8,bima_kemdiktisaintek,https://apibima.kemdiktisaintek.go.id/api/v1/ecatalog/perguruantinggi/search?page=130&limit=10,approved,
Sekolah Tinggi Ilmu Ekonomi Yapman Majene,sekolah tinggi ilmu ekonomi yapman majene,university,,,49360443-14f3-4f37-89cd-30488ef0c1fe,bima_kemdiktisaintek,https://apibima.kemdiktisaintek.go.id/api/v1/ecatalog/perguruantinggi/search?page=130&limit=10,approved,
STIKES Muhammadiyah Kuningan,stikes muhammadiyah kuningan,university,,,4b0cb93a-aaac-4a5e-9952-3b0ad369908b,bima_kemdiktisaintek,https://apibima.kemdiktisaintek.go.id/api/v1/ecatalog/perguruantinggi/search?page=130&limit=10,approved,
Sekolah Tinggi Ilmu Ekonomi Jambi,sekolah tinggi ilmu ekonomi jambi,university,,,4d535ee5-df33-4e1f-bc06-1aeb35ee7c39,bima_kemdiktisaintek,https://apibima.kemdiktisaintek.go.id/api/v1/ecatalog/perguruantinggi/search?page=130&limit=10,approved,
Sekolah Tinggi Ilmu Ekonomi Rajawali,sekolah tinggi ilmu ekonomi rajawali,university,,,51609b3b-a7ef-4933-accc-fcafcdfc6fed,bima_kemdiktisaintek,https://apibima.kemdiktisaintek.go.id/api/v1/ecatalog/perguruantinggi/search?page=130&limit=10,approved,
Sekolah Tinggi Ilmu Ekonomi Musi Rawas,sekolah tinggi ilmu ekonomi musi rawas,university,,,52aeb33d-6c9c-4d0d-836b-ae1737281882,bima_kemdiktisaintek,https://apibima.kemdiktisaintek.go.id/api/v1/ecatalog/perguruantinggi/search?page=130&limit=10,approved,
STKIP Agama Hindu Singaraja,stkip agama hindu singaraja,university,,,5c9d630f-bbba-4029-86bb-eb9453bffbc2,bima_kemdiktisaintek,https://apibima.kemdiktisaintek.go.id/api/v1/ecatalog/perguruantinggi/search?page=130&limit=10,approved,
Universitas Muhammadiyah Sampit,universitas muhammadiyah sampit,university,,,6896f217-ed4b-4376-b095-a22fa5a0a0cf,bima_kemdiktisaintek,https://apibima.kemdiktisaintek.go.id/api/v1/ecatalog/perguruantinggi/search?page=130&limit=10,approved,
STIKES Aisyiyah Palembang,stikes aisyiyah palembang,university,,,72bb209f-5868-4064-a0c0-306b5fd0ba10,bima_kemdiktisaintek,https://apibima.kemdiktisaintek.go.id/api/v1/ecatalog/perguruantinggi/search?page=131&limit=10,approved,
Institut Teknologi Medan,institut teknologi medan,university,,,7fef40c3-4e4e-4dde-bdbd-2a76f4b96462,bima_kemdiktisaintek,https://apibima.kemdiktisaintek.go.id/api/v1/ecatalog/perguruantinggi/search?page=131&limit=10,approved,
Institut Teknologi dan Bisnis Indobaru Nasional,institut teknologi dan bisnis indobaru nasional,university,,,80e9ab34-4acf-4ff9-aaec-235b39704048,bima_kemdiktisaintek,https://apibima.kemdiktisaintek.go.id/api/v1/ecatalog/perguruantinggi/search?page=131&limit=10,approved,
Sekolah Tinggi Ilmu Kesehatan Salewangang Maros,sekolah tinggi ilmu kesehatan salewangang maros,university,,,869e56c8-cd7d-4b5a-91b4-4c1fce22e0fe,bima_kemdiktisaintek,https://apibima.kemdiktisaintek.go.id/api/v1/ecatalog/perguruantinggi/search?page=131&limit=10,approved,
Sekolah Tinggi Pariwisata Sahid Surakarta,sekolah tinggi pariwisata sahid surakarta,university,,,872f9028-79da-4c30-b2b6-eb7ca71e5f03,bima_kemdiktisaintek,https://apibima.kemdiktisaintek.go.id/api/v1/ecatalog/perguruantinggi/search?page=131&limit=10,approved,
STIKES Mamba ul Ulum Surakarta,stikes mamba ul ulum surakarta,university,,,88ba8e90-2966-442f-8073-d7adba6bb456,bima_kemdiktisaintek,https://apibima.kemdiktisaintek.go.id/api/v1/ecatalog/perguruantinggi/search?page=131&limit=10,approved,
Universitas Muhammadiyah Kolaka Utara,universitas muhammadiyah kolaka utara,university,,,8bc5747a-f33d-4afe-a108-255b801b29fd,bima_kemdiktisaintek,https://apibima.kemdiktisaintek.go.id/api/v1/ecatalog/perguruantinggi/search?page=131&limit=10,approved,
Sekolah Tinggi Teknologi Indonesia Tanjung Pinang,sekolah tinggi teknologi indonesia tanjung pinang,university,,,8c187c3c-83a5-421c-90a4-cf1a31a264f9,bima_kemdiktisaintek,https://apibima.kemdiktisaintek.go.id/api/v1/ecatalog/perguruantinggi/search?page=131&limit=10,approved,
Universitas Santo Borromeus,universitas santo borromeus,university,,,8cadf081-123b-4177-a162-aca24c4ef34c,bima_kemdiktisaintek,https://apibima.kemdiktisaintek.go.id/api/v1/ecatalog/perguruantinggi/search?page=131&limit=10,approved,
Sekolah Tinggi Ilmu Ekonomi Muhammadiyah Jakarta,sekolah tinggi ilmu ekonomi muhammadiyah jakarta,university,,,943e3a70-6f7c-4532-b651-d23eeca70ac1,bima_kemdiktisaintek,https://apibima.kemdiktisaintek.go.id/api/v1/ecatalog/perguruantinggi/search?page=131&limit=10,approved,
STIKES Wiyata Husada Samarinda,stikes wiyata husada samarinda,university,,,9baf31ad-0f07-4ddc-82ab-1959b18b8591,bima_kemdiktisaintek,https://apibima.kemdiktisaintek.go.id/api/v1/ecatalog/perguruantinggi/search?page=132&limit=10,approved,
STIKES Estu Utomo,stikes estu utomo,university,,,9df723e2-715a-4704-b134-7293860bf8bc,bima_kemdiktisaintek,https://apibima.kemdiktisaintek.go.id/api/v1/ecatalog/perguruantinggi/search?page=132&limit=10,approved,
STIKES Patria Husada,stikes patria husada,university,,,a12e9d71-4a4f-45af-bfe4-855aa5117392,bima_kemdiktisaintek,https://apibima.kemdiktisaintek.go.id/api/v1/ecatalog/perguruantinggi/search?page=132&limit=10,approved,
Institut Teknologi dan Bisnis Muhammadiyah Purbalingga,institut teknologi dan bisnis muhammadiyah purbalingga,university,,,a1e99c43-733f-4b36-9aad-bcbbe956bb12,bima_kemdiktisaintek,https://apibima.kemdiktisaintek.go.id/api/v1/ecatalog/perguruantinggi/search?page=132&limit=10,approved,
Sekolah Tinggi Kesenian Wilwatikta,sekolah tinggi kesenian wilwatikta,university,,,a45b87fc-5ad4-496d-a00a-3ea5a768b6c4,bima_kemdiktisaintek,https://apibima.kemdiktisaintek.go.id/api/v1/ecatalog/perguruantinggi/search?page=132&limit=10,approved,
Sekolah Tinggi Ilmu Hukum Muhammadiyah Bima,sekolah tinggi ilmu hukum muhammadiyah bima,university,,,a7df41d5-3c08-45ea-a731-193fcb05a420,bima_kemdiktisaintek,https://apibima.kemdiktisaintek.go.id/api/v1/ecatalog/perguruantinggi/search?page=132&limit=10,approved,
Sekolah Tinggi Ilmu Kesehatan Kepanjen,sekolah tinggi ilmu kesehatan kepanjen,university,,,b1b45cef-2295-4d7f-84b6-13b324f897b6,bima_kemdiktisaintek,https://apibima.kemdiktisaintek.go.id/api/v1/ecatalog/perguruantinggi/search?page=132&limit=10,approved,
Institut Teknologi Kesehatan dan Sains Wiyata Husada Samarinda,institut teknologi kesehatan dan sains wiyata husada samarinda,university,,,b1f51b92-2d80-456d-a4f7-db7c1de1c32f,bima_kemdiktisaintek,https://apibima.kemdiktisaintek.go.id/api/v1/ecatalog/perguruantinggi/search?page=132&limit=10,approved,
STKIP Paris Barantai,stkip paris barantai,university,,,b201cbd6-e5f6-4abd-80ec-2361908a3ab0,bima_kemdiktisaintek,https://apibima.kemdiktisaintek.go.id/api/v1/ecatalog/perguruantinggi/search?page=132&limit=10,approved,
Universitas Muara Bungo,universitas muara bungo,university,,,b6d95c81-6693-4d1f-8402-b82419d9aaeb,bima_kemdiktisaintek,https://apibima.kemdiktisaintek.go.id/api/v1/ecatalog/perguruantinggi/search?page=132&limit=10,approved,
Universitas Internasional Batam,universitas internasional batam,university,,,c9d6f232-8b8a-41f9-bcb3-69af5d148adf,bima_kemdiktisaintek,https://apibima.kemdiktisaintek.go.id/api/v1/ecatalog/perguruantinggi/search?page=133&limit=10,approved,
Universitas Kalbis,universitas kalbis,university,,,cc15d5bd-18bf-4de8-a643-a81584523c78,bima_kemdiktisaintek,https://apibima.kemdiktisaintek.go.id/api/v1/ecatalog/perguruantinggi/search?page=133&limit=10,approved,
Sekolah Tinggi Pembangunan Masyarakat Desa APMD,sekolah tinggi pembangunan masyarakat desa apmd,university,,,cca0ac9f-fd63-43bd-9ed2-b81a65b6b380,bima_kemdiktisaintek,https://apibima.kemdiktisaintek.go.id/api/v1/ecatalog/perguruantinggi/search?page=133&limit=10,approved,
Sekolah Tinggi Farmasi Muhammadiyah Tangerang,sekolah tinggi farmasi muhammadiyah tangerang,university,,,cccc02a4-e996-4c2e-b388-a22104e18fc1,bima_kemdiktisaintek,https://apibima.kemdiktisaintek.go.id/api/v1/ecatalog/perguruantinggi/search?page=133&limit=10,approved,
STMIK Hang Tuah Pekanbaru,stmik hang tuah pekanbaru,university,,,ce554f3c-082e-47c4-858e-be7b62635b21,bima_kemdiktisaintek,https://apibima.kemdiktisaintek.go.id/api/v1/ecatalog/perguruantinggi/search?page=133&limit=10,approved,
Sekolah Tinggi Ilmu Administrasi Saumlaki,sekolah tinggi ilmu administrasi saumlaki,university,,,d5a3ba9a-9e79-45df-8825-ca86ed04da7e,bima_kemdiktisaintek,https://apibima.kemdiktisaintek.go.id/api/v1/ecatalog/perguruantinggi/search?page=133&limit=10,approved,
Universitas Bhinneka Nusantara,universitas bhinneka nusantara,university,,,d5fecc9d-c135-45a8-8019-ffff72c74e89,bima_kemdiktisaintek,https://apibima.kemdiktisaintek.go.id/api/v1/ecatalog/perguruantinggi/search?page=133&limit=10,approved,
STIKES Andini Persada,stikes andini persada,university,,,d8af188a-2de9-4f4e-a8c0-f9d77c6524fa,bima_kemdiktisaintek,https://apibima.kemdiktisaintek.go.id/api/v1/ecatalog/perguruantinggi/search?page=133&limit=10,approved,
Universitas Raharja,universitas raharja,university,,,d8e788b2-d1d2-4fae-bef8-455867f21856,bima_kemdiktisaintek,https://apibima.kemdiktisaintek.go.id/api/v1/ecatalog/perguruantinggi/search?page=133&limit=10,approved,
Sekolah Tinggi Teknologi Sinar Husni,sekolah tinggi teknologi sinar husni,university,,,da1801c0-827b-46a8-b62d-8b22fb844656,bima_kemdiktisaintek,https://apibima.kemdiktisaintek.go.id/api/v1/ecatalog/perguruantinggi/search?page=133&limit=10,approved,
Institut Teknologi dan Bisnis PGRI Dewantara Jombang,institut teknologi dan bisnis pgri dewantara jombang,university,,,ddbf06c9-90ea-4915-996b-6965b5181fab,bima_kemdiktisaintek,https://apibima.kemdiktisaintek.go.id/api/v1/ecatalog/perguruantinggi/search?page=134&limit=10,approved,
Sekolah Tinggi Ilmu Ekonomi Media Nusantara Citra,sekolah tinggi ilmu ekonomi media nusantara citra,university,,,e00dfcc3-73ec-43d0-90f1-8e401e6b0d21,bima_kemdiktisaintek,https://apibima.kemdiktisaintek.go.id/api/v1/ecatalog/perguruantinggi/search?page=134&limit=10,approved,
Sekolah Tinggi Ilmu Administrasi YAPPI Makassa,sekolah tinggi ilmu administrasi yappi makassa,university,,,e211c222-9699-4cb1-8dad-8772968f0105,bima_kemdiktisaintek,https://apibima.kemdiktisaintek.go.id/api/v1/ecatalog/perguruantinggi/search?page=134&limit=10,approved,
Sekolah Tinggi Ilmu Ekonomi YPPI,sekolah tinggi ilmu ekonomi yppi,university,,,e9e6c59c-7167-4d8c-8e55-ded6817a7809,bima_kemdiktisaintek,https://apibima.kemdiktisaintek.go.id/api/v1/ecatalog/perguruantinggi/search?page=134&limit=10,approved,
STMIK Methodist Binjai,stmik methodist binjai,university,,,ea90a570-89f3-4f98-a0f2-7c1d5620649f,bima_kemdiktisaintek,https://apibima.kemdiktisaintek.go.id/api/v1/ecatalog/perguruantinggi/search?page=134&limit=10,approved,
Institut Manajemen Koperasi Indonesia,institut manajemen koperasi indonesia,university,,,eb68e02c-e54e-4361-905a-b95114839720,bima_kemdiktisaintek,https://apibima.kemdiktisaintek.go.id/api/v1/ecatalog/perguruantinggi/search?page=134&limit=10,approved,
STIKES Panti Waluya Malang,stikes panti waluya malang,university,,,ecb71f2d-43de-44b4-9f5c-2a31c8184e39,bima_kemdiktisaintek,https://apibima.kemdiktisaintek.go.id/api/v1/ecatalog/perguruantinggi/search?page=134&limit=10,approved,
Universitas 'Aisyiyah Bandung,universitas 'aisyiyah bandung,university,,,f14424e6-771f-456e-a251-70622498d6c9,bima_kemdiktisaintek,https://apibima.kemdiktisaintek.go.id/api/v1/ecatalog/perguruantinggi/search?page=134&limit=10,approved,
Institut Turatea Indonesia,institut turatea indonesia,university,,,f47f2243-6c0f-4724-8a4d-cc6bc9f096ca,bima_kemdiktisaintek,https://apibima.kemdiktisaintek.go.id/api/v1/ecatalog/perguruantinggi/search?page=134&limit=10,approved,
STMIK Tasikmalaya,stmik tasikmalaya,university,,,f9bd8bb4-04a0-4acf-8c02-c8d521c79325,bima_kemdiktisaintek,https://apibima.kemdiktisaintek.go.id/api/v1/ecatalog/perguruantinggi/search?page=134&limit=10,approved,
Sekolah Tinggi Ilmu Ekonomi Gentiaras,sekolah tinggi ilmu ekonomi gentiaras,university,,,006411cc-b3c7-4a89-9bd1-700ac13e71a9,bima_kemdiktisaintek,https://apibima.kemdiktisaintek.go.id/api/v1/ecatalog/perguruantinggi/search?page=135&limit=10,approved,
Universitas Sang Bumi Ruwa Jurai,universitas sang bumi ruwa jurai,university,,,02b7ad98-ea66-49bd-a4a1-5089d06edfae,bima_kemdiktisaintek,https://apibima.kemdiktisaintek.go.id/api/v1/ecatalog/perguruantinggi/search?page=135&limit=10,approved,
Sekolah Tinggi Filsafat Teologi Widya Sasana,sekolah tinggi filsafat teologi widya sasana,university,,,04b830b9-4495-4956-aab5-ced041e51d87,bima_kemdiktisaintek,https://apibima.kemdiktisaintek.go.id/api/v1/ecatalog/perguruantinggi/search?page=135&limit=10,approved,
STIKS Tamalanrea Makassar,stiks tamalanrea makassar,university,,,075dd3b8-0822-4628-acee-8efc49709385,bima_kemdiktisaintek,https://apibima.kemdiktisaintek.go.id/api/v1/ecatalog/perguruantinggi/search?page=135&limit=10,approved,
Sekolah Tinggi Ilmu Ekonomi Serelo Lahat,sekolah tinggi ilmu ekonomi serelo lahat,university,,,0b2c5cfe-d6e7-4868-bcd8-f34dbddbe04a,bima_kemdiktisaintek,https://apibima.kemdiktisaintek.go.id/api/v1/ecatalog/perguruantinggi/search?page=135&limit=10,approved,
Institut Modern Arsitektur dan Teknologi,institut modern arsitektur dan teknologi,university,,,10c59a94-21d8-4421-9a33-5be4585b0624,bima_kemdiktisaintek,https://apibima.kemdiktisaintek.go.id/api/v1/ecatalog/perguruantinggi/search?page=135&limit=10,approved,
Sekolah Tinggi Ilmu Ekonomi Aprin,sekolah tinggi ilmu ekonomi aprin,university,,,10fe1043-4bf9-423d-911c-e9a9646c13b0,bima_kemdiktisaintek,https://apibima.kemdiktisaintek.go.id/api/v1/ecatalog/perguruantinggi/search?page=135&limit=10,approved,
Sekolah Tinggi Ilmu Ekonomi Banten,sekolah tinggi ilmu ekonomi banten,university,,,13ddbf32-3643-4deb-9a99-e4e299ddb909,bima_kemdiktisaintek,https://apibima.kemdiktisaintek.go.id/api/v1/ecatalog/perguruantinggi/search?page=135&limit=10,approved,
Sekolah Tinggi Keguruan dan Ilmu Pendidikan Media Nusantara Citra,sekolah tinggi keguruan dan ilmu pendidikan media nusantara citra,university,,,149f530b-a75d-4926-944c-a3df4417210f,bima_kemdiktisaintek,https://apibima.kemdiktisaintek.go.id/api/v1/ecatalog/perguruantinggi/search?page=135&limit=10,approved,
Sekolah Tinggi Ilmu Komunikasi Lspr,sekolah tinggi ilmu komunikasi lspr,university,,,1923692b-7c58-469e-835f-2a7eb79b994b,bima_kemdiktisaintek,https://apibima.kemdiktisaintek.go.id/api/v1/ecatalog/perguruantinggi/search?page=135&limit=10,approved,
Sekolah Tinggi Ilmu Kesehatan Sapta Bakti,sekolah tinggi ilmu kesehatan sapta bakti,university,,,195deb0b-30a3-42c5-a34b-7467a670edd9,bima_kemdiktisaintek,https://apibima.kemdiktisaintek.go.id/api/v1/ecatalog/perguruantinggi/search?page=136&limit=10,approved,
Sekolah Tinggi Ilmu Ekonomi Pancasetia,sekolah tinggi ilmu ekonomi pancasetia,university,,,1a1624e2-d5ab-4544-bec2-84776261b0bc,bima_kemdiktisaintek,https://apibima.kemdiktisaintek.go.id/api/v1/ecatalog/perguruantinggi/search?page=136&limit=10,approved,
Institut Informatika Indonesia Surabaya,institut informatika indonesia surabaya,university,,,24ac1baf-5a37-4f92-9097-2c26a1fc1d95,bima_kemdiktisaintek,https://apibima.kemdiktisaintek.go.id/api/v1/ecatalog/perguruantinggi/search?page=136&limit=10,approved,
Universitas Nurdin Hamzah,universitas nurdin hamzah,university,,,2a283ca6-87e5-47bd-8b0a-57193e70e27f,bima_kemdiktisaintek,https://apibima.kemdiktisaintek.go.id/api/v1/ecatalog/perguruantinggi/search?page=136&limit=10,approved,
Sekolah Tinggi Manajemen Immi,sekolah tinggi manajemen immi,university,,,2bb7b3c8-fb08-4647-b5a6-5ccba881d4c4,bima_kemdiktisaintek,https://apibima.kemdiktisaintek.go.id/api/v1/ecatalog/perguruantinggi/search?page=136&limit=10,approved,
STIKES Hang Tuah Tanjung Pinang,stikes hang tuah tanjung pinang,university,,,2c961b63-07b4-42cd-868b-abcda0ad0e07,bima_kemdiktisaintek,https://apibima.kemdiktisaintek.go.id/api/v1/ecatalog/perguruantinggi/search?page=136&limit=10,approved,
Sekolah Tinggi Ilmu Pertanian Rejang Lebong,sekolah tinggi ilmu pertanian rejang lebong,university,,,334d280f-d36d-46fc-9643-8b05520de690,bima_kemdiktisaintek,https://apibima.kemdiktisaintek.go.id/api/v1/ecatalog/perguruantinggi/search?page=136&limit=10,approved,
Sekolah Tinggi Ilmu Komputer Poltek Cirebon,sekolah tinggi ilmu komputer poltek cirebon,university,,,3724dfc8-d6c1-430d-9e12-3eef761c1cad,bima_kemdiktisaintek,https://apibima.kemdiktisaintek.go.id/api/v1/ecatalog/perguruantinggi/search?page=136&limit=10,approved,
STIKES Kharisma Karawang,stikes kharisma karawang,university,,,400f9b1a-5418-4eb0-a7f1-3c7aef1479c9,bima_kemdiktisaintek,https://apibima.kemdiktisaintek.go.id/api/v1/ecatalog/perguruantinggi/search?page=136&limit=10,approved,
STIKES Dirgahayu Samarinda,stikes dirgahayu samarinda,university,,,40eb24a6-7529-42eb-9cb8-a67862431148,bima_kemdiktisaintek,https://apibima.kemdiktisaintek.go.id/api/v1/ecatalog/perguruantinggi/search?page=136&limit=10,approved,
Universitas PGRI Sumenep,universitas pgri sumenep,university,,,440250d8-16ab-4aa5-a0b8-d87f01a51f7d,bima_kemdiktisaintek,https://apibima.kemdiktisaintek.go.id/api/v1/ecatalog/perguruantinggi/search?page=137&limit=10,approved,
STIKES Graha Medika,stikes graha medika,university,,,4db415f9-4ab1-4aae-b62e-455b5a62ed08,bima_kemdiktisaintek,https://apibima.kemdiktisaintek.go.id/api/v1/ecatalog/perguruantinggi/search?page=137&limit=10,approved,
STMIK IBBI,stmik ibbi,university,,,531e5f9c-dc0d-45ad-8dfe-fbd882258e38,bima_kemdiktisaintek,https://apibima.kemdiktisaintek.go.id/api/v1/ecatalog/perguruantinggi/search?page=137&limit=10,approved,
Universitas Teknologi Nusantara,universitas teknologi nusantara,university,,,532e5466-cd3b-4f36-abba-fb2c03e59047,bima_kemdiktisaintek,https://apibima.kemdiktisaintek.go.id/api/v1/ecatalog/perguruantinggi/search?page=137&limit=10,approved,
STIKES Payung Negeri Aceh Darussalam,stikes payung negeri aceh darussalam,university,,,59efdd70-b035-409c-b9c0-0a50f829ee1d,bima_kemdiktisaintek,https://apibima.kemdiktisaintek.go.id/api/v1/ecatalog/perguruantinggi/search?page=137&limit=10,approved,
Universitas Kurnia Jaya Persada,universitas kurnia jaya persada,university,,,5f137e2b-1527-4d48-8bd8-8d43a2830c4e,bima_kemdiktisaintek,https://apibima.kemdiktisaintek.go.id/api/v1/ecatalog/perguruantinggi/search?page=137&limit=10,approved,
Institut Teknologi Mitra Gama,institut teknologi mitra gama,university,,,615ab422-bf5c-4785-97e6-7fddb05d9ec8,bima_kemdiktisaintek,https://apibima.kemdiktisaintek.go.id/api/v1/ecatalog/perguruantinggi/search?page=137&limit=10,approved,
STMIK Insan Pembangunan,stmik insan pembangunan,university,,,6711eb0a-c97b-4f00-b1eb-cd46b4ba5d05,bima_kemdiktisaintek,https://apibima.kemdiktisaintek.go.id/api/v1/ecatalog/perguruantinggi/search?page=137&limit=10,approved,
Universitas Bandung Raya,universitas bandung raya,university,,,6776f5d4-6db3-4233-ad71-140a4d27f912,bima_kemdiktisaintek,https://apibima.kemdiktisaintek.go.id/api/v1/ecatalog/perguruantinggi/search?page=137&limit=10,approved,
Universitas Haji Sumatera Utara,universitas haji sumatera utara,university,,,6986d5f1-fa99-4a60-ae77-fce3923019e9,bima_kemdiktisaintek,https://apibima.kemdiktisaintek.go.id/api/v1/ecatalog/perguruantinggi/search?page=137&limit=10,approved,
Universitas Insan Cita Indonesia,universitas insan cita indonesia,university,,,6b5ced98-48fb-4dfc-956b-e4c55db1807c,bima_kemdiktisaintek,https://apibima.kemdiktisaintek.go.id/api/v1/ecatalog/perguruantinggi/search?page=138&limit=10,approved,
Universitas Audi Indonesia,universitas audi indonesia,university,,,6d2a5d99-0063-42d4-ae8b-e756004a174f,bima_kemdiktisaintek,https://apibima.kemdiktisaintek.go.id/api/v1/ecatalog/perguruantinggi/search?page=138&limit=10,approved,
Institut Teknologi dan Pendidikan Markandeya Bali,institut teknologi dan pendidikan markandeya bali,university,,,7ae107be-edbd-4e13-89e2-5c06a4fc5acc,bima_kemdiktisaintek,https://apibima.kemdiktisaintek.go.id/api/v1/ecatalog/perguruantinggi/search?page=138&limit=10,approved,
STIKES PKU Muhammadiyah Surakarta,stikes pku muhammadiyah surakarta,university,,,7b117a0e-449d-4c0c-b1f1-3d960dca4207,bima_kemdiktisaintek,https://apibima.kemdiktisaintek.go.id/api/v1/ecatalog/perguruantinggi/search?page=138&limit=10,approved,
Sekolah Tinggi Ilmu Ekonomi KH Ahmad Dahlan,sekolah tinggi ilmu ekonomi kh ahmad dahlan,university,,,7bbfee0c-33ca-47da-a5ea-a7b176458229,bima_kemdiktisaintek,https://apibima.kemdiktisaintek.go.id/api/v1/ecatalog/perguruantinggi/search?page=138&limit=10,approved,
STKIP Islam Sabilal Muhtadin Banjarmasin,stkip islam sabilal muhtadin banjarmasin,university,,,7d3ba8b9-2168-4596-bcf2-6349c52703c2,bima_kemdiktisaintek,https://apibima.kemdiktisaintek.go.id/api/v1/ecatalog/perguruantinggi/search?page=138&limit=10,approved,
Universitas PGRI Mpu Sindok,universitas pgri mpu sindok,university,,,8143afb2-1eb4-4dc6-ab34-657b49cafacb,bima_kemdiktisaintek,https://apibima.kemdiktisaintek.go.id/api/v1/ecatalog/perguruantinggi/search?page=138&limit=10,approved,
STISIPOL Pahlawan 12,stisipol pahlawan 12,university,,,88f43ee4-81e8-4e42-8bde-3558332678a7,bima_kemdiktisaintek,https://apibima.kemdiktisaintek.go.id/api/v1/ecatalog/perguruantinggi/search?page=138&limit=10,approved,
STITEK Bina Taruna,stitek bina taruna,university,,,8d7ae067-f89a-4f9a-add4-aae6b644eada,bima_kemdiktisaintek,https://apibima.kemdiktisaintek.go.id/api/v1/ecatalog/perguruantinggi/search?page=138&limit=10,approved,
Sekolah Tinggi Teknologi Ronggolawe,sekolah tinggi teknologi ronggolawe,university,,,93426715-754a-468b-82d2-430b2cd32d2c,bima_kemdiktisaintek,https://apibima.kemdiktisaintek.go.id/api/v1/ecatalog/perguruantinggi/search?page=138&limit=10,approved,
Universitas Karya Persada Muna,universitas karya persada muna,university,,,96f1dd3f-5bfa-4171-82c6-cba05eaab213,bima_kemdiktisaintek,https://apibima.kemdiktisaintek.go.id/api/v1/ecatalog/perguruantinggi/search?page=139&limit=10,approved,
Institut Citra Internasional,institut citra internasional,university,,,9872480e-7b1f-4aa6-a321-eac8571eb6d1,bima_kemdiktisaintek,https://apibima.kemdiktisaintek.go.id/api/v1/ecatalog/perguruantinggi/search?page=139&limit=10,approved,
STMIK Palangka Raya,stmik palangka raya,university,,,9c9a4562-e15e-4b8a-85ea-184bb3fdaee2,bima_kemdiktisaintek,https://apibima.kemdiktisaintek.go.id/api/v1/ecatalog/perguruantinggi/search?page=139&limit=10,approved,
Sekolah Tinggi Theologia Intim Makassar,sekolah tinggi theologia intim makassar,university,,,a4e79e54-17ee-4c8c-a039-1e9af3666efb,bima_kemdiktisaintek,https://apibima.kemdiktisaintek.go.id/api/v1/ecatalog/perguruantinggi/search?page=139&limit=10,approved,
STIE Pembangunan Tanjungpinang,stie pembangunan tanjungpinang,university,,,a5f2a4e4-730d-4ce7-86cb-4a123f84772c,bima_kemdiktisaintek,https://apibima.kemdiktisaintek.go.id/api/v1/ecatalog/perguruantinggi/search?page=139&limit=10,approved,
Universitas Mochammad Sroedji,universitas mochammad sroedji,university,,,a63559d5-468e-40f9-a2ff-d45d42d91e69,bima_kemdiktisaintek,https://apibima.kemdiktisaintek.go.id/api/v1/ecatalog/perguruantinggi/search?page=139&limit=10,approved,
STIKES Marendeng Majene,stikes marendeng majene,university,,,a7d62144-df7d-4f6c-b0dc-e5d33d1b6d5a,bima_kemdiktisaintek,https://apibima.kemdiktisaintek.go.id/api/v1/ecatalog/perguruantinggi/search?page=139&limit=10,approved,
Universitas Aisyiyah Palembang,universitas aisyiyah palembang,university,,,ac6bb064-54f4-48c8-8608-b1d655f34f70,bima_kemdiktisaintek,https://apibima.kemdiktisaintek.go.id/api/v1/ecatalog/perguruantinggi/search?page=139&limit=10,approved,
Universitas Ibnu Chaldun,universitas ibnu chaldun,university,,,b28ce091-a2a5-4ddf-a158-e05f406d6dcc,bima_kemdiktisaintek,https://apibima.kemdiktisaintek.go.id/api/v1/ecatalog/perguruantinggi/search?page=139&limit=10,approved,
IKIP Widya Darma,ikip widya darma,university,,,b3f0371d-c901-4691-8eaf-f1e6759c921f,bima_kemdiktisaintek,https://apibima.kemdiktisaintek.go.id/api/v1/ecatalog/perguruantinggi/search?page=139&limit=10,approved,
Sekolah Tinggi Ilmu Kesehatan Jayakarta,sekolah tinggi ilmu kesehatan jayakarta,university,,,b8141fc8-e37c-4ed5-836f-4a444c4bc05a,bima_kemdiktisaintek,https://apibima.kemdiktisaintek.go.id/api/v1/ecatalog/perguruantinggi/search?page=140&limit=10,approved,
Sekolah Tinggi Ilmu Manajemen Nitro Makassar,sekolah tinggi ilmu manajemen nitro makassar,university,,,c3b18404-be84-47d0-b446-f7cb38bd563d,bima_kemdiktisaintek,https://apibima.kemdiktisaintek.go.id/api/v1/ecatalog/perguruantinggi/search?page=140&limit=10,approved,
Sekolah Tinggi Ilmu Hukum Graha Kirana,sekolah tinggi ilmu hukum graha kirana,university,,,c7aa2672-56c5-4de0-9460-a9979219c363,bima_kemdiktisaintek,https://apibima.kemdiktisaintek.go.id/api/v1/ecatalog/perguruantinggi/search?page=140&limit=10,approved,
Universitas 45 Surabaya,universitas 45 surabaya,university,,,cb83da30-be75-4688-bfb6-b6e40ee1170e,bima_kemdiktisaintek,https://apibima.kemdiktisaintek.go.id/api/v1/ecatalog/perguruantinggi/search?page=140&limit=10,approved,
Sekolah Tinggi Ilmu Ekonomi Eben Haezer Manado,sekolah tinggi ilmu ekonomi eben haezer manado,university,,,ce6d5119-ef16-402a-a6c1-e26430dab523,bima_kemdiktisaintek,https://apibima.kemdiktisaintek.go.id/api/v1/ecatalog/perguruantinggi/search?page=140&limit=10,approved,
Sekolah Tinggi Maritim Yogyakarta,sekolah tinggi maritim yogyakarta,university,,,dac83b60-c335-4ad5-b743-9ff7935a7c0b,bima_kemdiktisaintek,https://apibima.kemdiktisaintek.go.id/api/v1/ecatalog/perguruantinggi/search?page=140&limit=10,approved,
Universitas Linggabuana PGRI Sukabumi,universitas linggabuana pgri sukabumi,university,,,dafbae81-0e13-4a70-8ca3-15270a1420ca,bima_kemdiktisaintek,https://apibima.kemdiktisaintek.go.id/api/v1/ecatalog/perguruantinggi/search?page=140&limit=10,approved,
Institut Kesenian Jakarta - LPKJ,institut kesenian jakarta - lpkj,university,,,ddba113d-e149-4f74-9fc5-a751aa5580df,bima_kemdiktisaintek,https://apibima.kemdiktisaintek.go.id/api/v1/ecatalog/perguruantinggi/search?page=140&limit=10,approved,
Sekolah Tinggi Ilmu Komunikasi Aws,sekolah tinggi ilmu komunikasi aws,university,,,dfc3b4a9-06db-443a-aa69-669b1d8c4550,bima_kemdiktisaintek,https://apibima.kemdiktisaintek.go.id/api/v1/ecatalog/perguruantinggi/search?page=140&limit=10,approved,
Sekolah Tinggi Ilmu Kesehatan Hakli,sekolah tinggi ilmu kesehatan hakli,university,,,e2c89b52-d670-4354-8146-2d256be325a3,bima_kemdiktisaintek,https://apibima.kemdiktisaintek.go.id/api/v1/ecatalog/perguruantinggi/search?page=140&limit=10,approved,
Sekolah Tinggi Ilmu Kesehatan RS Husada,sekolah tinggi ilmu kesehatan rs husada,university,,,e4667edb-77aa-4c09-b0a6-2bf562271efe,bima_kemdiktisaintek,https://apibima.kemdiktisaintek.go.id/api/v1/ecatalog/perguruantinggi/search?page=141&limit=10,approved,
Sekolah Tinggi Ilmu Kesehatan Gunung Sari,sekolah tinggi ilmu kesehatan gunung sari,university,,,e5410b3c-6a42-401a-9611-672b10d8ea5e,bima_kemdiktisaintek,https://apibima.kemdiktisaintek.go.id/api/v1/ecatalog/perguruantinggi/search?page=141&limit=10,approved,
Sekolah Tinggi Pariwisata Triatma Jaya,sekolah tinggi pariwisata triatma jaya,university,,,e93edd25-c6d8-4487-bf7c-ff15658052eb,bima_kemdiktisaintek,https://apibima.kemdiktisaintek.go.id/api/v1/ecatalog/perguruantinggi/search?page=141&limit=10,approved,
Institut Teknologi dan Bisnis Yadika Pasuruan,institut teknologi dan bisnis yadika pasuruan,university,,,e9ef0fbb-1eec-47f4-b8f1-89906c6aaba2,bima_kemdiktisaintek,https://apibima.kemdiktisaintek.go.id/api/v1/ecatalog/perguruantinggi/search?page=141&limit=10,approved,
STIKES Assyifa Aceh,stikes assyifa aceh,university,,,ea62205d-259b-4107-a483-33c131ebe1d0,bima_kemdiktisaintek,https://apibima.kemdiktisaintek.go.id/api/v1/ecatalog/perguruantinggi/search?page=141&limit=10,approved,
Universitas Satu Nusa Lampung,universitas satu nusa lampung,university,,,f027e2ba-d79c-48f2-baf4-48a6fb0da4ae,bima_kemdiktisaintek,https://apibima.kemdiktisaintek.go.id/api/v1/ecatalog/perguruantinggi/search?page=141&limit=10,approved,
Sekolah Tinggi Ilmu Kesehatan Ibnu Sina Batam,sekolah tinggi ilmu kesehatan ibnu sina batam,university,,,f4f4c5ab-6231-4fbd-834d-7c12738d9dbd,bima_kemdiktisaintek,https://apibima.kemdiktisaintek.go.id/api/v1/ecatalog/perguruantinggi/search?page=141&limit=10,approved,
Sekolah Tinggi Ilmu Kesehatan Kesdam IX/Udayana,sekolah tinggi ilmu kesehatan kesdam ix/udayana,university,,,fa181c1d-e261-419a-8557-71a3eca02dc7,bima_kemdiktisaintek,https://apibima.kemdiktisaintek.go.id/api/v1/ecatalog/perguruantinggi/search?page=141&limit=10,approved,
STKIP Muhammadiyah Bone,stkip muhammadiyah bone,university,,,017b35c8-66ec-4a25-8d01-4935528878cc,bima_kemdiktisaintek,https://apibima.kemdiktisaintek.go.id/api/v1/ecatalog/perguruantinggi/search?page=141&limit=10,approved,
Institut Teknologi dan Bisnis Indonesia,institut teknologi dan bisnis indonesia,university,,,05ea1941-fa39-4d49-a996-60a291d9ad85,bima_kemdiktisaintek,https://apibima.kemdiktisaintek.go.id/api/v1/ecatalog/perguruantinggi/search?page=141&limit=10,approved,
Sekolah Tinggi Manajemen Informatika dan Komputer Gici,sekolah tinggi manajemen informatika dan komputer gici,university,,,088c8290-cc05-4c78-ab00-fa21c08fc187,bima_kemdiktisaintek,https://apibima.kemdiktisaintek.go.id/api/v1/ecatalog/perguruantinggi/search?page=142&limit=10,approved,
Sekolah Tinggi Sains Dwi Farma Bukittinggi,sekolah tinggi sains dwi farma bukittinggi,university,,,09c003d5-d8d8-4c7d-94a3-91e9ab1c30a2,bima_kemdiktisaintek,https://apibima.kemdiktisaintek.go.id/api/v1/ecatalog/perguruantinggi/search?page=142&limit=10,approved,
Universitas Cendekia Mitra Indonesia,universitas cendekia mitra indonesia,university,,,0b4a44ab-9aef-43ed-a913-6e09a52c7d90,bima_kemdiktisaintek,https://apibima.kemdiktisaintek.go.id/api/v1/ecatalog/perguruantinggi/search?page=142&limit=10,approved,
Institut Bisnis dan Komputer Indonesia,institut bisnis dan komputer indonesia,university,,,121658b0-64f8-48b7-9aae-721364555ba3,bima_kemdiktisaintek,https://apibima.kemdiktisaintek.go.id/api/v1/ecatalog/perguruantinggi/search?page=142&limit=10,approved,
Sekolah Tinggi Desain Bali,sekolah tinggi desain bali,university,,,1870ec92-501a-4689-b2fc-7bc2f59049fa,bima_kemdiktisaintek,https://apibima.kemdiktisaintek.go.id/api/v1/ecatalog/perguruantinggi/search?page=142&limit=10,approved,
Institut Teknologi Muhammadiyah Sumatera,institut teknologi muhammadiyah sumatera,university,,,1a6fe831-d25b-449a-ae22-c9f76fe1093c,bima_kemdiktisaintek,https://apibima.kemdiktisaintek.go.id/api/v1/ecatalog/perguruantinggi/search?page=142&limit=10,approved,
STKIP Darud Da wah Wal Irsyad Pinrang,stkip darud da wah wal irsyad pinrang,university,,,1af98936-acf6-4e76-9509-54d7a53c2647,bima_kemdiktisaintek,https://apibima.kemdiktisaintek.go.id/api/v1/ecatalog/perguruantinggi/search?page=142&limit=10,approved,
Universitas Tiga Serangkai,universitas tiga serangkai,university,,,1cadfc82-17a6-4463-ba91-5e2e8a85a2f0,bima_kemdiktisaintek,https://apibima.kemdiktisaintek.go.id/api/v1/ecatalog/perguruantinggi/search?page=142&limit=10,approved,
STIKES Yogyakarta,stikes yogyakarta,university,,,1e46e16f-963c-49fb-b4c5-b2235a4118ae,bima_kemdiktisaintek,https://apibima.kemdiktisaintek.go.id/api/v1/ecatalog/perguruantinggi/search?page=142&limit=10,approved,
STIE Muhammadiyah Pekalongan,stie muhammadiyah pekalongan,university,,,248d5361-22ca-4974-a1e9-8ca358a9384c,bima_kemdiktisaintek,https://apibima.kemdiktisaintek.go.id/api/v1/ecatalog/perguruantinggi/search?page=142&limit=10,approved,
STMIK Mardira Indonesia,stmik mardira indonesia,university,,,261b349a-2c42-4b4e-b9e2-2b969b3a6c2f,bima_kemdiktisaintek,https://apibima.kemdiktisaintek.go.id/api/v1/ecatalog/perguruantinggi/search?page=143&limit=10,approved,
Sekolah Tinggi Keguruan dan Ilmu Pendidikan Invada Cirebon,sekolah tinggi keguruan dan ilmu pendidikan invada cirebon,university,,,267ce79e-6dbf-4243-8623-6ea5fae469bf,bima_kemdiktisaintek,https://apibima.kemdiktisaintek.go.id/api/v1/ecatalog/perguruantinggi/search?page=143&limit=10,approved,
Sekolah Tinggi Pariwisata Soromandi Bima,sekolah tinggi pariwisata soromandi bima,university,,,2954a0fb-155b-47ef-aae7-5a5316b85fe4,bima_kemdiktisaintek,https://apibima.kemdiktisaintek.go.id/api/v1/ecatalog/perguruantinggi/search?page=143&limit=10,approved,
STIKES Dharma Landbouw,stikes dharma landbouw,university,,,2b2f4305-071a-4d7b-8c5e-da950d46659f,bima_kemdiktisaintek,https://apibima.kemdiktisaintek.go.id/api/v1/ecatalog/perguruantinggi/search?page=143&limit=10,approved,
Universitas Sragen,universitas sragen,university,,,2b6bd294-3447-42c8-8998-fc14cec1aa3a,bima_kemdiktisaintek,https://apibima.kemdiktisaintek.go.id/api/v1/ecatalog/perguruantinggi/search?page=143&limit=10,approved,
Sekolah Tinggi Analis Bakti Asih,sekolah tinggi analis bakti asih,university,,,34a43880-0958-4cd6-9dc4-2a27412e0b1f,bima_kemdiktisaintek,https://apibima.kemdiktisaintek.go.id/api/v1/ecatalog/perguruantinggi/search?page=143&limit=10,approved,
Sekolah Tinggi Manajemen Informatika Dan Komputer Amika Soppeng,sekolah tinggi manajemen informatika dan komputer amika soppeng,university,,,34fad851-bfc9-40eb-9a79-4e71fffa63f2,bima_kemdiktisaintek,https://apibima.kemdiktisaintek.go.id/api/v1/ecatalog/perguruantinggi/search?page=143&limit=10,approved,
Sekolah Tinggi Ilmu Ekonomi AMM,sekolah tinggi ilmu ekonomi amm,university,,,39c61ae6-129e-47b3-a921-54904c48b813,bima_kemdiktisaintek,https://apibima.kemdiktisaintek.go.id/api/v1/ecatalog/perguruantinggi/search?page=143&limit=10,approved,
Universitas Indonesia Mandiri,universitas indonesia mandiri,university,,,3a2d7332-9bc0-400e-9bb5-93ec65435191,bima_kemdiktisaintek,https://apibima.kemdiktisaintek.go.id/api/v1/ecatalog/perguruantinggi/search?page=143&limit=10,approved,
STKIP Purwakarta,stkip purwakarta,university,,,3fc6f1de-7f38-4f5b-a4d6-53e8f939782f,bima_kemdiktisaintek,https://apibima.kemdiktisaintek.go.id/api/v1/ecatalog/perguruantinggi/search?page=143&limit=10,approved,
Universitas Borobudur,universitas borobudur,university,,,40f3e914-bb13-4640-bb16-11474e3fb7ca,bima_kemdiktisaintek,https://apibima.kemdiktisaintek.go.id/api/v1/ecatalog/perguruantinggi/search?page=144&limit=10,approved,
STIKES Bakti Nusantara Gorontalo,stikes bakti nusantara gorontalo,university,,,449c0c1e-88dc-4af0-a160-52653deeaccd,bima_kemdiktisaintek,https://apibima.kemdiktisaintek.go.id/api/v1/ecatalog/perguruantinggi/search?page=144&limit=10,approved,
Institut Teknologi Kesehatan Malang Widya Cipta Husada,institut teknologi kesehatan malang widya cipta husada,university,,,452c013f-550f-46d3-9cff-01a28c7a0dab,bima_kemdiktisaintek,https://apibima.kemdiktisaintek.go.id/api/v1/ecatalog/perguruantinggi/search?page=144&limit=10,approved,
STMIK Sinar Nusantara,stmik sinar nusantara,university,,,498099b2-b529-4f90-b8de-6d3d6f4afe3d,bima_kemdiktisaintek,https://apibima.kemdiktisaintek.go.id/api/v1/ecatalog/perguruantinggi/search?page=144&limit=10,approved,
Universitas Kebangsaan,universitas kebangsaan,university,,,4bf643fa-de66-4191-aab1-0b6f5939cd1f,bima_kemdiktisaintek,https://apibima.kemdiktisaintek.go.id/api/v1/ecatalog/perguruantinggi/search?page=144&limit=10,approved,
Institut Teknologi dan Sains Nahdlatul Ulama Kalimantan,institut teknologi dan sains nahdlatul ulama kalimantan,university,,,518f8376-bcf0-4bf2-b19d-13b3079f87dd,bima_kemdiktisaintek,https://apibima.kemdiktisaintek.go.id/api/v1/ecatalog/perguruantinggi/search?page=144&limit=10,approved,
Universitas Baiturrahim,universitas baiturrahim,university,,,53f6147f-928a-4996-ae5c-3af5f05b6565,bima_kemdiktisaintek,https://apibima.kemdiktisaintek.go.id/api/v1/ecatalog/perguruantinggi/search?page=144&limit=10,approved,
STKIP Asy-Syafi iyah Internasional Medan,stkip asy-syafi iyah internasional medan,university,,,59602c86-3f6f-492d-b154-1add583bfa4a,bima_kemdiktisaintek,https://apibima.kemdiktisaintek.go.id/api/v1/ecatalog/perguruantinggi/search?page=144&limit=10,approved,
Sekolah Tinggi Informatika Komputer Artha Buana,sekolah tinggi informatika komputer artha buana,university,,,6ad55f50-2553-4d59-a915-31ee58023e83,bima_kemdiktisaintek,https://apibima.kemdiktisaintek.go.id/api/v1/ecatalog/perguruantinggi/search?page=144&limit=10,approved,
Sekolah Tinggi Ilmu Pertanian Wuna Raha,sekolah tinggi ilmu pertanian wuna raha,university,,,6ff8d7c6-04a1-43bc-a717-c955bb6f19b8,bima_kemdiktisaintek,https://apibima.kemdiktisaintek.go.id/api/v1/ecatalog/perguruantinggi/search?page=144&limit=10,approved,
STKIP PGRI Bangkalan,stkip pgri bangkalan,university,,,711fbcf8-6e49-4af0-a056-f1cec095cc5f,bima_kemdiktisaintek,https://apibima.kemdiktisaintek.go.id/api/v1/ecatalog/perguruantinggi/search?page=145&limit=10,approved,
Institut Pariwisata Trisakti,institut pariwisata trisakti,university,,,75b0caa0-06b9-45cf-a28e-9d787d15fc3d,bima_kemdiktisaintek,https://apibima.kemdiktisaintek.go.id/api/v1/ecatalog/perguruantinggi/search?page=145&limit=10,approved,
Universitas Persatuan Islam,universitas persatuan islam,university,,,760157e3-4435-4c10-ac39-2d0c6ffe9648,bima_kemdiktisaintek,https://apibima.kemdiktisaintek.go.id/api/v1/ecatalog/perguruantinggi/search?page=145&limit=10,approved,
Sekolah Tinggi Ilmu Kesehatan Santo Borromeus,sekolah tinggi ilmu kesehatan santo borromeus,university,,,77692cd7-b871-4783-8392-e4865c71f5a4,bima_kemdiktisaintek,https://apibima.kemdiktisaintek.go.id/api/v1/ecatalog/perguruantinggi/search?page=145&limit=10,approved,
STIKES Kapuas Raya,stikes kapuas raya,university,,,7849f6c5-3195-4be0-b335-ba1cca627866,bima_kemdiktisaintek,https://apibima.kemdiktisaintek.go.id/api/v1/ecatalog/perguruantinggi/search?page=145&limit=10,approved,
Universitas Dharma Wacana,universitas dharma wacana,university,,,78cd140b-af61-4a2d-899c-a49f6b50d757,bima_kemdiktisaintek,https://apibima.kemdiktisaintek.go.id/api/v1/ecatalog/perguruantinggi/search?page=145&limit=10,approved,
Sekolah Tinggi Pariwisata Sahid,sekolah tinggi pariwisata sahid,university,,,7a127b0d-ae67-4d66-b041-7fe27c5e44c9,bima_kemdiktisaintek,https://apibima.kemdiktisaintek.go.id/api/v1/ecatalog/perguruantinggi/search?page=145&limit=10,approved,
Sekolah Tinggi Ilmu Pertanian Dharma Wacana,sekolah tinggi ilmu pertanian dharma wacana,university,,,7ad603db-95fb-4650-9204-bf0b66125805,bima_kemdiktisaintek,https://apibima.kemdiktisaintek.go.id/api/v1/ecatalog/perguruantinggi/search?page=145&limit=10,approved,
Sekolah Tinggi Ilmu Kesehatan Sentral,sekolah tinggi ilmu kesehatan sentral,university,,,80416068-aa47-42f2-9b2d-26fca15e7c62,bima_kemdiktisaintek,https://apibima.kemdiktisaintek.go.id/api/v1/ecatalog/perguruantinggi/search?page=145&limit=10,approved,
Sekolah Tinggi Ilmu Ekonomi PGRI Dewantara,sekolah tinggi ilmu ekonomi pgri dewantara,university,,,83f95d06-c595-46df-9adb-e8f19ff948ac,bima_kemdiktisaintek,https://apibima.kemdiktisaintek.go.id/api/v1/ecatalog/perguruantinggi/search?page=145&limit=10,approved,
Sekolah Tinggi Ilmu Bahasa Asing Invada,sekolah tinggi ilmu bahasa asing invada,university,,,8960494b-41b6-4ec0-bd94-bb3eca97cc95,bima_kemdiktisaintek,https://apibima.kemdiktisaintek.go.id/api/v1/ecatalog/perguruantinggi/search?page=146&limit=10,approved,
Universitas Sumatera Barat,universitas sumatera barat,university,,,8b05f38c-09c1-452c-a917-f93aae7e6628,bima_kemdiktisaintek,https://apibima.kemdiktisaintek.go.id/api/v1/ecatalog/perguruantinggi/search?page=146&limit=10,approved,
STKIP Muhammadiyah Sampit,stkip muhammadiyah sampit,university,,,8c7fbf1f-8fed-4703-b99c-94d53a141194,bima_kemdiktisaintek,https://apibima.kemdiktisaintek.go.id/api/v1/ecatalog/perguruantinggi/search?page=146&limit=10,approved,
Sekolah Tinggi Ilmu Ekonomi Muhammadiyah Cilacap,sekolah tinggi ilmu ekonomi muhammadiyah cilacap,university,,,903f3274-bd8b-4c4e-8711-d57665cc37cc,bima_kemdiktisaintek,https://apibima.kemdiktisaintek.go.id/api/v1/ecatalog/perguruantinggi/search?page=146&limit=10,approved,
Institut Teknologi Bisnis dan Administrasi Al Gazali Barru,institut teknologi bisnis dan administrasi al gazali barru,university,,,91e3ae88-c20c-4747-a950-d7f7c90c623c,bima_kemdiktisaintek,https://apibima.kemdiktisaintek.go.id/api/v1/ecatalog/perguruantinggi/search?page=146&limit=10,approved,
Sekolah Tinggi Ilmu Ekonomi Maiji,sekolah tinggi ilmu ekonomi maiji,university,,,9353295e-55d2-4c0c-8ea8-857672377333,bima_kemdiktisaintek,https://apibima.kemdiktisaintek.go.id/api/v1/ecatalog/perguruantinggi/search?page=146&limit=10,approved,
STMIK Bina Sarana Global,stmik bina sarana global,university,,,9750de97-0b51-4e2d-a415-bfc5e6a8437b,bima_kemdiktisaintek,https://apibima.kemdiktisaintek.go.id/api/v1/ecatalog/perguruantinggi/search?page=146&limit=10,approved,
Sekolah Tinggi Ilmu Kesehatan Wira Husada,sekolah tinggi ilmu kesehatan wira husada,university,,,9a9cc7e2-366f-449d-b6b6-e03f42486d76,bima_kemdiktisaintek,https://apibima.kemdiktisaintek.go.id/api/v1/ecatalog/perguruantinggi/search?page=146&limit=10,approved,
Institut Desain dan Bisnis Bali,institut desain dan bisnis bali,university,,,9f2b3926-abc8-43a9-bc28-f4d3140e9d70,bima_kemdiktisaintek,https://apibima.kemdiktisaintek.go.id/api/v1/ecatalog/perguruantinggi/search?page=146&limit=10,approved,
Sekolah Tinggi Bahasa Asing Yapari,sekolah tinggi bahasa asing yapari,university,,,a3b20e58-478e-4e75-b159-cfe47756de3f,bima_kemdiktisaintek,https://apibima.kemdiktisaintek.go.id/api/v1/ecatalog/perguruantinggi/search?page=146&limit=10,approved,
Sekolah Tinggi Teknik Iskandar Thani,sekolah tinggi teknik iskandar thani,university,,,a5a290b5-9fe2-43b1-97b6-d60dd3754cee,bima_kemdiktisaintek,https://apibima.kemdiktisaintek.go.id/api/v1/ecatalog/perguruantinggi/search?page=147&limit=10,approved,
STKIP Muhammadiyah Aceh Barat Daya,stkip muhammadiyah aceh barat daya,university,,,aa1fc121-0adb-41d9-a0b2-ba612ce1bb30,bima_kemdiktisaintek,https://apibima.kemdiktisaintek.go.id/api/v1/ecatalog/perguruantinggi/search?page=147&limit=10,approved,
Institut Bisnis dan Ekonomi Indonesia,institut bisnis dan ekonomi indonesia,university,,,b3ade4e1-a11f-40c3-90d6-0a67a4604cd4,bima_kemdiktisaintek,https://apibima.kemdiktisaintek.go.id/api/v1/ecatalog/perguruantinggi/search?page=147&limit=10,approved,
Sekolah Tinggi Ilmu Ekonomi Pelita Bangsa,sekolah tinggi ilmu ekonomi pelita bangsa,university,,,b7a49f2a-7099-4c5e-ae1a-8a4d8fe2a79e,bima_kemdiktisaintek,https://apibima.kemdiktisaintek.go.id/api/v1/ecatalog/perguruantinggi/search?page=147&limit=10,approved,
Sekolah Tinggi Teknologi Adisutjipto,sekolah tinggi teknologi adisutjipto,university,,,b830a600-76ff-4cbc-8b10-ab7715446897,bima_kemdiktisaintek,https://apibima.kemdiktisaintek.go.id/api/v1/ecatalog/perguruantinggi/search?page=147&limit=10,approved,
Universitas Tabanan,universitas tabanan,university,,,bdc164e0-56e1-4885-a882-f20dc47bb0f5,bima_kemdiktisaintek,https://apibima.kemdiktisaintek.go.id/api/v1/ecatalog/perguruantinggi/search?page=147&limit=10,approved,
Sekolah Tinggi Ilmu Ekonomi Boedi Oetomo,sekolah tinggi ilmu ekonomi boedi oetomo,university,,,bde17fbc-c40c-4f94-8a22-f180e0e4f08b,bima_kemdiktisaintek,https://apibima.kemdiktisaintek.go.id/api/v1/ecatalog/perguruantinggi/search?page=147&limit=10,approved,
Universitas PGRI Delta,universitas pgri delta,university,,,c2fac9a7-7a2a-476b-90e8-b664c8e4ef62,bima_kemdiktisaintek,https://apibima.kemdiktisaintek.go.id/api/v1/ecatalog/perguruantinggi/search?page=147&limit=10,approved,
Sekolah Tinggi Ilmu Ekonomi Muhammadiyah Jambi,sekolah tinggi ilmu ekonomi muhammadiyah jambi,university,,,c5da4256-c612-4927-bbfe-dfe9d9851fd3,bima_kemdiktisaintek,https://apibima.kemdiktisaintek.go.id/api/v1/ecatalog/perguruantinggi/search?page=147&limit=10,approved,
STIKES Santu Paulus Ruteng,stikes santu paulus ruteng,university,,,c83fe91b-4d54-4b70-965e-c8f6905f3019,bima_kemdiktisaintek,https://apibima.kemdiktisaintek.go.id/api/v1/ecatalog/perguruantinggi/search?page=147&limit=10,approved,
Sekolah Tinggi Ilmu Kesehatan Malahayati Medan,sekolah tinggi ilmu kesehatan malahayati medan,university,,,c97f156f-a302-41fb-b34c-6d8dba10428c,bima_kemdiktisaintek,https://apibima.kemdiktisaintek.go.id/api/v1/ecatalog/perguruantinggi/search?page=148&limit=10,approved,
STMIK Eresha,stmik eresha,university,,,cc382ff8-0342-4549-bcb7-c478ff10a5c1,bima_kemdiktisaintek,https://apibima.kemdiktisaintek.go.id/api/v1/ecatalog/perguruantinggi/search?page=148&limit=10,approved,
STMIK PPKIA Tarakanita Rahmawati Tarakan,stmik ppkia tarakanita rahmawati tarakan,university,,,da820707-0e32-4ef7-8186-7dfb9e9b3a4a,bima_kemdiktisaintek,https://apibima.kemdiktisaintek.go.id/api/v1/ecatalog/perguruantinggi/search?page=148&limit=10,approved,
Sekolah Tinggi Pariwisata Ars Internasional,sekolah tinggi pariwisata ars internasional,university,,,dd4b1b6d-bb36-437d-b9bd-466ec24c83f5,bima_kemdiktisaintek,https://apibima.kemdiktisaintek.go.id/api/v1/ecatalog/perguruantinggi/search?page=148&limit=10,approved,
Universitas Mandiri,universitas mandiri,university,,,e56e768b-531a-46cf-a4b1-9bfa1191f0fd,bima_kemdiktisaintek,https://apibima.kemdiktisaintek.go.id/api/v1/ecatalog/perguruantinggi/search?page=148&limit=10,approved,
STIKES Mitra Bunda Persada,stikes mitra bunda persada,university,,,e617f302-866f-4030-830e-c07445916738,bima_kemdiktisaintek,https://apibima.kemdiktisaintek.go.id/api/v1/ecatalog/perguruantinggi/search?page=148&limit=10,approved,
Institut Digital Ekonomi LPKIA,institut digital ekonomi lpkia,university,,,e68e25d2-d63b-4158-9a4d-c736b749e745,bima_kemdiktisaintek,https://apibima.kemdiktisaintek.go.id/api/v1/ecatalog/perguruantinggi/search?page=148&limit=10,approved,
STIKES Adi Husada,stikes adi husada,university,,,e86cb104-bde1-46c7-8649-2e5bb21b66d8,bima_kemdiktisaintek,https://apibima.kemdiktisaintek.go.id/api/v1/ecatalog/perguruantinggi/search?page=148&limit=10,approved,
STKIP Muhammadiyah Pringsewu,stkip muhammadiyah pringsewu,university,,,ebed1722-7cc4-4a6c-9a8a-f551353e4286,bima_kemdiktisaintek,https://apibima.kemdiktisaintek.go.id/api/v1/ecatalog/perguruantinggi/search?page=148&limit=10,approved,
STIA Bala Putra Dewa,stia bala putra dewa,university,,,f1981281-6b08-4fbd-be13-004770421979,bima_kemdiktisaintek,https://apibima.kemdiktisaintek.go.id/api/v1/ecatalog/perguruantinggi/search?page=148&limit=10,approved,
Sekolah Tinggi Ilmu Farmasi Bhakti Pertiwi,sekolah tinggi ilmu farmasi bhakti pertiwi,university,,,f4045e8a-af15-481b-af06-d42fac63b94e,bima_kemdiktisaintek,https://apibima.kemdiktisaintek.go.id/api/v1/ecatalog/perguruantinggi/search?page=149&limit=10,approved,
STKIP Kristen Wamena,stkip kristen wamena,university,,,f7400fbc-f68d-41d5-8aa8-122453aa8e32,bima_kemdiktisaintek,https://apibima.kemdiktisaintek.go.id/api/v1/ecatalog/perguruantinggi/search?page=149&limit=10,approved,
Universitas Sintuwu Maroso Poso,universitas sintuwu maroso poso,university,,,f76c323c-6f4c-4560-9b5c-27f14b531754,bima_kemdiktisaintek,https://apibima.kemdiktisaintek.go.id/api/v1/ecatalog/perguruantinggi/search?page=149&limit=10,approved,
Institut Teknologi Bisnis dan Kesehatan Muhammadiyah Tulungagung,institut teknologi bisnis dan kesehatan muhammadiyah tulungagung,university,,,f7d11cc4-2ad9-461f-a8f5-d057e2cd6fd8,bima_kemdiktisaintek,https://apibima.kemdiktisaintek.go.id/api/v1/ecatalog/perguruantinggi/search?page=149&limit=10,approved,
Universitas Multi Data Palembang,universitas multi data palembang,university,,,f9a4c143-978d-4fd6-a896-0290411e9e4d,bima_kemdiktisaintek,https://apibima.kemdiktisaintek.go.id/api/v1/ecatalog/perguruantinggi/search?page=149&limit=10,approved,
STIMIK Sepuluh Nopember Jayapura,stimik sepuluh nopember jayapura,university,,,feec6a62-a4b0-4ce1-b1df-70714b3d03e3,bima_kemdiktisaintek,https://apibima.kemdiktisaintek.go.id/api/v1/ecatalog/perguruantinggi/search?page=149&limit=10,approved,
Sekolah Tinggi Teknik Multimedia Cendikia Abditama,sekolah tinggi teknik multimedia cendikia abditama,university,,,08f7f2ef-3097-4e8e-bb5b-253f53b6fe21,bima_kemdiktisaintek,https://apibima.kemdiktisaintek.go.id/api/v1/ecatalog/perguruantinggi/search?page=149&limit=10,approved,
STKIP YPM Bangko,stkip ypm bangko,university,,,0b877869-80ba-4cd6-b8b6-2d8491c9b17d,bima_kemdiktisaintek,https://apibima.kemdiktisaintek.go.id/api/v1/ecatalog/perguruantinggi/search?page=149&limit=10,approved,
Sekolah Tinggi Ilmu Kesehatan RS Haji Medan,sekolah tinggi ilmu kesehatan rs haji medan,university,,,0cc7e731-bda9-4b67-b28c-eec494747545,bima_kemdiktisaintek,https://apibima.kemdiktisaintek.go.id/api/v1/ecatalog/perguruantinggi/search?page=149&limit=10,approved,
STMIK Yadika Bangil,stmik yadika bangil,university,,,0dad9719-786f-4ba0-85b6-7154e8a08446,bima_kemdiktisaintek,https://apibima.kemdiktisaintek.go.id/api/v1/ecatalog/perguruantinggi/search?page=149&limit=10,approved,
Universitas Bio Scientia Internasional Indonesia,universitas bio scientia internasional indonesia,university,,,10120704-766e-4e68-bb82-e605c652720b,bima_kemdiktisaintek,https://apibima.kemdiktisaintek.go.id/api/v1/ecatalog/perguruantinggi/search?page=150&limit=10,approved,
Universitas Kristen Papua,universitas kristen papua,university,,,215241c3-9f71-462d-8334-892d90ff6cc4,bima_kemdiktisaintek,https://apibima.kemdiktisaintek.go.id/api/v1/ecatalog/perguruantinggi/search?page=150&limit=10,approved,
Sekolah Tinggi Ilmu Ekonomi Sebelas April,sekolah tinggi ilmu ekonomi sebelas april,university,,,25cd52b9-eb15-40cf-818d-4074e3f3f7e9,bima_kemdiktisaintek,https://apibima.kemdiktisaintek.go.id/api/v1/ecatalog/perguruantinggi/search?page=150&limit=10,approved,
Sekolah Tinggi Teknologi Nasional,sekolah tinggi teknologi nasional,university,,,27554aed-c332-4879-8894-19ce6616826d,bima_kemdiktisaintek,https://apibima.kemdiktisaintek.go.id/api/v1/ecatalog/perguruantinggi/search?page=150&limit=10,approved,
STMIK Adhi Guna,stmik adhi guna,university,,,2910eb08-376d-4ccf-8be9-4f3a0c385b34,bima_kemdiktisaintek,https://apibima.kemdiktisaintek.go.id/api/v1/ecatalog/perguruantinggi/search?page=150&limit=10,approved,
Sekolah Tinggi Ilmu Kesehatan Majapahit,sekolah tinggi ilmu kesehatan majapahit,university,,,293e7104-dd7a-4f6c-b649-87e6e631a574,bima_kemdiktisaintek,https://apibima.kemdiktisaintek.go.id/api/v1/ecatalog/perguruantinggi/search?page=150&limit=10,approved,
Sekolah Tinggi Pariwisata Ampta Yogyakarta,sekolah tinggi pariwisata ampta yogyakarta,university,,,29b4b133-a132-4d71-a802-17027d917f0a,bima_kemdiktisaintek,https://apibima.kemdiktisaintek.go.id/api/v1/ecatalog/perguruantinggi/search?page=150&limit=10,approved,
Universitas Wahidiyah,universitas wahidiyah,university,,,2f50afde-83f4-4aa4-ae12-e9ce79ac825b,bima_kemdiktisaintek,https://apibima.kemdiktisaintek.go.id/api/v1/ecatalog/perguruantinggi/search?page=150&limit=10,approved,
Universitas Sipatokkong Mambo,universitas sipatokkong mambo,university,,,316467b8-eded-4d7f-8699-29c359307ee2,bima_kemdiktisaintek,https://apibima.kemdiktisaintek.go.id/api/v1/ecatalog/perguruantinggi/search?page=150&limit=10,approved,
Sekolah Tinggi Ilmu Kesehatan Jabal Ghafur,sekolah tinggi ilmu kesehatan jabal ghafur,university,,,31fbaf8f-c377-4a46-a1bd-4b2eccae0737,bima_kemdiktisaintek,https://apibima.kemdiktisaintek.go.id/api/v1/ecatalog/perguruantinggi/search?page=150&limit=10,approved,
Institut Teknologi dan Bisnis Stikom Ambon,institut teknologi dan bisnis stikom ambon,university,,,37839b5c-24d6-4cf6-a6de-25c3270f9af6,bima_kemdiktisaintek,https://apibima.kemdiktisaintek.go.id/api/v1/ecatalog/perguruantinggi/search?page=151&limit=10,approved,
Institut Teknologi dan Bisnis Riau Pesisir,institut teknologi dan bisnis riau pesisir,university,,,3a3e8a24-ab36-4ba8-a380-63ee93ce6250,bima_kemdiktisaintek,https://apibima.kemdiktisaintek.go.id/api/v1/ecatalog/perguruantinggi/search?page=151&limit=10,approved,
Universitas Sulbar Manarang,universitas sulbar manarang,university,,,3ae2b17d-54c5-47cf-932d-3e7c9bd53fb9,bima_kemdiktisaintek,https://apibima.kemdiktisaintek.go.id/api/v1/ecatalog/perguruantinggi/search?page=151&limit=10,approved,
Universitas Famika,universitas famika,university,,,3b15da62-bfe2-4fae-b4f8-9cc6c0a6b355,bima_kemdiktisaintek,https://apibima.kemdiktisaintek.go.id/api/v1/ecatalog/perguruantinggi/search?page=151&limit=10,approved,
Universitas Simalungun,universitas simalungun,university,,,3c80c1c1-01e8-4e14-83bc-8e77636e8709,bima_kemdiktisaintek,https://apibima.kemdiktisaintek.go.id/api/v1/ecatalog/perguruantinggi/search?page=151&limit=10,approved,
STIKES Gema Insan Akademik,stikes gema insan akademik,university,,,3d0f3361-4be0-4b3f-82e7-ce38fb6bade6,bima_kemdiktisaintek,https://apibima.kemdiktisaintek.go.id/api/v1/ecatalog/perguruantinggi/search?page=151&limit=10,approved,
Sekolah Tinggi Manajemen Ipmi,sekolah tinggi manajemen ipmi,university,,,3e19cf84-8910-4f4b-8557-0f2182e50daa,bima_kemdiktisaintek,https://apibima.kemdiktisaintek.go.id/api/v1/ecatalog/perguruantinggi/search?page=151&limit=10,approved,
STMIK Sumedang,stmik sumedang,university,,,3e8cd8a5-5636-4dba-978e-e5fa03f639b6,bima_kemdiktisaintek,https://apibima.kemdiktisaintek.go.id/api/v1/ecatalog/perguruantinggi/search?page=151&limit=10,approved,
Institut Teknologi dan Bisnis Muhammadiyah Wakatobi,institut teknologi dan bisnis muhammadiyah wakatobi,university,,,3eecc6ff-1f76-4182-8ebf-c00c88d6fa4a,bima_kemdiktisaintek,https://apibima.kemdiktisaintek.go.id/api/v1/ecatalog/perguruantinggi/search?page=151&limit=10,approved,
STKIP Citra Bina Nusantara,stkip citra bina nusantara,university,,,4011fe77-870f-43b4-9685-06e1259bcc38,bima_kemdiktisaintek,https://apibima.kemdiktisaintek.go.id/api/v1/ecatalog/perguruantinggi/search?page=151&limit=10,approved,
Sekolah Tinggi Ilmu Ekonomi Tricom,sekolah tinggi ilmu ekonomi tricom,university,,,41bdb13f-ae4d-45bc-8ce9-b722a8accb71,bima_kemdiktisaintek,https://apibima.kemdiktisaintek.go.id/api/v1/ecatalog/perguruantinggi/search?page=152&limit=10,approved,
STIH Putri Maharaja,stih putri maharaja,university,,,453de7fd-3586-494b-b026-b6fee6198c0f,bima_kemdiktisaintek,https://apibima.kemdiktisaintek.go.id/api/v1/ecatalog/perguruantinggi/search?page=152&limit=10,approved,
STKIP Nasional,stkip nasional,university,,,47a1e8d7-b1d8-408a-9a87-9b66e8e17170,bima_kemdiktisaintek,https://apibima.kemdiktisaintek.go.id/api/v1/ecatalog/perguruantinggi/search?page=152&limit=10,approved,
Sekolah Tinggi Ilmu Hukum Biak-Papua,sekolah tinggi ilmu hukum biak-papua,university,,,48764c2f-e8b9-4b57-83bc-a0ea2491418d,bima_kemdiktisaintek,https://apibima.kemdiktisaintek.go.id/api/v1/ecatalog/perguruantinggi/search?page=152&limit=10,approved,
STIKES Insan Cendekia Medika Jombang,stikes insan cendekia medika jombang,university,,,48a2c000-edf9-4f1b-a733-dceed963f410,bima_kemdiktisaintek,https://apibima.kemdiktisaintek.go.id/api/v1/ecatalog/perguruantinggi/search?page=152&limit=10,approved,
IKIP PGRI Wates,ikip pgri wates,university,,,4a51b517-b2bb-4cce-9d6f-9686222b0334,bima_kemdiktisaintek,https://apibima.kemdiktisaintek.go.id/api/v1/ecatalog/perguruantinggi/search?page=152&limit=10,approved,
Universitas Sunan Bonang,universitas sunan bonang,university,,,4be52589-0a9a-47bd-9ae9-5941e2cc6231,bima_kemdiktisaintek,https://apibima.kemdiktisaintek.go.id/api/v1/ecatalog/perguruantinggi/search?page=152&limit=10,approved,
Sekolah Tinggi Manajemen Asuransi Trisakti,sekolah tinggi manajemen asuransi trisakti,university,,,4d2d5d2c-fc31-4f69-b6d3-643ef295d5df,bima_kemdiktisaintek,https://apibima.kemdiktisaintek.go.id/api/v1/ecatalog/perguruantinggi/search?page=152&limit=10,approved,
STFT Gki Izaak Samuel Kijne Jayapura,stft gki izaak samuel kijne jayapura,university,,,4dfde5be-0581-463d-aaf3-e14653b5250c,bima_kemdiktisaintek,https://apibima.kemdiktisaintek.go.id/api/v1/ecatalog/perguruantinggi/search?page=152&limit=10,approved,
Universitas Mangku Wiyata,universitas mangku wiyata,university,,,4fe5beda-96e8-4ee2-a340-a142c5f824f2,bima_kemdiktisaintek,https://apibima.kemdiktisaintek.go.id/api/v1/ecatalog/perguruantinggi/search?page=152&limit=10,approved,
Sekolah Tinggi Ilmu Kesehatan Sehat Medan,sekolah tinggi ilmu kesehatan sehat medan,university,,,54658bb4-7302-49f3-b4bc-0f46b9c28b26,bima_kemdiktisaintek,https://apibima.kemdiktisaintek.go.id/api/v1/ecatalog/perguruantinggi/search?page=153&limit=10,approved,
Universitas Sains Islam Al Mawaddah Warrahmah Kolaka,universitas sains islam al mawaddah warrahmah kolaka,university,,,58e7d405-aa8d-4890-afde-9e71d04c0e8a,bima_kemdiktisaintek,https://apibima.kemdiktisaintek.go.id/api/v1/ecatalog/perguruantinggi/search?page=153&limit=10,approved,
STIE Professional Manajemen College Indonesia,stie professional manajemen college indonesia,university,,,597a346d-98ba-4f7b-983e-79f5caf0b808,bima_kemdiktisaintek,https://apibima.kemdiktisaintek.go.id/api/v1/ecatalog/perguruantinggi/search?page=153&limit=10,approved,
STIKES Ranah Minang,stikes ranah minang,university,,,59c41f4b-ff10-4296-aeb1-3d62639e6dac,bima_kemdiktisaintek,https://apibima.kemdiktisaintek.go.id/api/v1/ecatalog/perguruantinggi/search?page=153&limit=10,approved,
Sekolah Tinggi Ilmu Kesehatan Harapan Bangsa,sekolah tinggi ilmu kesehatan harapan bangsa,university,,,5e32f8d9-87df-4cc6-930e-d547449bbd7f,bima_kemdiktisaintek,https://apibima.kemdiktisaintek.go.id/api/v1/ecatalog/perguruantinggi/search?page=153&limit=10,approved,
STMIK MBC Palembang,stmik mbc palembang,university,,,60c001b8-8114-4e5a-a877-abee9074555c,bima_kemdiktisaintek,https://apibima.kemdiktisaintek.go.id/api/v1/ecatalog/perguruantinggi/search?page=153&limit=10,approved,
Universitas Merdeka Ponorogo,universitas merdeka ponorogo,university,,,641668c4-35fb-4ed2-b9c8-3c99b8aa296d,bima_kemdiktisaintek,https://apibima.kemdiktisaintek.go.id/api/v1/ecatalog/perguruantinggi/search?page=153&limit=10,approved,
Universitas Jayapura,universitas jayapura,university,,,6820fcb5-f754-4981-ad60-fe6e05ce1939,bima_kemdiktisaintek,https://apibima.kemdiktisaintek.go.id/api/v1/ecatalog/perguruantinggi/search?page=153&limit=10,approved,
Sekolah Tinggi Ilmu Pertanian Mujahidin Toli-toli,sekolah tinggi ilmu pertanian mujahidin toli-toli,university,,,684a44fd-3eb9-4f7b-b71a-d746021e2752,bima_kemdiktisaintek,https://apibima.kemdiktisaintek.go.id/api/v1/ecatalog/perguruantinggi/search?page=153&limit=10,approved,
Sekolah Tinggi Ilmu Ekonomi Jambatan Bulan,sekolah tinggi ilmu ekonomi jambatan bulan,university,,,6a4c476b-35ec-46e9-a26a-359005c78f70,bima_kemdiktisaintek,https://apibima.kemdiktisaintek.go.id/api/v1/ecatalog/perguruantinggi/search?page=153&limit=10,approved,
Sekolah Tinggi Ilmu Kesehatan St. Elisabeth Keuskupan Maumere,sekolah tinggi ilmu kesehatan st. elisabeth keuskupan maumere,university,,,6b22e96a-490d-4778-b28f-64889abed81d,bima_kemdiktisaintek,https://apibima.kemdiktisaintek.go.id/api/v1/ecatalog/perguruantinggi/search?page=154&limit=10,approved,
STKIP Aisyiyah Riau,stkip aisyiyah riau,university,,,6bf7b3e7-5381-4485-afac-049c94a064db,bima_kemdiktisaintek,https://apibima.kemdiktisaintek.go.id/api/v1/ecatalog/perguruantinggi/search?page=154&limit=10,approved,
Sekolah Tinggi Ilmu Ekonomi Ichsan,sekolah tinggi ilmu ekonomi ichsan,university,,,6cd700b5-d0fa-48c1-b720-03fcf43d4473,bima_kemdiktisaintek,https://apibima.kemdiktisaintek.go.id/api/v1/ecatalog/perguruantinggi/search?page=154&limit=10,approved,
Universitas Siber Muhammadiyah,universitas siber muhammadiyah,university,,,6d8aedc4-93fd-4f20-9fd8-d0c2bd466c31,bima_kemdiktisaintek,https://apibima.kemdiktisaintek.go.id/api/v1/ecatalog/perguruantinggi/search?page=154&limit=10,approved,
STIKES Al-Insyirah Pekanbaru,stikes al-insyirah pekanbaru,university,,,6efac3b1-bff4-43df-9bd2-9ac6a03b3d82,bima_kemdiktisaintek,https://apibima.kemdiktisaintek.go.id/api/v1/ecatalog/perguruantinggi/search?page=154&limit=10,approved,
Sekolah Tinggi Teknologi Nusantara Lampung,sekolah tinggi teknologi nusantara lampung,university,,,701f87dc-3f6a-4977-8154-710dc48d2614,bima_kemdiktisaintek,https://apibima.kemdiktisaintek.go.id/api/v1/ecatalog/perguruantinggi/search?page=154&limit=10,approved,
Sekolah Tinggi Ilmu Ekonomi Widya Dharma,sekolah tinggi ilmu ekonomi widya dharma,university,,,72c33bec-bd6c-41ac-8271-daf036606a66,bima_kemdiktisaintek,https://apibima.kemdiktisaintek.go.id/api/v1/ecatalog/perguruantinggi/search?page=154&limit=10,approved,
STMIK Surya Intan,stmik surya intan,university,,,78073e23-bf93-4caf-aeb6-4a07334ea2fd,bima_kemdiktisaintek,https://apibima.kemdiktisaintek.go.id/api/v1/ecatalog/perguruantinggi/search?page=154&limit=10,approved,
Universitas Komputama,universitas komputama,university,,,7accf651-d6f9-46b5-9429-947e8887f686,bima_kemdiktisaintek,https://apibima.kemdiktisaintek.go.id/api/v1/ecatalog/perguruantinggi/search?page=154&limit=10,approved,
Universitas Internasional Jakarta,universitas internasional jakarta,university,,,7d0ef73b-d776-497b-b1b0-ab91f64add59,bima_kemdiktisaintek,https://apibima.kemdiktisaintek.go.id/api/v1/ecatalog/perguruantinggi/search?page=154&limit=10,approved,
Institut Teknologi Sains dan Kesehatan PKU Muhammadiyah Surakarta,institut teknologi sains dan kesehatan pku muhammadiyah surakarta,university,,,7ddd8f37-6a71-4261-9ba7-6e9056366708,bima_kemdiktisaintek,https://apibima.kemdiktisaintek.go.id/api/v1/ecatalog/perguruantinggi/search?page=155&limit=10,approved,
Sekolah Tinggi Ilmu Manajemen dan Bisnis Gorontalo,sekolah tinggi ilmu manajemen dan bisnis gorontalo,university,,,83d9814a-70c5-4aaa-90c2-992905fa7be1,bima_kemdiktisaintek,https://apibima.kemdiktisaintek.go.id/api/v1/ecatalog/perguruantinggi/search?page=155&limit=10,approved,
STKIP Puangrimaggalatung Sengkang,stkip puangrimaggalatung sengkang,university,,,851fd30e-942b-46ec-a325-2d1d8b1319e8,bima_kemdiktisaintek,https://apibima.kemdiktisaintek.go.id/api/v1/ecatalog/perguruantinggi/search?page=155&limit=10,approved,
STMIK Duta Bangsa,stmik duta bangsa,university,,,88461aeb-5a27-496a-b7a6-904f6f6fccc0,bima_kemdiktisaintek,https://apibima.kemdiktisaintek.go.id/api/v1/ecatalog/perguruantinggi/search?page=155&limit=10,approved,
STMIK Jayakarta,stmik jayakarta,university,,,89161774-965a-4540-b279-450b33578d34,bima_kemdiktisaintek,https://apibima.kemdiktisaintek.go.id/api/v1/ecatalog/perguruantinggi/search?page=155&limit=10,approved,
Sekolah Tinggi Ilmu Ekonomi Gempol,sekolah tinggi ilmu ekonomi gempol,university,,,909b0d1e-9e0b-49a0-accf-ae37d479944a,bima_kemdiktisaintek,https://apibima.kemdiktisaintek.go.id/api/v1/ecatalog/perguruantinggi/search?page=155&limit=10,approved,
Sekolah Tinggi Ilmu Ekonomi Cipasung,sekolah tinggi ilmu ekonomi cipasung,university,,,99fedc36-51e9-4f1d-8f7c-55ad4ecde5ec,bima_kemdiktisaintek,https://apibima.kemdiktisaintek.go.id/api/v1/ecatalog/perguruantinggi/search?page=155&limit=10,approved,
Sekolah Tinggi Ilmu Kesehatan Keluarga Bunda Jambi,sekolah tinggi ilmu kesehatan keluarga bunda jambi,university,,,9b07a5d9-0daa-4415-960c-cf79588a7c68,bima_kemdiktisaintek,https://apibima.kemdiktisaintek.go.id/api/v1/ecatalog/perguruantinggi/search?page=155&limit=10,approved,
Sekolah Tinggi Ilmu Ekonomi Atma Bhakti,sekolah tinggi ilmu ekonomi atma bhakti,university,,,9f47a252-d12f-44a9-847f-b554460b6f58,bima_kemdiktisaintek,https://apibima.kemdiktisaintek.go.id/api/v1/ecatalog/perguruantinggi/search?page=155&limit=10,approved,
Institut Teknologi Rokan Hilir,institut teknologi rokan hilir,university,,,a0d847b8-7e3a-46f6-acd0-18e63ec39713,bima_kemdiktisaintek,https://apibima.kemdiktisaintek.go.id/api/v1/ecatalog/perguruantinggi/search?page=155&limit=10,approved,
Sekolah Tinggi Ilmu Komputer Al-khairiyah,sekolah tinggi ilmu komputer al-khairiyah,university,,,a5f407a7-784a-42e2-a415-c2816e5a9483,bima_kemdiktisaintek,https://apibima.kemdiktisaintek.go.id/api/v1/ecatalog/perguruantinggi/search?page=156&limit=10,approved,
Sekolah Tinggi Ilmu Kesehatan Indah Medan,sekolah tinggi ilmu kesehatan indah medan,university,,,a9b833ed-6336-4e18-9bfc-7beb507c31ae,bima_kemdiktisaintek,https://apibima.kemdiktisaintek.go.id/api/v1/ecatalog/perguruantinggi/search?page=156&limit=10,approved,
STKIP Ahlussunnah,stkip ahlussunnah,university,,,aa8940f1-7bc1-4786-9eb4-80570aff8c09,bima_kemdiktisaintek,https://apibima.kemdiktisaintek.go.id/api/v1/ecatalog/perguruantinggi/search?page=156&limit=10,approved,
Sekolah Tinggi Ilmu Ekonomi IPWI Jakarta,sekolah tinggi ilmu ekonomi ipwi jakarta,university,,,aee9abec-cd22-45a7-8803-2728e435af52,bima_kemdiktisaintek,https://apibima.kemdiktisaintek.go.id/api/v1/ecatalog/perguruantinggi/search?page=156&limit=10,approved,
Sekolah Tinggi Pertanian Kutai Timur,sekolah tinggi pertanian kutai timur,university,,,b21a0206-8b0b-4f5b-bf3f-cbbb11a64907,bima_kemdiktisaintek,https://apibima.kemdiktisaintek.go.id/api/v1/ecatalog/perguruantinggi/search?page=156&limit=10,approved,
STIE Bumi Persada Lhokseumawe,stie bumi persada lhokseumawe,university,,,b3912867-ead4-4ece-a3b3-c244e2bac561,bima_kemdiktisaintek,https://apibima.kemdiktisaintek.go.id/api/v1/ecatalog/perguruantinggi/search?page=156&limit=10,approved,
STKIP YDB Lubuk Alung,stkip ydb lubuk alung,university,,,b91c66d5-477d-4dfa-bddf-7510d1698a8f,bima_kemdiktisaintek,https://apibima.kemdiktisaintek.go.id/api/v1/ecatalog/perguruantinggi/search?page=156&limit=10,approved,
STIPER Sawahlunto Sijunjung,stiper sawahlunto sijunjung,university,,,b9dc2efb-363d-4de9-8102-3c428e790542,bima_kemdiktisaintek,https://apibima.kemdiktisaintek.go.id/api/v1/ecatalog/perguruantinggi/search?page=156&limit=10,approved,
Sekolah Tinggi Bisnis dan Manajemen Dua Saudara,sekolah tinggi bisnis dan manajemen dua saudara,university,,,ba277c63-4409-4322-bdf2-89b29a7415a8,bima_kemdiktisaintek,https://apibima.kemdiktisaintek.go.id/api/v1/ecatalog/perguruantinggi/search?page=156&limit=10,approved,
Sekolah Tinggi Teknologi Pekanbaru,sekolah tinggi teknologi pekanbaru,university,,,bebcae17-fddb-46f1-80d7-e7be3bff40cd,bima_kemdiktisaintek,https://apibima.kemdiktisaintek.go.id/api/v1/ecatalog/perguruantinggi/search?page=156&limit=10,approved,
STIE Saint Theresa,stie saint theresa,university,,,bf75b363-0847-4d14-bae5-f08ac9c51ece,bima_kemdiktisaintek,https://apibima.kemdiktisaintek.go.id/api/v1/ecatalog/perguruantinggi/search?page=157&limit=10,approved,
Institut Teknologi dan Bisnis Nasional,institut teknologi dan bisnis nasional,university,,,c0e8ff16-ad96-40a2-a258-f297638b83ba,bima_kemdiktisaintek,https://apibima.kemdiktisaintek.go.id/api/v1/ecatalog/perguruantinggi/search?page=157&limit=10,approved,
Sekolah Tinggi Ilmu Kesehatan RS Prof. Dr. J.A. Latumeten,sekolah tinggi ilmu kesehatan rs prof. dr. j.a. latumeten,university,,,c5581f5f-9d43-4800-bd76-674d3e8e59a9,bima_kemdiktisaintek,https://apibima.kemdiktisaintek.go.id/api/v1/ecatalog/perguruantinggi/search?page=157&limit=10,approved,
Sekolah Tinggi Ilmu Hukum Muhammadiyah Takengon,sekolah tinggi ilmu hukum muhammadiyah takengon,university,,,c6585c2f-8368-46b0-ad28-5607dc6aeb6b,bima_kemdiktisaintek,https://apibima.kemdiktisaintek.go.id/api/v1/ecatalog/perguruantinggi/search?page=157&limit=10,approved,
Sekolah Tinggi Ilmu Ekonomi Dharma Putra Pekanbaru,sekolah tinggi ilmu ekonomi dharma putra pekanbaru,university,,,cad25fda-76c0-43c0-87db-783ddcbcc93c,bima_kemdiktisaintek,https://apibima.kemdiktisaintek.go.id/api/v1/ecatalog/perguruantinggi/search?page=157&limit=10,approved,
STMIK Widuri,stmik widuri,university,,,cb975e15-f2ce-4a88-b24d-0ca1f44820d4,bima_kemdiktisaintek,https://apibima.kemdiktisaintek.go.id/api/v1/ecatalog/perguruantinggi/search?page=157&limit=10,approved,
St Ilmu Komputer Cipta Karya Informatika,st ilmu komputer cipta karya informatika,university,,,cbcd4557-e96d-457f-92f3-fe0b4f896239,bima_kemdiktisaintek,https://apibima.kemdiktisaintek.go.id/api/v1/ecatalog/perguruantinggi/search?page=157&limit=10,approved,
Universitas Widya Gama Mahakam Samarinda,universitas widya gama mahakam samarinda,university,,,d2d9a7e8-eb26-43e6-9889-92ada27fc76b,bima_kemdiktisaintek,https://apibima.kemdiktisaintek.go.id/api/v1/ecatalog/perguruantinggi/search?page=157&limit=10,approved,
Sekolah Tinggi Ilmu Ekonomi YAPAN,sekolah tinggi ilmu ekonomi yapan,university,,,d3fc8b36-3ebd-406b-b288-78110911938d,bima_kemdiktisaintek,https://apibima.kemdiktisaintek.go.id/api/v1/ecatalog/perguruantinggi/search?page=157&limit=10,approved,
Sekolah Tinggi Ilmu Kesehatan Tujuh Belas,sekolah tinggi ilmu kesehatan tujuh belas,university,,,d5ab74e2-c828-44d8-a77e-69de684c69ae,bima_kemdiktisaintek,https://apibima.kemdiktisaintek.go.id/api/v1/ecatalog/perguruantinggi/search?page=157&limit=10,approved,
Universitas IBBI,universitas ibbi,university,,,dd56727f-8fb8-4690-83ce-4b5c2c2b5905,bima_kemdiktisaintek,https://apibima.kemdiktisaintek.go.id/api/v1/ecatalog/perguruantinggi/search?page=158&limit=10,approved,
Universitas Sutomo,universitas sutomo,university,,,e25e59d2-4fe6-4a6a-b291-97d27f918a39,bima_kemdiktisaintek,https://apibima.kemdiktisaintek.go.id/api/v1/ecatalog/perguruantinggi/search?page=158&limit=10,approved,
Institut Kesehatan Mitra Bunda,institut kesehatan mitra bunda,university,,,e36abcf6-6e5d-421e-b1a7-8dfe61da094a,bima_kemdiktisaintek,https://apibima.kemdiktisaintek.go.id/api/v1/ecatalog/perguruantinggi/search?page=158&limit=10,approved,
Sekolah Tinggi Ilmu Kesehatan Bina Husada,sekolah tinggi ilmu kesehatan bina husada,university,,,e3f86a3d-c344-43e6-9625-317612ce5cdb,bima_kemdiktisaintek,https://apibima.kemdiktisaintek.go.id/api/v1/ecatalog/perguruantinggi/search?page=158&limit=10,approved,
STIMIK Pro Visi,stimik pro visi,university,,,e5edbfff-9d43-4570-ba36-a9e57ac38795,bima_kemdiktisaintek,https://apibima.kemdiktisaintek.go.id/api/v1/ecatalog/perguruantinggi/search?page=158&limit=10,approved,
Sekolah Tinggi Teknik Ibnu Sina,sekolah tinggi teknik ibnu sina,university,,,e6ad8fad-cd10-4ce0-b5e2-992e9da85ef7,bima_kemdiktisaintek,https://apibima.kemdiktisaintek.go.id/api/v1/ecatalog/perguruantinggi/search?page=158&limit=10,approved,
Institut Teknologi dan Bisnis Palcomtech,institut teknologi dan bisnis palcomtech,university,,,ea2d8f12-696b-4341-8b1c-31e5f68782a1,bima_kemdiktisaintek,https://apibima.kemdiktisaintek.go.id/api/v1/ecatalog/perguruantinggi/search?page=158&limit=10,approved,
Universitas Surya,universitas surya,university,,,ef4912d2-fb82-4b0d-9c2a-8c837b9f5752,bima_kemdiktisaintek,https://apibima.kemdiktisaintek.go.id/api/v1/ecatalog/perguruantinggi/search?page=158&limit=10,approved,
Sekolah Tinggi Ilmu Kesehatan Budi Kemuliaan,sekolah tinggi ilmu kesehatan budi kemuliaan,university,,,f6979569-d39b-45e0-ad76-48ac2fd28630,bima_kemdiktisaintek,https://apibima.kemdiktisaintek.go.id/api/v1/ecatalog/perguruantinggi/search?page=158&limit=10,approved,
Universitas Dumai,universitas dumai,university,,,f81b65a7-12a3-448a-b38a-df7964ee6d63,bima_kemdiktisaintek,https://apibima.kemdiktisaintek.go.id/api/v1/ecatalog/perguruantinggi/search?page=158&limit=10,approved,
STIKES Hutama Abdi Husada Tulungagung,stikes hutama abdi husada tulungagung,university,,,fb81fa3f-41a2-4a62-a04c-3bb94f989a7f,bima_kemdiktisaintek,https://apibima.kemdiktisaintek.go.id/api/v1/ecatalog/perguruantinggi/search?page=159&limit=10,approved,
Sekolah Tinggi Ilmu Farmasi dan Pengetahuan Alam Pelita Mas Palu,sekolah tinggi ilmu farmasi dan pengetahuan alam pelita mas palu,university,,,fda3dc97-1fad-443d-88c2-f2c37a71a67b,bima_kemdiktisaintek,https://apibima.kemdiktisaintek.go.id/api/v1/ecatalog/perguruantinggi/search?page=159&limit=10,approved,
Universitas YPPI Rembang,universitas yppi rembang,university,,,feb3b5fa-6498-4e59-aa81-9f2faac553d9,bima_kemdiktisaintek,https://apibima.kemdiktisaintek.go.id/api/v1/ecatalog/perguruantinggi/search?page=159&limit=10,approved,
Sekolah Tinggi Ilmu Ekonomi Yapti Jeneponto,sekolah tinggi ilmu ekonomi yapti jeneponto,university,,,025eb3eb-ddec-4d24-8e67-ce03e9b82f28,bima_kemdiktisaintek,https://apibima.kemdiktisaintek.go.id/api/v1/ecatalog/perguruantinggi/search?page=159&limit=10,approved,
STMIK Nurdin Hamzah,stmik nurdin hamzah,university,,,03011f80-d03f-47eb-921e-61731d99d207,bima_kemdiktisaintek,https://apibima.kemdiktisaintek.go.id/api/v1/ecatalog/perguruantinggi/search?page=159&limit=10,approved,
Institut Pendidikan Soe,institut pendidikan soe,university,,,09551d8d-0d7e-4a87-9b03-0ab07bb2ed0a,bima_kemdiktisaintek,https://apibima.kemdiktisaintek.go.id/api/v1/ecatalog/perguruantinggi/search?page=159&limit=10,approved,
Institut Manajemen Wiyata Indonesia,institut manajemen wiyata indonesia,university,,,0ae01770-9102-45fb-a0b1-f44f8e2a1e7e,bima_kemdiktisaintek,https://apibima.kemdiktisaintek.go.id/api/v1/ecatalog/perguruantinggi/search?page=159&limit=10,approved,
STIE Pasim Sukabumi,stie pasim sukabumi,university,,,0ebc23d0-3065-43fc-82d7-917c93b193c2,bima_kemdiktisaintek,https://apibima.kemdiktisaintek.go.id/api/v1/ecatalog/perguruantinggi/search?page=159&limit=10,approved,
Sekolah Tinggi Teknik Pati,sekolah tinggi teknik pati,university,,,119f366e-4d85-47b4-ab6c-849d27be635b,bima_kemdiktisaintek,https://apibima.kemdiktisaintek.go.id/api/v1/ecatalog/perguruantinggi/search?page=159&limit=10,approved,
Sekolah Tinggi Manajemen Informatika dan Komputer Bina Adinata,sekolah tinggi manajemen informatika dan komputer bina adinata,university,,,1214c1ff-2cf9-43cb-9e93-04eb7c5fe1fe,bima_kemdiktisaintek,https://apibima.kemdiktisaintek.go.id/api/v1/ecatalog/perguruantinggi/search?page=159&limit=10,approved,
Sekolah Tinggi Ilmu Ekonomi Jayakusuma,sekolah tinggi ilmu ekonomi jayakusuma,university,,,1bb039f2-6d6d-4c79-9fcc-f13ef966016a,bima_kemdiktisaintek,https://apibima.kemdiktisaintek.go.id/api/v1/ecatalog/perguruantinggi/search?page=160&limit=10,approved,
Universitas Kristen Surakarta,universitas kristen surakarta,university,,,1eb78e4a-9ed3-4d10-bfe0-aa0793a78578,bima_kemdiktisaintek,https://apibima.kemdiktisaintek.go.id/api/v1/ecatalog/perguruantinggi/search?page=160&limit=10,approved,
Sekolah Tinggi Ilmu Ekonomi Jayakarta,sekolah tinggi ilmu ekonomi jayakarta,university,,,205cf48a-8a5b-4857-bd8b-e7204c965e7e,bima_kemdiktisaintek,https://apibima.kemdiktisaintek.go.id/api/v1/ecatalog/perguruantinggi/search?page=160&limit=10,approved,
STMIK Budi Darma,stmik budi darma,university,,,2101aa68-c9f5-412d-9bfc-dcf08e1295f3,bima_kemdiktisaintek,https://apibima.kemdiktisaintek.go.id/api/v1/ecatalog/perguruantinggi/search?page=160&limit=10,approved,
Institut Tarumanagara,institut tarumanagara,university,,,21a7c65c-3bf8-4fb9-9764-3221f122fdf9,bima_kemdiktisaintek,https://apibima.kemdiktisaintek.go.id/api/v1/ecatalog/perguruantinggi/search?page=160&limit=10,approved,
Sekolah Tinggi Ilmu Ekonomi Sumbar,sekolah tinggi ilmu ekonomi sumbar,university,,,235c4e85-443b-437c-bda2-67353a278f76,bima_kemdiktisaintek,https://apibima.kemdiktisaintek.go.id/api/v1/ecatalog/perguruantinggi/search?page=160&limit=10,approved,
Sekolah Tinggi Pendidikan Holistik Berbasis Karakter,sekolah tinggi pendidikan holistik berbasis karakter,university,,,253b9d8e-26dd-433b-a779-ff250dbbdc08,bima_kemdiktisaintek,https://apibima.kemdiktisaintek.go.id/api/v1/ecatalog/perguruantinggi/search?page=160&limit=10,approved,
Universitas Budi Darma,universitas budi darma,university,,,29cbd6ff-a9ba-401e-91d0-1cd0006d0ac3,bima_kemdiktisaintek,https://apibima.kemdiktisaintek.go.id/api/v1/ecatalog/perguruantinggi/search?page=160&limit=10,approved,
STMIK Kreatindo Manokwari,stmik kreatindo manokwari,university,,,31ec4541-66f3-4747-b242-62e593f4150b,bima_kemdiktisaintek,https://apibima.kemdiktisaintek.go.id/api/v1/ecatalog/perguruantinggi/search?page=160&limit=10,approved,
Institut Teknologi Dan Bisnis Muhammadiyah Grobogan,institut teknologi dan bisnis muhammadiyah grobogan,university,,,3439158e-0597-4226-ac06-f9c79a46f3c5,bima_kemdiktisaintek,https://apibima.kemdiktisaintek.go.id/api/v1/ecatalog/perguruantinggi/search?page=160&limit=10,approved,
STIKES Kusuma Bangsa,stikes kusuma bangsa,university,,,3443a6be-961e-41ce-976a-55454df7c3a2,bima_kemdiktisaintek,https://apibima.kemdiktisaintek.go.id/api/v1/ecatalog/perguruantinggi/search?page=161&limit=10,approved,
Sekolah Tinggi Ilmu Kesehatan Sumatera Barat,sekolah tinggi ilmu kesehatan sumatera barat,university,,,3c6ec174-9b3e-4ee0-a111-971811ba8c89,bima_kemdiktisaintek,https://apibima.kemdiktisaintek.go.id/api/v1/ecatalog/perguruantinggi/search?page=161&limit=10,approved,
Sekolah Tinggi Ilmu Kesehatan Audi Husada Medan,sekolah tinggi ilmu kesehatan audi husada medan,university,,,41500f5e-194b-4b17-9af3-b407836c82e7,bima_kemdiktisaintek,https://apibima.kemdiktisaintek.go.id/api/v1/ecatalog/perguruantinggi/search?page=161&limit=10,approved,
Universitas Lumajang,universitas lumajang,university,,,47524858-854a-4ebe-9afe-9bba9b9368ee,bima_kemdiktisaintek,https://apibima.kemdiktisaintek.go.id/api/v1/ecatalog/perguruantinggi/search?page=161&limit=10,approved,
Sekolah Tinggi Teknologi Pelalawan,sekolah tinggi teknologi pelalawan,university,,,4a76095c-d468-4826-b6ed-9fbe2d15e43a,bima_kemdiktisaintek,https://apibima.kemdiktisaintek.go.id/api/v1/ecatalog/perguruantinggi/search?page=161&limit=10,approved,
Sekolah Tinggi Filsafat Theologi Jakarta,sekolah tinggi filsafat theologi jakarta,university,,,4a9a1b8a-6303-46fd-8bdf-ad42bb3c03c2,bima_kemdiktisaintek,https://apibima.kemdiktisaintek.go.id/api/v1/ecatalog/perguruantinggi/search?page=161&limit=10,approved,
Sekolah Tinggi Pariwisata Bali Internasional,sekolah tinggi pariwisata bali internasional,university,,,4cc42f86-690c-42d0-b91d-62c717cd4c55,bima_kemdiktisaintek,https://apibima.kemdiktisaintek.go.id/api/v1/ecatalog/perguruantinggi/search?page=161&limit=10,approved,
Universitas Setia Budhi Rangkasbitung,universitas setia budhi rangkasbitung,university,,,4cf75ace-6915-41cb-ad92-c406d7787097,bima_kemdiktisaintek,https://apibima.kemdiktisaintek.go.id/api/v1/ecatalog/perguruantinggi/search?page=161&limit=10,approved,
Sekolah Tinggi Bisnis Putra Harapan,sekolah tinggi bisnis putra harapan,university,,,5845d216-e1b4-479e-87b8-fd899c308666,bima_kemdiktisaintek,https://apibima.kemdiktisaintek.go.id/api/v1/ecatalog/perguruantinggi/search?page=161&limit=10,approved,
Sekolah Tinggi Ilmu Komunikasi Indonesia Maju,sekolah tinggi ilmu komunikasi indonesia maju,university,,,5855d693-d43f-40c5-a532-ba914fe61c68,bima_kemdiktisaintek,https://apibima.kemdiktisaintek.go.id/api/v1/ecatalog/perguruantinggi/search?page=161&limit=10,approved,
STIKES Darmais Padangsidimpuan,stikes darmais padangsidimpuan,university,,,59997963-282e-456a-9a75-a777254daedd,bima_kemdiktisaintek,https://apibima.kemdiktisaintek.go.id/api/v1/ecatalog/perguruantinggi/search?page=162&limit=10,approved,
Institut Kesehatan Prima Nusantara Bukittinggi,institut kesehatan prima nusantara bukittinggi,university,,,5cb22e9c-09b6-4de0-896c-7ca28ee763df,bima_kemdiktisaintek,https://apibima.kemdiktisaintek.go.id/api/v1/ecatalog/perguruantinggi/search?page=162&limit=10,approved,
Sekolah Tinggi Ilmu Kesehatan Gunung Maria Tomohon,sekolah tinggi ilmu kesehatan gunung maria tomohon,university,,,5db29a70-b488-4312-9107-91493b4b7b21,bima_kemdiktisaintek,https://apibima.kemdiktisaintek.go.id/api/v1/ecatalog/perguruantinggi/search?page=162&limit=10,approved,
Sekolah Tinggi Teknologi Payakumbuh,sekolah tinggi teknologi payakumbuh,university,,,5ed81f4a-5d51-4e8f-96f5-ad16a8a04264,bima_kemdiktisaintek,https://apibima.kemdiktisaintek.go.id/api/v1/ecatalog/perguruantinggi/search?page=162&limit=10,approved,
Universitas Insan Pembangunan Indonesia,universitas insan pembangunan indonesia,university,,,5f9493e5-de97-4ba8-8bb7-140614b5664e,bima_kemdiktisaintek,https://apibima.kemdiktisaintek.go.id/api/v1/ecatalog/perguruantinggi/search?page=162&limit=10,approved,
Sekolah Tinggi Ilmu Ekonomi Bentara Persada Batam,sekolah tinggi ilmu ekonomi bentara persada batam,university,,,65c5e28a-2b07-45f3-b837-6e402a2aecdc,bima_kemdiktisaintek,https://apibima.kemdiktisaintek.go.id/api/v1/ecatalog/perguruantinggi/search?page=162&limit=10,approved,
Universitas Satu,universitas satu,university,,,6b72aedc-dacd-4050-b5a2-ab829328ca9f,bima_kemdiktisaintek,https://apibima.kemdiktisaintek.go.id/api/v1/ecatalog/perguruantinggi/search?page=162&limit=10,approved,
Sekolah Tinggi Ilmu Kesehatan Datu Kamanre,sekolah tinggi ilmu kesehatan datu kamanre,university,,,6ca41c31-f266-4af1-bbc2-92153204bbc0,bima_kemdiktisaintek,https://apibima.kemdiktisaintek.go.id/api/v1/ecatalog/perguruantinggi/search?page=162&limit=10,approved,
Institut Teknologi Sains dan Kesehatan Sugeng Hartono,institut teknologi sains dan kesehatan sugeng hartono,university,,,6eb59bad-9a1a-4248-bc86-aea36096d72d,bima_kemdiktisaintek,https://apibima.kemdiktisaintek.go.id/api/v1/ecatalog/perguruantinggi/search?page=162&limit=10,approved,
Sekolah Tinggi Bisnis Runata,sekolah tinggi bisnis runata,university,,,6efb1e56-871c-4d09-944d-8b9c28fb6285,bima_kemdiktisaintek,https://apibima.kemdiktisaintek.go.id/api/v1/ecatalog/perguruantinggi/search?page=162&limit=10,approved,
Universitas LIA,universitas lia,university,,,726205b1-9cf5-4ecf-a05b-bb19006f6b3b,bima_kemdiktisaintek,https://apibima.kemdiktisaintek.go.id/api/v1/ecatalog/perguruantinggi/search?page=163&limit=10,approved,
Institut Teknologi Calvin,institut teknologi calvin,university,,,72821c5a-ad48-40f0-a9cc-3b2b7bb5288c,bima_kemdiktisaintek,https://apibima.kemdiktisaintek.go.id/api/v1/ecatalog/perguruantinggi/search?page=163&limit=10,approved,
Sekolah Tinggi Pariwisata Tamalatea Makassar,sekolah tinggi pariwisata tamalatea makassar,university,,,730a0240-0451-43de-8aff-edc1b087b667,bima_kemdiktisaintek,https://apibima.kemdiktisaintek.go.id/api/v1/ecatalog/perguruantinggi/search?page=163&limit=10,approved,
Institut Bisnis Muhammadiyah Bekasi,institut bisnis muhammadiyah bekasi,university,,,7898f7e8-61c3-4d56-83db-2286d1565f7e,bima_kemdiktisaintek,https://apibima.kemdiktisaintek.go.id/api/v1/ecatalog/perguruantinggi/search?page=163&limit=10,approved,
STKIP PGRI Sampang,stkip pgri sampang,university,,,8315d13a-149f-411a-8745-93155bf611ad,bima_kemdiktisaintek,https://apibima.kemdiktisaintek.go.id/api/v1/ecatalog/perguruantinggi/search?page=163&limit=10,approved,
Sekolah Tinggi Ilmu Ekonomi Makassar Maju,sekolah tinggi ilmu ekonomi makassar maju,university,,,838e017d-1d05-4321-a627-49ee760101e3,bima_kemdiktisaintek,https://apibima.kemdiktisaintek.go.id/api/v1/ecatalog/perguruantinggi/search?page=163&limit=10,approved,
Universitas Dr. Djar Wattiheluw,universitas dr. djar wattiheluw,university,,,84d8f051-f4da-4313-8a04-dee0e517cb0c,bima_kemdiktisaintek,https://apibima.kemdiktisaintek.go.id/api/v1/ecatalog/perguruantinggi/search?page=163&limit=10,approved,
Sekolah Tinggi Manajemen Informatika dan Komputer Mulia Darma,sekolah tinggi manajemen informatika dan komputer mulia darma,university,,,85950d09-c2fd-4846-a511-211749d2c8ca,bima_kemdiktisaintek,https://apibima.kemdiktisaintek.go.id/api/v1/ecatalog/perguruantinggi/search?page=163&limit=10,approved,
STKIP Nias Selatan,stkip nias selatan,university,,,88094220-2ea3-4ecf-b91e-dea5661fa49f,bima_kemdiktisaintek,https://apibima.kemdiktisaintek.go.id/api/v1/ecatalog/perguruantinggi/search?page=163&limit=10,approved,
Universitas Banda Naira,universitas banda naira,university,,,896a1426-0ca2-48bc-9641-c3af0d4cd2f5,bima_kemdiktisaintek,https://apibima.kemdiktisaintek.go.id/api/v1/ecatalog/perguruantinggi/search?page=163&limit=10,approved,
Universitas Insan Cendekia Mandiri,universitas insan cendekia mandiri,university,,,8c39ebc8-f686-4454-ae62-6e4bc95cb7be,bima_kemdiktisaintek,https://apibima.kemdiktisaintek.go.id/api/v1/ecatalog/perguruantinggi/search?page=164&limit=10,approved,
Universitas BPD,universitas bpd,university,,,8f9804c6-f3fe-4ceb-89ae-1fd9bae139a4,bima_kemdiktisaintek,https://apibima.kemdiktisaintek.go.id/api/v1/ecatalog/perguruantinggi/search?page=164&limit=10,approved,
Sekolah Tinggi Manajemen Informatika dan Komputer Kalirejo Lampung,sekolah tinggi manajemen informatika dan komputer kalirejo lampung,university,,,9003baac-234f-4bad-a892-d0c93cc31cf5,bima_kemdiktisaintek,https://apibima.kemdiktisaintek.go.id/api/v1/ecatalog/perguruantinggi/search?page=164&limit=10,approved,
Sekolah Tinggi Ilmu Ekonomi Ykp,sekolah tinggi ilmu ekonomi ykp,university,,,90042ca6-55be-45db-9feb-dc4f0bb9f1b7,bima_kemdiktisaintek,https://apibima.kemdiktisaintek.go.id/api/v1/ecatalog/perguruantinggi/search?page=164&limit=10,approved,
STIE Manajemen Bisnis Indonesia,stie manajemen bisnis indonesia,university,,,900bc1f8-fdbc-48e8-8b1c-4213d2218924,bima_kemdiktisaintek,https://apibima.kemdiktisaintek.go.id/api/v1/ecatalog/perguruantinggi/search?page=164&limit=10,approved,
Sekolah Tinggi Ilmu Kesehatan Mahardika Cirebon,sekolah tinggi ilmu kesehatan mahardika cirebon,university,,,90a6a16e-b5d2-4c41-9047-a72804f4b780,bima_kemdiktisaintek,https://apibima.kemdiktisaintek.go.id/api/v1/ecatalog/perguruantinggi/search?page=164&limit=10,approved,
Institut Sosial dan Teknologi Widuri,institut sosial dan teknologi widuri,university,,,919df234-71c1-4056-9012-61fe7a0b5aeb,bima_kemdiktisaintek,https://apibima.kemdiktisaintek.go.id/api/v1/ecatalog/perguruantinggi/search?page=164&limit=10,approved,
Sekolah Tinggi Ilmu Ekonomi Gici,sekolah tinggi ilmu ekonomi gici,university,,,9795bbbe-cb29-462b-9ef7-4b512f04c261,bima_kemdiktisaintek,https://apibima.kemdiktisaintek.go.id/api/v1/ecatalog/perguruantinggi/search?page=164&limit=10,approved,
Universitas Panji Sakti Singaraja,universitas panji sakti singaraja,university,,,98638cc5-f461-4993-a7d6-e43b63f559ec,bima_kemdiktisaintek,https://apibima.kemdiktisaintek.go.id/api/v1/ecatalog/perguruantinggi/search?page=164&limit=10,approved,
Sekolah Tinggi Ilmu Ekonomi Isti Ekatana Upaweda,sekolah tinggi ilmu ekonomi isti ekatana upaweda,university,,,98d23629-6863-4752-870d-9e5064229360,bima_kemdiktisaintek,https://apibima.kemdiktisaintek.go.id/api/v1/ecatalog/perguruantinggi/search?page=164&limit=10,approved,
Sekolah Tinggi Manajemen Informatika Komputer Uyelindo Kupang,sekolah tinggi manajemen informatika komputer uyelindo kupang,university,,,9df069d2-4020-4bea-b44a-ad4199b5cf7f,bima_kemdiktisaintek,https://apibima.kemdiktisaintek.go.id/api/v1/ecatalog/perguruantinggi/search?page=165&limit=10,approved,
STIKES Bina Sehat PPNI Mojokerto,stikes bina sehat ppni mojokerto,university,,,9f7e00b4-1867-466e-b34a-a195518e7501,bima_kemdiktisaintek,https://apibima.kemdiktisaintek.go.id/api/v1/ecatalog/perguruantinggi/search?page=165&limit=10,approved,
Sekolah Tinggi Ilmu Ekonomi Sampit,sekolah tinggi ilmu ekonomi sampit,university,,,a2bd268c-d21d-4f30-b102-eff4755dfa1b,bima_kemdiktisaintek,https://apibima.kemdiktisaintek.go.id/api/v1/ecatalog/perguruantinggi/search?page=165&limit=10,approved,
Institut Bisnis dan Multimedia Asmi Jakarta,institut bisnis dan multimedia asmi jakarta,university,,,a4345d76-b78e-424e-ae99-101125310a50,bima_kemdiktisaintek,https://apibima.kemdiktisaintek.go.id/api/v1/ecatalog/perguruantinggi/search?page=165&limit=10,approved,
Universitas Riyadlul Ulum,universitas riyadlul ulum,university,,,a796baef-7590-4aee-bd6a-a057686fa876,bima_kemdiktisaintek,https://apibima.kemdiktisaintek.go.id/api/v1/ecatalog/perguruantinggi/search?page=165&limit=10,approved,
Universitas Lembah Dempo,universitas lembah dempo,university,,,a8aed3ab-0a33-4519-828b-0382d9dbdc73,bima_kemdiktisaintek,https://apibima.kemdiktisaintek.go.id/api/v1/ecatalog/perguruantinggi/search?page=165&limit=10,approved,
Sekolah Tinggi Perikanan Hatta-sjahrir,sekolah tinggi perikanan hatta-sjahrir,university,,,a92a11f1-6046-4632-b3f4-68310ec99351,bima_kemdiktisaintek,https://apibima.kemdiktisaintek.go.id/api/v1/ecatalog/perguruantinggi/search?page=165&limit=10,approved,
Universitas Asa Indonesia,universitas asa indonesia,university,,,ab79abb9-1f3f-4c1f-9b66-f035b0ca889a,bima_kemdiktisaintek,https://apibima.kemdiktisaintek.go.id/api/v1/ecatalog/perguruantinggi/search?page=165&limit=10,approved,
STMIK Hasan Sulur Wonomulyo,stmik hasan sulur wonomulyo,university,,,abac4abc-5daa-4c16-9ea6-ae482d84f830,bima_kemdiktisaintek,https://apibima.kemdiktisaintek.go.id/api/v1/ecatalog/perguruantinggi/search?page=165&limit=10,approved,
STIKES Dian Husada,stikes dian husada,university,,,af9f40f8-c21f-4dda-bcc0-d37bc6e1e2b4,bima_kemdiktisaintek,https://apibima.kemdiktisaintek.go.id/api/v1/ecatalog/perguruantinggi/search?page=165&limit=10,approved,
Institut Widya Pratama,institut widya pratama,university,,,b4ed37e4-22b4-42a1-ad42-79d9ae052893,bima_kemdiktisaintek,https://apibima.kemdiktisaintek.go.id/api/v1/ecatalog/perguruantinggi/search?page=166&limit=10,approved,
Sekolah Tinggi Ilmu Ekonomi Petra,sekolah tinggi ilmu ekonomi petra,university,,,b762dfc9-efb5-4f8d-8f6d-0aece1ab09a6,bima_kemdiktisaintek,https://apibima.kemdiktisaintek.go.id/api/v1/ecatalog/perguruantinggi/search?page=166&limit=10,approved,
Universitas Nusa Tenggara Barat,universitas nusa tenggara barat,university,,,b9e35198-661b-43ff-800e-9e481571d5b5,bima_kemdiktisaintek,https://apibima.kemdiktisaintek.go.id/api/v1/ecatalog/perguruantinggi/search?page=166&limit=10,approved,
Sekolah Tinggi Ilmu Ekonomi Pariwisata Api,sekolah tinggi ilmu ekonomi pariwisata api,university,,,bb07ac17-2b54-4509-94d6-e19f154270a6,bima_kemdiktisaintek,https://apibima.kemdiktisaintek.go.id/api/v1/ecatalog/perguruantinggi/search?page=166&limit=10,approved,
STIKES Husada Borneo,stikes husada borneo,university,,,ca301342-4427-4f4b-97aa-1426b696a17a,bima_kemdiktisaintek,https://apibima.kemdiktisaintek.go.id/api/v1/ecatalog/perguruantinggi/search?page=166&limit=10,approved,
Sekolah Tinggi Teknologi Bina Tunggal,sekolah tinggi teknologi bina tunggal,university,,,cc613af5-b9f5-4f57-882f-13059b76cf68,bima_kemdiktisaintek,https://apibima.kemdiktisaintek.go.id/api/v1/ecatalog/perguruantinggi/search?page=166&limit=10,approved,
Sekolah Tinggi Ilmu Ekonomi Lamappoleonro,sekolah tinggi ilmu ekonomi lamappoleonro,university,,,ce8a5fe3-8bb6-4039-ba00-4ec215b6c05e,bima_kemdiktisaintek,https://apibima.kemdiktisaintek.go.id/api/v1/ecatalog/perguruantinggi/search?page=166&limit=10,approved,
Sekolah Tinggi Ilmu Kesehatan Bethesda Tomohon,sekolah tinggi ilmu kesehatan bethesda tomohon,university,,,d01f5a4d-d411-4be7-b96d-884b9d712265,bima_kemdiktisaintek,https://apibima.kemdiktisaintek.go.id/api/v1/ecatalog/perguruantinggi/search?page=166&limit=10,approved,
Universitas Graha Edukasi Makassar,universitas graha edukasi makassar,university,,,d0be8686-970a-4a7a-be1f-ceb8e22deb74,bima_kemdiktisaintek,https://apibima.kemdiktisaintek.go.id/api/v1/ecatalog/perguruantinggi/search?page=166&limit=10,approved,
Sekolah Tinggi Ilmu Ekonomi Perdagangan,sekolah tinggi ilmu ekonomi perdagangan,university,,,d10526dc-a1a2-4126-ace3-57980497ed3c,bima_kemdiktisaintek,https://apibima.kemdiktisaintek.go.id/api/v1/ecatalog/perguruantinggi/search?page=166&limit=10,approved,
Sekolah Tinggi Filsafat Seminari Pineleng,sekolah tinggi filsafat seminari pineleng,university,,,d1154087-a39f-487b-ab23-d144efbfd177,bima_kemdiktisaintek,https://apibima.kemdiktisaintek.go.id/api/v1/ecatalog/perguruantinggi/search?page=167&limit=10,approved,
Sekolah Tinggi Ilmu Ekonomi Indocakti,sekolah tinggi ilmu ekonomi indocakti,university,,,d2e61132-5dff-40f5-867d-3f09942915e4,bima_kemdiktisaintek,https://apibima.kemdiktisaintek.go.id/api/v1/ecatalog/perguruantinggi/search?page=167&limit=10,approved,
Sekolah Tinggi Farmasi Indonesia Perintis Padang,sekolah tinggi farmasi indonesia perintis padang,university,,,d6bb626d-8fb8-4f3b-9351-69f9274152d7,bima_kemdiktisaintek,https://apibima.kemdiktisaintek.go.id/api/v1/ecatalog/perguruantinggi/search?page=167&limit=10,approved,
Sekolah Tinggi Ilmu Ekonomi Al-Washliyah,sekolah tinggi ilmu ekonomi al-washliyah,university,,,d6f436cd-e033-4fe1-b3ba-49c7975ad420,bima_kemdiktisaintek,https://apibima.kemdiktisaintek.go.id/api/v1/ecatalog/perguruantinggi/search?page=167&limit=10,approved,
Universitas Safin Pati,universitas safin pati,university,,,dab94a59-87d5-4b66-830e-174c2cd1f1b0,bima_kemdiktisaintek,https://apibima.kemdiktisaintek.go.id/api/v1/ecatalog/perguruantinggi/search?page=167&limit=10,approved,
Universitas Matana,universitas matana,university,,,dc8ec58f-3bae-42d5-b5ce-8aa6fa5d7cdc,bima_kemdiktisaintek,https://apibima.kemdiktisaintek.go.id/api/v1/ecatalog/perguruantinggi/search?page=167&limit=10,approved,
Sekolah Tinggi Ilmu Ekonomi Swasta Mandiri,sekolah tinggi ilmu ekonomi swasta mandiri,university,,,e4f2a7f3-de15-46c4-9696-d6d4f4b3f62c,bima_kemdiktisaintek,https://apibima.kemdiktisaintek.go.id/api/v1/ecatalog/perguruantinggi/search?page=167&limit=10,approved,
Universitas Koperasi Indonesia,universitas koperasi indonesia,university,,,ebf17246-ab40-4146-91ab-313591280326,bima_kemdiktisaintek,https://apibima.kemdiktisaintek.go.id/api/v1/ecatalog/perguruantinggi/search?page=167&limit=10,approved,
Sekolah Tinggi Teknologi Dr Kh Ez Muttaqien,sekolah tinggi teknologi dr kh ez muttaqien,university,,,ecfe41c3-37c2-4608-8148-2a4060939e29,bima_kemdiktisaintek,https://apibima.kemdiktisaintek.go.id/api/v1/ecatalog/perguruantinggi/search?page=167&limit=10,approved,
Universitas Bina Sehat PPNI Mojokerto,universitas bina sehat ppni mojokerto,university,,,ef0f5a7d-ed0f-47a3-ba51-b617dee0d417,bima_kemdiktisaintek,https://apibima.kemdiktisaintek.go.id/api/v1/ecatalog/perguruantinggi/search?page=167&limit=10,approved,
STIKES Bumi Persada Lhokseumawe,stikes bumi persada lhokseumawe,university,,,f4f80873-5307-48db-9d84-194400fb3f17,bima_kemdiktisaintek,https://apibima.kemdiktisaintek.go.id/api/v1/ecatalog/perguruantinggi/search?page=168&limit=10,approved,
Sekolah Tinggi Ilmu Kesehatan Husada Mandiri Poso,sekolah tinggi ilmu kesehatan husada mandiri poso,university,,,f85ae5f4-6e7d-40fe-b8ac-823a77e829ce,bima_kemdiktisaintek,https://apibima.kemdiktisaintek.go.id/api/v1/ecatalog/perguruantinggi/search?page=168&limit=10,approved,
Universitas Jakarta Internasional,universitas jakarta internasional,university,,,00437245-ea94-45b7-aa07-8fda57efb752,bima_kemdiktisaintek,https://apibima.kemdiktisaintek.go.id/api/v1/ecatalog/perguruantinggi/search?page=168&limit=10,approved,
STMIK AUB Surakarta,stmik aub surakarta,university,,,00cb49d3-cdf3-487f-991b-1d9ce9191c0c,bima_kemdiktisaintek,https://apibima.kemdiktisaintek.go.id/api/v1/ecatalog/perguruantinggi/search?page=168&limit=10,approved,
Sekolah Tinggi Ilmu Ekonomi Nusantara Sangatta,sekolah tinggi ilmu ekonomi nusantara sangatta,university,,,01bcbef6-ada3-4fda-b7b6-bd175b154397,bima_kemdiktisaintek,https://apibima.kemdiktisaintek.go.id/api/v1/ecatalog/perguruantinggi/search?page=168&limit=10,approved,
Sekolah Tinggi Ilmu Manajemen Indonesia Meulaboh,sekolah tinggi ilmu manajemen indonesia meulaboh,university,,,032eebda-6353-4a09-98e3-324030ae53ce,bima_kemdiktisaintek,https://apibima.kemdiktisaintek.go.id/api/v1/ecatalog/perguruantinggi/search?page=168&limit=10,approved,
Universitas Tulungagung,universitas tulungagung,university,,,05d9c5bf-31f4-42a0-8391-66464073794b,bima_kemdiktisaintek,https://apibima.kemdiktisaintek.go.id/api/v1/ecatalog/perguruantinggi/search?page=168&limit=10,approved,
Universitas Noor Huda Mustofa,universitas noor huda mustofa,university,,,08d856b3-c5e3-4c55-9fef-6b82f798a467,bima_kemdiktisaintek,https://apibima.kemdiktisaintek.go.id/api/v1/ecatalog/perguruantinggi/search?page=168&limit=10,approved,
STIKES Rana Wijaya,stikes rana wijaya,university,,,08fab1d8-0bd5-49d9-90e8-792387711468,bima_kemdiktisaintek,https://apibima.kemdiktisaintek.go.id/api/v1/ecatalog/perguruantinggi/search?page=168&limit=10,approved,
Universitas Megou Pak Tulang Bawang,universitas megou pak tulang bawang,university,,,0971fd47-171a-4f50-9b45-654e5c0b9cf5,bima_kemdiktisaintek,https://apibima.kemdiktisaintek.go.id/api/v1/ecatalog/perguruantinggi/search?page=168&limit=10,approved,
STKIP Situs Banten di Serang,stkip situs banten di serang,university,,,0aa32496-3681-4cef-85ba-c74ec2f3a8e5,bima_kemdiktisaintek,https://apibima.kemdiktisaintek.go.id/api/v1/ecatalog/perguruantinggi/search?page=169&limit=10,approved,
Sekolah Tinggi Ilmu Kesehatan 'Aisyiyah Surakarta,sekolah tinggi ilmu kesehatan 'aisyiyah surakarta,university,,,0acd0ee7-1d52-4d1e-b238-007941fe1620,bima_kemdiktisaintek,https://apibima.kemdiktisaintek.go.id/api/v1/ecatalog/perguruantinggi/search?page=169&limit=10,approved,
Sekolah Tinggi Ilmu Kesehatan Dharma Husada,sekolah tinggi ilmu kesehatan dharma husada,university,,,0b32ce2e-338b-4913-ab45-836f9f51add7,bima_kemdiktisaintek,https://apibima.kemdiktisaintek.go.id/api/v1/ecatalog/perguruantinggi/search?page=169&limit=10,approved,
Sekolah Tinggi Ilmu Ekonomi Adi Unggul Bhirawa,sekolah tinggi ilmu ekonomi adi unggul bhirawa,university,,,0b9bdc54-4f26-4046-97ad-11727c2f3c42,bima_kemdiktisaintek,https://apibima.kemdiktisaintek.go.id/api/v1/ecatalog/perguruantinggi/search?page=169&limit=10,approved,
Institut Teknologi Budi Utomo,institut teknologi budi utomo,university,,,0e83845e-1fb1-4134-8f18-6d0bbeb57351,bima_kemdiktisaintek,https://apibima.kemdiktisaintek.go.id/api/v1/ecatalog/perguruantinggi/search?page=169&limit=10,approved,
Sekolah Tinggi Ilmu Kesehatan Muhammadiyah Aceh,sekolah tinggi ilmu kesehatan muhammadiyah aceh,university,,,102f3c97-9e31-438e-a605-7e55b9a5a229,bima_kemdiktisaintek,https://apibima.kemdiktisaintek.go.id/api/v1/ecatalog/perguruantinggi/search?page=169&limit=10,approved,
Institut Ilmu Kesehatan dan Teknologi Muhammadiyah Palembang,institut ilmu kesehatan dan teknologi muhammadiyah palembang,university,,,10653fdd-f373-432e-9aa9-9165254e1031,bima_kemdiktisaintek,https://apibima.kemdiktisaintek.go.id/api/v1/ecatalog/perguruantinggi/search?page=169&limit=10,approved,
Sekolah Tinggi Ilmu Ekonomi Indonesia Malang,sekolah tinggi ilmu ekonomi indonesia malang,university,,,10badef7-058a-4338-bfaf-d7428adc35b4,bima_kemdiktisaintek,https://apibima.kemdiktisaintek.go.id/api/v1/ecatalog/perguruantinggi/search?page=169&limit=10,approved,
STMIK Indonesia Banjarmasin,stmik indonesia banjarmasin,university,,,112a16e2-097a-45aa-b93f-d0250060315a,bima_kemdiktisaintek,https://apibima.kemdiktisaintek.go.id/api/v1/ecatalog/perguruantinggi/search?page=169&limit=10,approved,
STIKES Nahdlatul Ulama Tuban,stikes nahdlatul ulama tuban,university,,,11db9ef4-8de5-4447-9c1d-4d8477cca01f,bima_kemdiktisaintek,https://apibima.kemdiktisaintek.go.id/api/v1/ecatalog/perguruantinggi/search?page=169&limit=10,approved,
STIKES Insan Cendekia Husada Bojonegoro,stikes insan cendekia husada bojonegoro,university,,,144f8e1f-50c3-4dbb-822a-0bea106f17fe,bima_kemdiktisaintek,https://apibima.kemdiktisaintek.go.id/api/v1/ecatalog/perguruantinggi/search?page=170&limit=10,approved,
Sekolah Tinggi Ilmu Kesehatan Khas Kempek,sekolah tinggi ilmu kesehatan khas kempek,university,,,189d353c-6564-4b14-a81d-1698189ceb72,bima_kemdiktisaintek,https://apibima.kemdiktisaintek.go.id/api/v1/ecatalog/perguruantinggi/search?page=170&limit=10,approved,
STIKES Kharisma Persada,stikes kharisma persada,university,,,1b0bdd72-fb9a-4e96-97e7-497cd4b578a2,bima_kemdiktisaintek,https://apibima.kemdiktisaintek.go.id/api/v1/ecatalog/perguruantinggi/search?page=170&limit=10,approved,
Universitas Dharma AUB Surakarta,universitas dharma aub surakarta,university,,,1f0d256b-1d78-453d-8596-53b2a14c854c,bima_kemdiktisaintek,https://apibima.kemdiktisaintek.go.id/api/v1/ecatalog/perguruantinggi/search?page=170&limit=10,approved,
Sekolah Tinggi Ilmu Ekonomi Pertiwi,sekolah tinggi ilmu ekonomi pertiwi,university,,,2355c6f1-4893-4c79-b505-4722098e2901,bima_kemdiktisaintek,https://apibima.kemdiktisaintek.go.id/api/v1/ecatalog/perguruantinggi/search?page=170&limit=10,approved,
STMIK Tidore Mandiri,stmik tidore mandiri,university,,,236d8ecf-7c7d-4e5e-8841-c96d175b783c,bima_kemdiktisaintek,https://apibima.kemdiktisaintek.go.id/api/v1/ecatalog/perguruantinggi/search?page=170&limit=10,approved,
Sekolah Tinggi Keguruan dan Ilmu Pendidikan Muhammadiyah Batang,sekolah tinggi keguruan dan ilmu pendidikan muhammadiyah batang,university,,,27b58556-ab0b-4ce5-95ee-ad5478318542,bima_kemdiktisaintek,https://apibima.kemdiktisaintek.go.id/api/v1/ecatalog/perguruantinggi/search?page=170&limit=10,approved,
Sekolah Tinggi Bahasa Asing Saraswati,sekolah tinggi bahasa asing saraswati,university,,,2c280372-3a33-4625-8a84-4e8bd35d5ab5,bima_kemdiktisaintek,https://apibima.kemdiktisaintek.go.id/api/v1/ecatalog/perguruantinggi/search?page=170&limit=10,approved,
Universitas Nias,universitas nias,university,,,329da211-2e5d-4873-9889-ad5bc7a3b83a,bima_kemdiktisaintek,https://apibima.kemdiktisaintek.go.id/api/v1/ecatalog/perguruantinggi/search?page=170&limit=10,approved,
Universitas Al-Khairiyah,universitas al-khairiyah,university,,,3386a6c2-6297-48e3-9201-7c94a6307271,bima_kemdiktisaintek,https://apibima.kemdiktisaintek.go.id/api/v1/ecatalog/perguruantinggi/search?page=170&limit=10,approved,
Sekolah Tinggi Ilmu Ekonomi La Tansa Mashiro,sekolah tinggi ilmu ekonomi la tansa mashiro,university,,,390fd430-3ab9-41a0-bf94-17723525929e,bima_kemdiktisaintek,https://apibima.kemdiktisaintek.go.id/api/v1/ecatalog/perguruantinggi/search?page=171&limit=10,approved,
Institut Pendidikan dan Teknologi `Aisyiyah Riau,institut pendidikan dan teknologi `aisyiyah riau,university,,,3a5bf33d-4c5d-4332-896a-1f6ae6257e79,bima_kemdiktisaintek,https://apibima.kemdiktisaintek.go.id/api/v1/ecatalog/perguruantinggi/search?page=171&limit=10,approved,
Universitas Sali Al-Aitaam,universitas sali al-aitaam,university,,,3b38849a-f389-4807-9696-0a27ef3524fc,bima_kemdiktisaintek,https://apibima.kemdiktisaintek.go.id/api/v1/ecatalog/perguruantinggi/search?page=171&limit=10,approved,
Universitas Suralaya,universitas suralaya,university,,,3fea100d-fc25-41a9-b799-ed9aab32a65c,bima_kemdiktisaintek,https://apibima.kemdiktisaintek.go.id/api/v1/ecatalog/perguruantinggi/search?page=171&limit=10,approved,
Universitas Pat Petulai,universitas pat petulai,university,,,45babd94-1744-41c8-b23a-f7a6973fd57e,bima_kemdiktisaintek,https://apibima.kemdiktisaintek.go.id/api/v1/ecatalog/perguruantinggi/search?page=171&limit=10,approved,
STKIP Muhammadiyah Kalabahi,stkip muhammadiyah kalabahi,university,,,47788c64-517c-401f-b327-125810e853e6,bima_kemdiktisaintek,https://apibima.kemdiktisaintek.go.id/api/v1/ecatalog/perguruantinggi/search?page=171&limit=10,approved,
STIKESMAS Nusantara,stikesmas nusantara,university,,,48760d71-f5b7-4ee7-b42a-b7c323fb5628,bima_kemdiktisaintek,https://apibima.kemdiktisaintek.go.id/api/v1/ecatalog/perguruantinggi/search?page=171&limit=10,approved,
Institut Teknologi dan Bisnis Muhammadiyah Banyuwangi,institut teknologi dan bisnis muhammadiyah banyuwangi,university,,,499e625b-f5c0-4802-9158-cea09fdb7846,bima_kemdiktisaintek,https://apibima.kemdiktisaintek.go.id/api/v1/ecatalog/perguruantinggi/search?page=171&limit=10,approved,
Sekolah Tinggi Ilmu Kesehatan Bina Bangsa Majene,sekolah tinggi ilmu kesehatan bina bangsa majene,university,,,4c40ccad-e709-4e46-be19-18b354b0dd0b,bima_kemdiktisaintek,https://apibima.kemdiktisaintek.go.id/api/v1/ecatalog/perguruantinggi/search?page=171&limit=10,approved,
Universitas Alifah Padang,universitas alifah padang,university,,,4f73f358-c30e-4ac4-98eb-589ed09fd07d,bima_kemdiktisaintek,https://apibima.kemdiktisaintek.go.id/api/v1/ecatalog/perguruantinggi/search?page=171&limit=10,approved,
Sekolah Tinggi Ilmu Hukum IBLAM,sekolah tinggi ilmu hukum iblam,university,,,503f2766-b9ac-4125-8ce4-5db54630fe71,bima_kemdiktisaintek,https://apibima.kemdiktisaintek.go.id/api/v1/ecatalog/perguruantinggi/search?page=172&limit=10,approved,
Sekolah Tinggi Ilmu Kesehatan Indonesia Jaya,sekolah tinggi ilmu kesehatan indonesia jaya,university,,,50b7dcdd-2116-454f-8edb-bfa35e90d38d,bima_kemdiktisaintek,https://apibima.kemdiktisaintek.go.id/api/v1/ecatalog/perguruantinggi/search?page=172&limit=10,approved,
Sekolah Tinggi Ilmu Komunikasi Yogyakarta,sekolah tinggi ilmu komunikasi yogyakarta,university,,,517470ad-cafb-4b98-bfe2-9bd0fe63e4c6,bima_kemdiktisaintek,https://apibima.kemdiktisaintek.go.id/api/v1/ecatalog/perguruantinggi/search?page=172&limit=10,approved,
Institut Seni Indonesia Bali,institut seni indonesia bali,university,,,562e80f0-dba2-4918-971a-7440ea0ee9c2,bima_kemdiktisaintek,https://apibima.kemdiktisaintek.go.id/api/v1/ecatalog/perguruantinggi/search?page=172&limit=10,approved,
STMIK Dumai,stmik dumai,university,,,56bf687c-cff9-4d3d-9828-423382954118,bima_kemdiktisaintek,https://apibima.kemdiktisaintek.go.id/api/v1/ecatalog/perguruantinggi/search?page=172&limit=10,approved,
Sekolah Tinggi Ilmu Ekonomi SBI,sekolah tinggi ilmu ekonomi sbi,university,,,57799c27-bf7e-45de-be1b-ecc61ebfeb5c,bima_kemdiktisaintek,https://apibima.kemdiktisaintek.go.id/api/v1/ecatalog/perguruantinggi/search?page=172&limit=10,approved,
Sekolah Tinggi Ilmu Ekonomi Galileo,sekolah tinggi ilmu ekonomi galileo,university,,,579826b9-34ae-44a5-821b-a1b60402555d,bima_kemdiktisaintek,https://apibima.kemdiktisaintek.go.id/api/v1/ecatalog/perguruantinggi/search?page=172&limit=10,approved,
Sekolah Tinggi Manajemen Informatika dan Komputer CIC,sekolah tinggi manajemen informatika dan komputer cic,university,,,57bf7411-3a7f-41ae-9f1e-939e9d75dc89,bima_kemdiktisaintek,https://apibima.kemdiktisaintek.go.id/api/v1/ecatalog/perguruantinggi/search?page=172&limit=10,approved,
Sekolah Tinggi Ilmu Ekonomi Karya,sekolah tinggi ilmu ekonomi karya,university,,,5dba14c8-208d-48db-9240-4d37b2f0b0f1,bima_kemdiktisaintek,https://apibima.kemdiktisaintek.go.id/api/v1/ecatalog/perguruantinggi/search?page=172&limit=10,approved,
Sekolah Tinggi Ilmu Ekonomi Port Numbay Jayapura,sekolah tinggi ilmu ekonomi port numbay jayapura,university,,,6019f557-71b6-4142-b2ab-78034e8b4d75,bima_kemdiktisaintek,https://apibima.kemdiktisaintek.go.id/api/v1/ecatalog/perguruantinggi/search?page=172&limit=10,approved,
STIKES Awal Bros Batam,stikes awal bros batam,university,,,609b7976-fad8-403e-920a-e57f2ba0910b,bima_kemdiktisaintek,https://apibima.kemdiktisaintek.go.id/api/v1/ecatalog/perguruantinggi/search?page=173&limit=10,approved,
Sekolah Tinggi Ilmu Kesehatan Bogor Husada,sekolah tinggi ilmu kesehatan bogor husada,university,,,61a4425a-bd08-461e-a7d8-21872dcbd5e6,bima_kemdiktisaintek,https://apibima.kemdiktisaintek.go.id/api/v1/ecatalog/perguruantinggi/search?page=173&limit=10,approved,
Sekolah Tinggi Ilmu Ekonomi Koperasi Malang,sekolah tinggi ilmu ekonomi koperasi malang,university,,,624166b4-04d6-4b7a-98fa-2aa22b4d0f0c,bima_kemdiktisaintek,https://apibima.kemdiktisaintek.go.id/api/v1/ecatalog/perguruantinggi/search?page=173&limit=10,approved,
Universitas Muhammadiyah Brebes,universitas muhammadiyah brebes,university,,,62d320e6-ff7b-4485-ace6-269408e3fffa,bima_kemdiktisaintek,https://apibima.kemdiktisaintek.go.id/api/v1/ecatalog/perguruantinggi/search?page=173&limit=10,approved,
Universitas Sunan Giri,universitas sunan giri,university,,,6439cda5-7952-41f5-a489-ccac4d0daab8,bima_kemdiktisaintek,https://apibima.kemdiktisaintek.go.id/api/v1/ecatalog/perguruantinggi/search?page=173&limit=10,approved,
Universitas Pawyatan Daha,universitas pawyatan daha,university,,,66e630f0-1361-42de-ad0c-9a5ed431fb2b,bima_kemdiktisaintek,https://apibima.kemdiktisaintek.go.id/api/v1/ecatalog/perguruantinggi/search?page=173&limit=10,approved,
Universitas Sehati Indonesia,universitas sehati indonesia,university,,,6af74784-3e82-4e25-9fbb-af1ed2ebcdd3,bima_kemdiktisaintek,https://apibima.kemdiktisaintek.go.id/api/v1/ecatalog/perguruantinggi/search?page=173&limit=10,approved,
Sekolah Tinggi Manajemen Informatika dan Komputer Komputama Majenang,sekolah tinggi manajemen informatika dan komputer komputama majenang,university,,,6c040f3a-4b96-4873-babd-c1154e4952f6,bima_kemdiktisaintek,https://apibima.kemdiktisaintek.go.id/api/v1/ecatalog/perguruantinggi/search?page=173&limit=10,approved,
Institut Nasional Flores,institut nasional flores,university,,,6cfb3115-52a1-45f2-b5d0-dd09c8901609,bima_kemdiktisaintek,https://apibima.kemdiktisaintek.go.id/api/v1/ecatalog/perguruantinggi/search?page=173&limit=10,approved,
STIKES Nurul Hasanah Kutacane,stikes nurul hasanah kutacane,university,,,6d621c0d-b812-474d-8863-2c640e21be88,bima_kemdiktisaintek,https://apibima.kemdiktisaintek.go.id/api/v1/ecatalog/perguruantinggi/search?page=173&limit=10,approved,
Institut Teknologi dan Kesehatan Sumatera Utara,institut teknologi dan kesehatan sumatera utara,university,,,6df7d254-3368-4448-a47e-1be6c48640f0,bima_kemdiktisaintek,https://apibima.kemdiktisaintek.go.id/api/v1/ecatalog/perguruantinggi/search?page=174&limit=10,approved,
STMIK IM,stmik im,university,,,6eb3f4fd-26ba-4abb-ad41-584b53620e84,bima_kemdiktisaintek,https://apibima.kemdiktisaintek.go.id/api/v1/ecatalog/perguruantinggi/search?page=174&limit=10,approved,
STISIP Merdeka Manado,stisip merdeka manado,university,,,6ff4f846-f8c8-4435-bd02-288ef3e0caa2,bima_kemdiktisaintek,https://apibima.kemdiktisaintek.go.id/api/v1/ecatalog/perguruantinggi/search?page=174&limit=10,approved,
Sekolah Tinggi Ilmu Manajemen Indonesia Handayani,sekolah tinggi ilmu manajemen indonesia handayani,university,,,72d6dab2-0259-4281-8954-3157f7514296,bima_kemdiktisaintek,https://apibima.kemdiktisaintek.go.id/api/v1/ecatalog/perguruantinggi/search?page=174&limit=10,approved,
STKIP Surya,stkip surya,university,,,735c17cb-0b05-4508-945c-225aed34807d,bima_kemdiktisaintek,https://apibima.kemdiktisaintek.go.id/api/v1/ecatalog/perguruantinggi/search?page=174&limit=10,approved,
Universitas Doktor Nugroho Magetan,universitas doktor nugroho magetan,university,,,742beb51-dd08-4ad9-9771-0e4edb6254bc,bima_kemdiktisaintek,https://apibima.kemdiktisaintek.go.id/api/v1/ecatalog/perguruantinggi/search?page=174&limit=10,approved,
Sekolah Tinggi Ilmu Ekonomi YAI,sekolah tinggi ilmu ekonomi yai,university,,,76ac063f-3443-4d97-b651-49851d24498c,bima_kemdiktisaintek,https://apibima.kemdiktisaintek.go.id/api/v1/ecatalog/perguruantinggi/search?page=174&limit=10,approved,
STKIP Pelita Pratama,stkip pelita pratama,university,,,7907d5d2-3cbb-4bb9-815d-d7745e7b0b88,bima_kemdiktisaintek,https://apibima.kemdiktisaintek.go.id/api/v1/ecatalog/perguruantinggi/search?page=174&limit=10,approved,
Sekolah Tinggi Ilmu Kesehatan Holistik,sekolah tinggi ilmu kesehatan holistik,university,,,8092f75a-b4cb-419f-bffc-aa86b2e52237,bima_kemdiktisaintek,https://apibima.kemdiktisaintek.go.id/api/v1/ecatalog/perguruantinggi/search?page=174&limit=10,approved,
STMIK Mikroskil,stmik mikroskil,university,,,824a46e1-dcc5-47e9-ae6d-877f257f4874,bima_kemdiktisaintek,https://apibima.kemdiktisaintek.go.id/api/v1/ecatalog/perguruantinggi/search?page=174&limit=10,approved,
Sekolah Tinggi Teknologi Mutu Muhammadiyah,sekolah tinggi teknologi mutu muhammadiyah,university,,,83dc7575-4a46-4930-bb0e-d377de052eb0,bima_kemdiktisaintek,https://apibima.kemdiktisaintek.go.id/api/v1/ecatalog/perguruantinggi/search?page=175&limit=10,approved,
STMIK Balikpapan,stmik balikpapan,university,,,84d837f6-a383-4af9-9f40-fca7359c43e3,bima_kemdiktisaintek,https://apibima.kemdiktisaintek.go.id/api/v1/ecatalog/perguruantinggi/search?page=175&limit=10,approved,
STIKES Bina Nusantara,stikes bina nusantara,university,,,85770926-b215-4312-adff-7b4e660d09eb,bima_kemdiktisaintek,https://apibima.kemdiktisaintek.go.id/api/v1/ecatalog/perguruantinggi/search?page=175&limit=10,approved,
Sekolah Tinggi Ilmu Kesehatan YKY Yogyakarta,sekolah tinggi ilmu kesehatan yky yogyakarta,university,,,89971484-552a-4d9f-a253-1ee3f60b2a4d,bima_kemdiktisaintek,https://apibima.kemdiktisaintek.go.id/api/v1/ecatalog/perguruantinggi/search?page=175&limit=10,approved,
STKIP PGRI Situbondo,stkip pgri situbondo,university,,,8a7167b0-0b78-4e3c-b332-7bd134f2a3bd,bima_kemdiktisaintek,https://apibima.kemdiktisaintek.go.id/api/v1/ecatalog/perguruantinggi/search?page=175&limit=10,approved,
STISIP Imam Bonjol,stisip imam bonjol,university,,,8b125ef9-9dbc-49e8-a606-d3dab4b0414a,bima_kemdiktisaintek,https://apibima.kemdiktisaintek.go.id/api/v1/ecatalog/perguruantinggi/search?page=175&limit=10,approved,
Sekolah Tinggi Ilmu Kesehatan RS Dustira,sekolah tinggi ilmu kesehatan rs dustira,university,,,8e2aebb0-b485-44cc-9f93-8987bea9327d,bima_kemdiktisaintek,https://apibima.kemdiktisaintek.go.id/api/v1/ecatalog/perguruantinggi/search?page=175&limit=10,approved,
STMIK Bina Insani,stmik bina insani,university,,,8ecfb006-2de0-48e9-810f-c33a1838c364,bima_kemdiktisaintek,https://apibima.kemdiktisaintek.go.id/api/v1/ecatalog/perguruantinggi/search?page=175&limit=10,approved,
Institut Teknologi Bisnis dan Kesehatan Muhammadiyah Muna Barat,institut teknologi bisnis dan kesehatan muhammadiyah muna barat,university,,,915d84dc-be3c-4e57-9e3d-30bbdd6c51ea,bima_kemdiktisaintek,https://apibima.kemdiktisaintek.go.id/api/v1/ecatalog/perguruantinggi/search?page=175&limit=10,approved,
Sekolah Tinggi Manajemen Informatika dan Komputer Jakarta STI&K,sekolah tinggi manajemen informatika dan komputer jakarta sti&k,university,,,953e9153-84f9-4ffc-88e0-d1987b8ecd3b,bima_kemdiktisaintek,https://apibima.kemdiktisaintek.go.id/api/v1/ecatalog/perguruantinggi/search?page=175&limit=10,approved,
Sekolah Tinggi Ilmu Kesehatan Bhakti Husada Cikarang,sekolah tinggi ilmu kesehatan bhakti husada cikarang,university,,,998b21c3-919b-464d-9988-f9dc768e9fe7,bima_kemdiktisaintek,https://apibima.kemdiktisaintek.go.id/api/v1/ecatalog/perguruantinggi/search?page=176&limit=10,approved,
Sekolah Tinggi Ilmu Ekonomi Manajemen Bisnis Indonesia,sekolah tinggi ilmu ekonomi manajemen bisnis indonesia,university,,,9bb0a5a7-d1cd-4366-9e45-fdfd024580d7,bima_kemdiktisaintek,https://apibima.kemdiktisaintek.go.id/api/v1/ecatalog/perguruantinggi/search?page=176&limit=10,approved,
STMIK - STIKOM,stmik - stikom,university,,,a2b5f6a9-429b-48a3-9efd-fc1465ee0a3c,bima_kemdiktisaintek,https://apibima.kemdiktisaintek.go.id/api/v1/ecatalog/perguruantinggi/search?page=176&limit=10,approved,
Sekolah Tinggi Ilmu Pemerintahan Abdi Negara,sekolah tinggi ilmu pemerintahan abdi negara,university,,,a33eb0d5-e813-47bf-bf48-5a8e3e1aedca,bima_kemdiktisaintek,https://apibima.kemdiktisaintek.go.id/api/v1/ecatalog/perguruantinggi/search?page=176&limit=10,approved,
Sekolah Tinggi Ilmu Pertanian Sriwigama,sekolah tinggi ilmu pertanian sriwigama,university,,,a82a386b-047c-41ba-aa40-aa5c0487d3a7,bima_kemdiktisaintek,https://apibima.kemdiktisaintek.go.id/api/v1/ecatalog/perguruantinggi/search?page=176&limit=10,approved,
Universitas IPWIJA,universitas ipwija,university,,,a8cacfba-b0a2-4954-b30c-31854400a41f,bima_kemdiktisaintek,https://apibima.kemdiktisaintek.go.id/api/v1/ecatalog/perguruantinggi/search?page=176&limit=10,approved,
Institut Kesehatan Hermina,institut kesehatan hermina,university,,,ad160ecb-c758-4dd5-a133-134babe6241c,bima_kemdiktisaintek,https://apibima.kemdiktisaintek.go.id/api/v1/ecatalog/perguruantinggi/search?page=176&limit=10,approved,
Universitas Muhammadiyah Papua Barat,universitas muhammadiyah papua barat,university,,,aef33818-811d-4532-81a2-1a14c8baa111,bima_kemdiktisaintek,https://apibima.kemdiktisaintek.go.id/api/v1/ecatalog/perguruantinggi/search?page=176&limit=10,approved,
Universitas Bunda Thamrin,universitas bunda thamrin,university,,,afcadd65-efd2-4381-a560-2ab6e9874c8d,bima_kemdiktisaintek,https://apibima.kemdiktisaintek.go.id/api/v1/ecatalog/perguruantinggi/search?page=176&limit=10,approved,
Sekolah Tinggi Ilmu Kesehatan Tarumanagara,sekolah tinggi ilmu kesehatan tarumanagara,university,,,b489bf21-27d2-40aa-baef-8763d68e3a88,bima_kemdiktisaintek,https://apibima.kemdiktisaintek.go.id/api/v1/ecatalog/perguruantinggi/search?page=176&limit=10,approved,
Sekolah Tinggi Ilmu Manajemen Indonesia YAPMI,sekolah tinggi ilmu manajemen indonesia yapmi,university,,,b61722a1-cb49-4486-b676-389ab8864509,bima_kemdiktisaintek,https://apibima.kemdiktisaintek.go.id/api/v1/ecatalog/perguruantinggi/search?page=177&limit=10,approved,
Universitas Siber Asia,universitas siber asia,university,,,b6e2090f-c822-4b80-bc48-88b2f6f26e3c,bima_kemdiktisaintek,https://apibima.kemdiktisaintek.go.id/api/v1/ecatalog/perguruantinggi/search?page=177&limit=10,approved,
IKIP PGRI Kaltim,ikip pgri kaltim,university,,,b6edac7e-22ad-4538-a651-4592ccade021,bima_kemdiktisaintek,https://apibima.kemdiktisaintek.go.id/api/v1/ecatalog/perguruantinggi/search?page=177&limit=10,approved,
Universitas Muhammadiyah Berau,universitas muhammadiyah berau,university,,,b8685203-48ef-48c9-ad2c-e732a09c40f1,bima_kemdiktisaintek,https://apibima.kemdiktisaintek.go.id/api/v1/ecatalog/perguruantinggi/search?page=177&limit=10,approved,
STIE Mikroskil,stie mikroskil,university,,,beb84e22-5c37-4785-a6c5-f5b165f90dbf,bima_kemdiktisaintek,https://apibima.kemdiktisaintek.go.id/api/v1/ecatalog/perguruantinggi/search?page=177&limit=10,approved,
Sekolah Tinggi Kesehatan Ar-Rum,sekolah tinggi kesehatan ar-rum,university,,,c1beb0b7-fd66-408d-b1fb-d9170156c362,bima_kemdiktisaintek,https://apibima.kemdiktisaintek.go.id/api/v1/ecatalog/perguruantinggi/search?page=177&limit=10,approved,
Universitas Mayasari Bakti,universitas mayasari bakti,university,,,c32bea14-61f0-4983-9edb-65f549efb8e3,bima_kemdiktisaintek,https://apibima.kemdiktisaintek.go.id/api/v1/ecatalog/perguruantinggi/search?page=177&limit=10,approved,
Sekolah Tinggi Ilmu Ekonomi Binaniaga,sekolah tinggi ilmu ekonomi binaniaga,university,,,c4b125fd-33b7-40c2-bf74-19e33252b19a,bima_kemdiktisaintek,https://apibima.kemdiktisaintek.go.id/api/v1/ecatalog/perguruantinggi/search?page=177&limit=10,approved,
STIKES IST Buton,stikes ist buton,university,,,c540ddf4-cb07-470c-91c5-05222c4d7911,bima_kemdiktisaintek,https://apibima.kemdiktisaintek.go.id/api/v1/ecatalog/perguruantinggi/search?page=177&limit=10,approved,
Sekolah Tinggi Ilmu Kesehatan IKIFA,sekolah tinggi ilmu kesehatan ikifa,university,,,cb46759e-5159-4037-8a93-9833f870b76d,bima_kemdiktisaintek,https://apibima.kemdiktisaintek.go.id/api/v1/ecatalog/perguruantinggi/search?page=177&limit=10,approved,
STMIK Logika,stmik logika,university,,,cee7c9cb-582d-415c-b7ca-80da8c5cec54,bima_kemdiktisaintek,https://apibima.kemdiktisaintek.go.id/api/v1/ecatalog/perguruantinggi/search?page=178&limit=10,approved,
Sekolah Tinggi Ilmu Ekonomi Pioner Manado,sekolah tinggi ilmu ekonomi pioner manado,university,,,d06dbeb1-191b-431f-8272-9997522990ba,bima_kemdiktisaintek,https://apibima.kemdiktisaintek.go.id/api/v1/ecatalog/perguruantinggi/search?page=178&limit=10,approved,
Universitas Teknologi Digital,universitas teknologi digital,university,,,d1c6cdab-f74a-4243-b823-f7e60b228cff,bima_kemdiktisaintek,https://apibima.kemdiktisaintek.go.id/api/v1/ecatalog/perguruantinggi/search?page=178&limit=10,approved,
Sekolah Tinggi Ilmu Kesehatan Widya Husada,sekolah tinggi ilmu kesehatan widya husada,university,,,d1dfa808-debd-4dc3-847b-289d3147895d,bima_kemdiktisaintek,https://apibima.kemdiktisaintek.go.id/api/v1/ecatalog/perguruantinggi/search?page=178&limit=10,approved,
STKIP Panca Sakti Bekasi,stkip panca sakti bekasi,university,,,d30fa59a-54e1-48eb-b5af-aea11aa0fb57,bima_kemdiktisaintek,https://apibima.kemdiktisaintek.go.id/api/v1/ecatalog/perguruantinggi/search?page=178&limit=10,approved,
Sekolah Tinggi Ilmu Ekonomi Amsir Pare-pare,sekolah tinggi ilmu ekonomi amsir pare-pare,university,,,d447764a-e699-4dbb-a54d-d44d6fc82db5,bima_kemdiktisaintek,https://apibima.kemdiktisaintek.go.id/api/v1/ecatalog/perguruantinggi/search?page=178&limit=10,approved,
Institut Teknologi dan Bisnis Muhammadiyah Bali,institut teknologi dan bisnis muhammadiyah bali,university,,,d644d134-1452-4e3d-80f2-c25a9cc53212,bima_kemdiktisaintek,https://apibima.kemdiktisaintek.go.id/api/v1/ecatalog/perguruantinggi/search?page=178&limit=10,approved,
STIKES Ibnu Sina Ajibarang,stikes ibnu sina ajibarang,university,,,d6b73573-4033-47d7-a237-00a5624e47af,bima_kemdiktisaintek,https://apibima.kemdiktisaintek.go.id/api/v1/ecatalog/perguruantinggi/search?page=178&limit=10,approved,
Institut Batari Toja Bone,institut batari toja bone,university,,,d9ac9d19-ad0e-4da8-a859-a65442af872a,bima_kemdiktisaintek,https://apibima.kemdiktisaintek.go.id/api/v1/ecatalog/perguruantinggi/search?page=178&limit=10,approved,
Sekolah Tinggi Ilmu Administrasi Lancang Kuning,sekolah tinggi ilmu administrasi lancang kuning,university,,,da87c8e6-90f7-4711-9e56-549fef487a37,bima_kemdiktisaintek,https://apibima.kemdiktisaintek.go.id/api/v1/ecatalog/perguruantinggi/search?page=178&limit=10,approved,
STMIK Jaya Nusa,stmik jaya nusa,university,,,dc1fef82-d8de-415e-953d-cb01e5fc52d9,bima_kemdiktisaintek,https://apibima.kemdiktisaintek.go.id/api/v1/ecatalog/perguruantinggi/search?page=179&limit=10,approved,
Universitas Nurul Hasanah Kutacane,universitas nurul hasanah kutacane,university,,,de8ae21a-044b-4f1b-ba1b-52c9c8ff3ee3,bima_kemdiktisaintek,https://apibima.kemdiktisaintek.go.id/api/v1/ecatalog/perguruantinggi/search?page=179&limit=10,approved,
Universitas Deztron Indonesia,universitas deztron indonesia,university,,,df8eea25-72ed-4c64-a9a2-d27d0092376f,bima_kemdiktisaintek,https://apibima.kemdiktisaintek.go.id/api/v1/ecatalog/perguruantinggi/search?page=179&limit=10,approved,
Institut Teknologi dan Bisnis Bina Adinata,institut teknologi dan bisnis bina adinata,university,,,e268aed2-4733-4a25-8e69-4d58de33640a,bima_kemdiktisaintek,https://apibima.kemdiktisaintek.go.id/api/v1/ecatalog/perguruantinggi/search?page=179&limit=10,approved,
Sekolah Tinggi Ilmu Sosial Politik Wira Bhakti,sekolah tinggi ilmu sosial politik wira bhakti,university,,,e48faeef-d0fd-470a-9f14-7978e236a3fe,bima_kemdiktisaintek,https://apibima.kemdiktisaintek.go.id/api/v1/ecatalog/perguruantinggi/search?page=179&limit=10,approved,
Sekolah Tinggi Ilmu Kesehatan Avicenna,sekolah tinggi ilmu kesehatan avicenna,university,,,ead57a1f-ae76-4618-953e-a1e8ab97aae6,bima_kemdiktisaintek,https://apibima.kemdiktisaintek.go.id/api/v1/ecatalog/perguruantinggi/search?page=179&limit=10,approved,
Universitas Nahdlatul Ulama Maluku Utara,universitas nahdlatul ulama maluku utara,university,,,eb64409a-9451-4239-abe6-054a8af7382b,bima_kemdiktisaintek,https://apibima.kemdiktisaintek.go.id/api/v1/ecatalog/perguruantinggi/search?page=179&limit=10,approved,
STIMIK Lamappapoleonro,stimik lamappapoleonro,university,,,ed767bcc-b789-4be6-ae5c-1d188bc4e1c1,bima_kemdiktisaintek,https://apibima.kemdiktisaintek.go.id/api/v1/ecatalog/perguruantinggi/search?page=179&limit=10,approved,
STKIP PGRI Metro,stkip pgri metro,university,,,eebe1a69-9823-4a4f-a0d2-25ec3222fa84,bima_kemdiktisaintek,https://apibima.kemdiktisaintek.go.id/api/v1/ecatalog/perguruantinggi/search?page=179&limit=10,approved,
STIKES Nauli Husada,stikes nauli husada,university,,,f29361ad-dcd8-43d0-bcc1-956e229fd496,bima_kemdiktisaintek,https://apibima.kemdiktisaintek.go.id/api/v1/ecatalog/perguruantinggi/search?page=179&limit=10,approved,
Sekolah Tinggi Ilmu Kesehatan Panti Kosala,sekolah tinggi ilmu kesehatan panti kosala,university,,,f29ad0b0-c250-4b2f-831a-b9d1781cde46,bima_kemdiktisaintek,https://apibima.kemdiktisaintek.go.id/api/v1/ecatalog/perguruantinggi/search?page=180&limit=10,approved,
Sekolah Tinggi Ilmu Ekonomi Mulia Darma Pratama,sekolah tinggi ilmu ekonomi mulia darma pratama,university,,,f330bfe9-480e-4fb4-8319-96530d13ebb7,bima_kemdiktisaintek,https://apibima.kemdiktisaintek.go.id/api/v1/ecatalog/perguruantinggi/search?page=180&limit=10,approved,
Sekolah Tinggi Kesehatan Al-Fatah Bengkulu,sekolah tinggi kesehatan al-fatah bengkulu,university,,,f5457080-988d-496f-b6d4-3e40f4f82fdd,bima_kemdiktisaintek,https://apibima.kemdiktisaintek.go.id/api/v1/ecatalog/perguruantinggi/search?page=180&limit=10,approved,
Sekolah Tinggi Ilmu Administrasi Sebelas April,sekolah tinggi ilmu administrasi sebelas april,university,,,fb45a4bc-1bd2-41b4-bfbe-ce4b5667b2f3,bima_kemdiktisaintek,https://apibima.kemdiktisaintek.go.id/api/v1/ecatalog/perguruantinggi/search?page=180&limit=10,approved,
Sekolah Tinggi Ilmu Pertanian Labuhan Batu,sekolah tinggi ilmu pertanian labuhan batu,university,,,fb6101cb-0777-4416-803f-3f36e9659fff,bima_kemdiktisaintek,https://apibima.kemdiktisaintek.go.id/api/v1/ecatalog/perguruantinggi/search?page=180&limit=10,approved,
STMIK Jabar,stmik jabar,university,,,fbd59c58-9777-4250-b23c-c00697a424f9,bima_kemdiktisaintek,https://apibima.kemdiktisaintek.go.id/api/v1/ecatalog/perguruantinggi/search?page=180&limit=10,approved,
STISIPOL Dharma Wacana,stisipol dharma wacana,university,,,fbdb6973-63d3-4cf6-a6e4-183521b2d9f4,bima_kemdiktisaintek,https://apibima.kemdiktisaintek.go.id/api/v1/ecatalog/perguruantinggi/search?page=180&limit=10,approved,
STIKES An Nasher Cirebon,stikes an nasher cirebon,university,,,00a1035c-a833-4944-af77-b2d8c684ce50,bima_kemdiktisaintek,https://apibima.kemdiktisaintek.go.id/api/v1/ecatalog/perguruantinggi/search?page=180&limit=10,approved,
Universitas Bima Sakapenta,universitas bima sakapenta,university,,,00c781cb-3ce2-4f78-aa71-2516549a8279,bima_kemdiktisaintek,https://apibima.kemdiktisaintek.go.id/api/v1/ecatalog/perguruantinggi/search?page=180&limit=10,approved,
Sekolah Tinggi Ilmu Administrasi Pelita Nusantara,sekolah tinggi ilmu administrasi pelita nusantara,university,,,0154bb56-e974-476e-9815-7e8b47ada85c,bima_kemdiktisaintek,https://apibima.kemdiktisaintek.go.id/api/v1/ecatalog/perguruantinggi/search?page=180&limit=10,approved,
Sekolah Tinggi Teknologi Garut,sekolah tinggi teknologi garut,university,,,021d5d2b-a36f-4dfd-be72-057ed78615c6,bima_kemdiktisaintek,https://apibima.kemdiktisaintek.go.id/api/v1/ecatalog/perguruantinggi/search?page=181&limit=10,approved,
Sekolah Tinggi Ilmu Ekonomi St Pignatelli,sekolah tinggi ilmu ekonomi st pignatelli,university,,,03fe5fed-6c54-4527-96be-ea47a4184f69,bima_kemdiktisaintek,https://apibima.kemdiktisaintek.go.id/api/v1/ecatalog/perguruantinggi/search?page=181&limit=10,approved,
Institut Az Zuhra,institut az zuhra,university,,,044458e5-ba61-4849-9d32-789387d80aeb,bima_kemdiktisaintek,https://apibima.kemdiktisaintek.go.id/api/v1/ecatalog/perguruantinggi/search?page=181&limit=10,approved,
STIM Boalemo,stim boalemo,university,,,06b7dcc7-a7be-42d2-9069-51a0a72fbe4c,bima_kemdiktisaintek,https://apibima.kemdiktisaintek.go.id/api/v1/ecatalog/perguruantinggi/search?page=181&limit=10,approved,
Sekolah Tinggi Ilmu Kesehatan Al Ma arif,sekolah tinggi ilmu kesehatan al ma arif,university,,,078f673c-12c0-4347-baed-0acd9630c430,bima_kemdiktisaintek,https://apibima.kemdiktisaintek.go.id/api/v1/ecatalog/perguruantinggi/search?page=181&limit=10,approved,
Sekolah Tinggi Ilmu Ekonomi Ichsan Sidenreng Rappang,sekolah tinggi ilmu ekonomi ichsan sidenreng rappang,university,,,10aba983-77a9-478c-859c-f021d5259c63,bima_kemdiktisaintek,https://apibima.kemdiktisaintek.go.id/api/v1/ecatalog/perguruantinggi/search?page=181&limit=10,approved,
STIE Graha Karya Muara Bulian,stie graha karya muara bulian,university,,,1130675e-495b-488b-b802-7f10ace07616,bima_kemdiktisaintek,https://apibima.kemdiktisaintek.go.id/api/v1/ecatalog/perguruantinggi/search?page=181&limit=10,approved,
Sekolah Tinggi Ilmu Ekonomi Kebangsaan Bireuen,sekolah tinggi ilmu ekonomi kebangsaan bireuen,university,,,11409022-a539-4cb4-9298-d7cf84f3a6a6,bima_kemdiktisaintek,https://apibima.kemdiktisaintek.go.id/api/v1/ecatalog/perguruantinggi/search?page=181&limit=10,approved,
Sekolah Tinggi Ilmu Pertanian Farming,sekolah tinggi ilmu pertanian farming,university,,,11448cc7-19ea-4578-81c4-c79cf510fb55,bima_kemdiktisaintek,https://apibima.kemdiktisaintek.go.id/api/v1/ecatalog/perguruantinggi/search?page=181&limit=10,approved,
Sekolah Tinggi Ilmu Kesehatan YPAK Padang,sekolah tinggi ilmu kesehatan ypak padang,university,,,14fb5648-7110-4be9-aa58-325e412f9250,bima_kemdiktisaintek,https://apibima.kemdiktisaintek.go.id/api/v1/ecatalog/perguruantinggi/search?page=181&limit=10,approved,
Sekolah Tinggi Ilmu Kesehatan Abdurahman Palembang,sekolah tinggi ilmu kesehatan abdurahman palembang,university,,,15d05f88-120c-4734-bad2-4833ce36d58c,bima_kemdiktisaintek,https://apibima.kemdiktisaintek.go.id/api/v1/ecatalog/perguruantinggi/search?page=182&limit=10,approved,
STIM LPI Makassar,stim lpi makassar,university,,,1aed9773-38a2-49c2-9ad4-e0355fc2ae4d,bima_kemdiktisaintek,https://apibima.kemdiktisaintek.go.id/api/v1/ecatalog/perguruantinggi/search?page=182&limit=10,approved,
Universitas Anak Bangsa,universitas anak bangsa,university,,,213aed0e-3d7c-443f-b78e-bea37abaaa75,bima_kemdiktisaintek,https://apibima.kemdiktisaintek.go.id/api/v1/ecatalog/perguruantinggi/search?page=182&limit=10,approved,
STIKES Ganesha Husada Kediri,stikes ganesha husada kediri,university,,,230a7040-d006-4864-9e99-441e7b3b0a47,bima_kemdiktisaintek,https://apibima.kemdiktisaintek.go.id/api/v1/ecatalog/perguruantinggi/search?page=182&limit=10,approved,
Sekolah Tinggi Ilmu Administrasi Amuntai,sekolah tinggi ilmu administrasi amuntai,university,,,282a31a4-7f07-4635-af36-44c17db3a902,bima_kemdiktisaintek,https://apibima.kemdiktisaintek.go.id/api/v1/ecatalog/perguruantinggi/search?page=182&limit=10,approved,
Institut Teknologi dan Bisnis Pelita Raya,institut teknologi dan bisnis pelita raya,university,,,28f2d21f-20c7-4d25-9faa-eb81f4d758ae,bima_kemdiktisaintek,https://apibima.kemdiktisaintek.go.id/api/v1/ecatalog/perguruantinggi/search?page=182&limit=10,approved,
Universitas Islam Mulia Yogyakarta,universitas islam mulia yogyakarta,university,,,29322ab0-4b2e-41f2-ab47-f3dcc9a2aaea,bima_kemdiktisaintek,https://apibima.kemdiktisaintek.go.id/api/v1/ecatalog/perguruantinggi/search?page=182&limit=10,approved,
STIKES Santa Elisabeth Medan,stikes santa elisabeth medan,university,,,2b82009e-4e92-4f0c-9b20-05d8a5126e6e,bima_kemdiktisaintek,https://apibima.kemdiktisaintek.go.id/api/v1/ecatalog/perguruantinggi/search?page=182&limit=10,approved,
Universitas Mpu Tantular,universitas mpu tantular,university,,,2f3982c6-80ce-49aa-a5d1-c0eb8fc7b8f1,bima_kemdiktisaintek,https://apibima.kemdiktisaintek.go.id/api/v1/ecatalog/perguruantinggi/search?page=182&limit=10,approved,
STMIK Global Informatika Mdp,stmik global informatika mdp,university,,,2ff6c2c3-4431-4d58-958f-24c8947a6e08,bima_kemdiktisaintek,https://apibima.kemdiktisaintek.go.id/api/v1/ecatalog/perguruantinggi/search?page=182&limit=10,approved,
Sekolah Tinggi Ilmu Ekonomi Nusantara Makassar,sekolah tinggi ilmu ekonomi nusantara makassar,university,,,316e5f19-443b-45d1-8f92-cda3e4fdfbcb,bima_kemdiktisaintek,https://apibima.kemdiktisaintek.go.id/api/v1/ecatalog/perguruantinggi/search?page=183&limit=10,approved,
Institut Medika Drg. Suherman,institut medika drg. suherman,university,,,331f2a58-cddd-4c8c-81bf-5af263a41401,bima_kemdiktisaintek,https://apibima.kemdiktisaintek.go.id/api/v1/ecatalog/perguruantinggi/search?page=183&limit=10,approved,
Institut Bisnis Dan Informatika Kwik Kian Gie,institut bisnis dan informatika kwik kian gie,university,,,3a1148f0-571b-4a45-9c9e-0d64859081c4,bima_kemdiktisaintek,https://apibima.kemdiktisaintek.go.id/api/v1/ecatalog/perguruantinggi/search?page=183&limit=10,approved,
Institut Teknologi dan Ilmu Sosial Khatulistiwa,institut teknologi dan ilmu sosial khatulistiwa,university,,,3b77eefb-e7ea-4f19-8bf9-a19e8924a626,bima_kemdiktisaintek,https://apibima.kemdiktisaintek.go.id/api/v1/ecatalog/perguruantinggi/search?page=183&limit=10,approved,
STISIP Amal Ilmiah Yapis Wamena,stisip amal ilmiah yapis wamena,university,,,3e6603df-eada-42e0-83e6-20cf2c29972d,bima_kemdiktisaintek,https://apibima.kemdiktisaintek.go.id/api/v1/ecatalog/perguruantinggi/search?page=183&limit=10,approved,
Universitas Islam Labuhan Batu,universitas islam labuhan batu,university,,,40f53a60-c6ba-4331-b454-ef2aef52ea40,bima_kemdiktisaintek,https://apibima.kemdiktisaintek.go.id/api/v1/ecatalog/perguruantinggi/search?page=183&limit=10,approved,
Sekolah Tinggi Ilmu Ekonomi Ppi,sekolah tinggi ilmu ekonomi ppi,university,,,41c49cc0-d58c-4dde-b018-91ab8500bc7f,bima_kemdiktisaintek,https://apibima.kemdiktisaintek.go.id/api/v1/ecatalog/perguruantinggi/search?page=183&limit=10,approved,
Sekolah Tinggi Ilmu Manajemen Kupang,sekolah tinggi ilmu manajemen kupang,university,,,42796027-88b2-48be-897c-25cbb372dba2,bima_kemdiktisaintek,https://apibima.kemdiktisaintek.go.id/api/v1/ecatalog/perguruantinggi/search?page=183&limit=10,approved,
Universitas Palembang,universitas palembang,university,,,42ff8826-f311-4212-87fc-cacb31b580df,bima_kemdiktisaintek,https://apibima.kemdiktisaintek.go.id/api/v1/ecatalog/perguruantinggi/search?page=183&limit=10,approved,
Sekolah Tinggi Teknologi Informasi NIIT,sekolah tinggi teknologi informasi niit,university,,,47dc10fe-7652-4bbd-a2d2-0a723c6705b0,bima_kemdiktisaintek,https://apibima.kemdiktisaintek.go.id/api/v1/ecatalog/perguruantinggi/search?page=183&limit=10,approved,
Sekolah Tinggi Ilmu Ekonomi Urip Sumohardjo,sekolah tinggi ilmu ekonomi urip sumohardjo,university,,,4939ca78-ba50-4df4-9bb5-5fbf6a4bf722,bima_kemdiktisaintek,https://apibima.kemdiktisaintek.go.id/api/v1/ecatalog/perguruantinggi/search?page=184&limit=10,approved,
Universitas Serasan,universitas serasan,university,,,49413045-43a1-4a1f-83c3-49983f8e26c1,bima_kemdiktisaintek,https://apibima.kemdiktisaintek.go.id/api/v1/ecatalog/perguruantinggi/search?page=184&limit=10,approved,
Sekolah Tinggi Ilmu Kesehatan Bala Keselamatan Palu,sekolah tinggi ilmu kesehatan bala keselamatan palu,university,,,4966d328-dec7-49de-b588-e23346c543e2,bima_kemdiktisaintek,https://apibima.kemdiktisaintek.go.id/api/v1/ecatalog/perguruantinggi/search?page=184&limit=10,approved,
Sekolah Tinggi Ilmu Kesehatan Mitra Kencana,sekolah tinggi ilmu kesehatan mitra kencana,university,,,4a964c5f-3eb5-46f5-827a-fc87a637a702,bima_kemdiktisaintek,https://apibima.kemdiktisaintek.go.id/api/v1/ecatalog/perguruantinggi/search?page=184&limit=10,approved,
STIA Dan Manajemen Kepelabuhan Barunawati,stia dan manajemen kepelabuhan barunawati,university,,,4b13a596-fa14-4fa6-b66d-1029ee24dd8c,bima_kemdiktisaintek,https://apibima.kemdiktisaintek.go.id/api/v1/ecatalog/perguruantinggi/search?page=184&limit=10,approved,
Universitas Ahmad Dahlan Aceh,universitas ahmad dahlan aceh,university,,,4c1b76d5-7072-4312-97b6-ddac443ea970,bima_kemdiktisaintek,https://apibima.kemdiktisaintek.go.id/api/v1/ecatalog/perguruantinggi/search?page=184&limit=10,approved,
STIKES Ichsan Medical Centre Bintaro,stikes ichsan medical centre bintaro,university,,,4cc0fe6e-50a1-4289-ae3d-0cfd8536dea8,bima_kemdiktisaintek,https://apibima.kemdiktisaintek.go.id/api/v1/ecatalog/perguruantinggi/search?page=184&limit=10,approved,
Sekolah Tinggi Ilmu Ekonomi Dewantara,sekolah tinggi ilmu ekonomi dewantara,university,,,4dd059f8-fbdc-4d6b-8a44-250560c3007e,bima_kemdiktisaintek,https://apibima.kemdiktisaintek.go.id/api/v1/ecatalog/perguruantinggi/search?page=184&limit=10,approved,
Sekolah Tinggi Seni Rupa Dan Desain Visi Indonesia,sekolah tinggi seni rupa dan desain visi indonesia,university,,,4dfad972-7268-4b08-8361-0a2ababd1969,bima_kemdiktisaintek,https://apibima.kemdiktisaintek.go.id/api/v1/ecatalog/perguruantinggi/search?page=184&limit=10,approved,
Universitas Nusantara Manado,universitas nusantara manado,university,,,4fe284be-2ffb-419f-aa9f-d1772087cd25,bima_kemdiktisaintek,https://apibima.kemdiktisaintek.go.id/api/v1/ecatalog/perguruantinggi/search?page=184&limit=10,approved,
Sekolah Tinggi Ilmu Komunikasi Profesi Indonesia,sekolah tinggi ilmu komunikasi profesi indonesia,university,,,51255b7f-624d-4981-b7c0-d1f266dbf9ed,bima_kemdiktisaintek,https://apibima.kemdiktisaintek.go.id/api/v1/ecatalog/perguruantinggi/search?page=185&limit=10,approved,
STIBA Bumi Gora Mataram,stiba bumi gora mataram,university,,,5219d10b-1347-40f2-bda6-2b342d076dda,bima_kemdiktisaintek,https://apibima.kemdiktisaintek.go.id/api/v1/ecatalog/perguruantinggi/search?page=185&limit=10,approved,
Sekolah Tinggi Ilmu Hukum Labuhan Batu,sekolah tinggi ilmu hukum labuhan batu,university,,,54d767ac-586d-47b8-8509-71d30056176a,bima_kemdiktisaintek,https://apibima.kemdiktisaintek.go.id/api/v1/ecatalog/perguruantinggi/search?page=185&limit=10,approved,
INSTITUT TEKNOLOGI PERTANIAN,institut teknologi pertanian,university,,,552cc71e-0b20-4af3-840b-c5e6231392a3,bima_kemdiktisaintek,https://apibima.kemdiktisaintek.go.id/api/v1/ecatalog/perguruantinggi/search?page=185&limit=10,approved,
Sekolah Tinggi Ilmu Maritim Mega Buana,sekolah tinggi ilmu maritim mega buana,university,,,5533d7e3-eabb-43e2-963a-8285a6619a20,bima_kemdiktisaintek,https://apibima.kemdiktisaintek.go.id/api/v1/ecatalog/perguruantinggi/search?page=185&limit=10,approved,
Universitas Riau Indonesia,universitas riau indonesia,university,,,5599b84d-886f-4b84-ae4d-837ca59821b8,bima_kemdiktisaintek,https://apibima.kemdiktisaintek.go.id/api/v1/ecatalog/perguruantinggi/search?page=185&limit=10,approved,
Sekolah Tinggi Ilmu Kesehatan Muhammadiyah Manado,sekolah tinggi ilmu kesehatan muhammadiyah manado,university,,,55f6ea04-8002-44f8-a76d-6d00c981a923,bima_kemdiktisaintek,https://apibima.kemdiktisaintek.go.id/api/v1/ecatalog/perguruantinggi/search?page=185&limit=10,approved,
Institut Teknologi Kelautan Buton,institut teknologi kelautan buton,university,,,56dd2af4-5d00-4ab1-86d2-3e54be0a0d42,bima_kemdiktisaintek,https://apibima.kemdiktisaintek.go.id/api/v1/ecatalog/perguruantinggi/search?page=185&limit=10,approved,
Sekolah Tinggi Ilmu Kesehatan Semarang,sekolah tinggi ilmu kesehatan semarang,university,,,57504c00-b63f-4cc6-926c-ecd2dc4bac34,bima_kemdiktisaintek,https://apibima.kemdiktisaintek.go.id/api/v1/ecatalog/perguruantinggi/search?page=185&limit=10,approved,
Sekolah Tinggi Ilmu Ekonomi Perbankan Indonesia,sekolah tinggi ilmu ekonomi perbankan indonesia,university,,,58e46384-d687-45a6-b07f-008f9b9febe3,bima_kemdiktisaintek,https://apibima.kemdiktisaintek.go.id/api/v1/ecatalog/perguruantinggi/search?page=185&limit=10,approved,
IKIP PGRI Jember,ikip pgri jember,university,,,5c6a8b7a-41bd-4552-bf79-00e8628149db,bima_kemdiktisaintek,https://apibima.kemdiktisaintek.go.id/api/v1/ecatalog/perguruantinggi/search?page=186&limit=10,approved,
STISIP Persada Bunda,stisip persada bunda,university,,,5c70a303-2213-43dc-af9f-a137a50e52f4,bima_kemdiktisaintek,https://apibima.kemdiktisaintek.go.id/api/v1/ecatalog/perguruantinggi/search?page=186&limit=10,approved,
Sekolah Tinggi Teknologi Ilmu Komputer (STTIKOM) Insan Unggul,sekolah tinggi teknologi ilmu komputer (sttikom) insan unggul,university,,,5d2be693-3791-470e-b886-1e6d952f2716,bima_kemdiktisaintek,https://apibima.kemdiktisaintek.go.id/api/v1/ecatalog/perguruantinggi/search?page=186&limit=10,approved,
Sekolah Tinggi Ilmu Kesehatan Darmo,sekolah tinggi ilmu kesehatan darmo,university,,,5f7d3ed5-0736-4b62-bb42-d9c511ac0b49,bima_kemdiktisaintek,https://apibima.kemdiktisaintek.go.id/api/v1/ecatalog/perguruantinggi/search?page=186&limit=10,approved,
STMIK Dharmapala Riau,stmik dharmapala riau,university,,,5f9469e5-5048-4e1b-a0b7-0023e64962b4,bima_kemdiktisaintek,https://apibima.kemdiktisaintek.go.id/api/v1/ecatalog/perguruantinggi/search?page=186&limit=10,approved,
STKIP Pelita Bangsa,stkip pelita bangsa,university,,,60c638d4-f6c3-40b7-b09f-9dcfd0888bdf,bima_kemdiktisaintek,https://apibima.kemdiktisaintek.go.id/api/v1/ecatalog/perguruantinggi/search?page=186&limit=10,approved,
STMIK Pontianak,stmik pontianak,university,,,629381e4-1d6d-4875-85a1-ead224e248be,bima_kemdiktisaintek,https://apibima.kemdiktisaintek.go.id/api/v1/ecatalog/perguruantinggi/search?page=186&limit=10,approved,
Institut Teknologi Alberth Foenay,institut teknologi alberth foenay,university,,,63fe7d92-d0b7-4d51-9002-dfe98be60d84,bima_kemdiktisaintek,https://apibima.kemdiktisaintek.go.id/api/v1/ecatalog/perguruantinggi/search?page=186&limit=10,approved,
Institut Bisnis dan Komunikasi Swadaya,institut bisnis dan komunikasi swadaya,university,,,649b641e-6edd-43df-9885-58aad3df6aca,bima_kemdiktisaintek,https://apibima.kemdiktisaintek.go.id/api/v1/ecatalog/perguruantinggi/search?page=186&limit=10,approved,
STIKES Kusuma Husada Surakarta,stikes kusuma husada surakarta,university,,,649c8ebf-ed4e-4a9c-ae78-eed90eb9719e,bima_kemdiktisaintek,https://apibima.kemdiktisaintek.go.id/api/v1/ecatalog/perguruantinggi/search?page=186&limit=10,approved,
Universitas IPWIJA,universitas ipwija,university,,,64d2a31e-7a7e-4061-bf12-1e811069515c,bima_kemdiktisaintek,https://apibima.kemdiktisaintek.go.id/api/v1/ecatalog/perguruantinggi/search?page=187&limit=10,approved,
Institut Kemandirian Nusantara,institut kemandirian nusantara,university,,,66e1e6c4-b027-4f9f-a93e-5131b0523b14,bima_kemdiktisaintek,https://apibima.kemdiktisaintek.go.id/api/v1/ecatalog/perguruantinggi/search?page=187&limit=10,approved,
Sekolah Tinggi Ilmu Kesehatan Makariwo Halmahera,sekolah tinggi ilmu kesehatan makariwo halmahera,university,,,6758f5cc-4486-47c9-82ce-88f482f8ee69,bima_kemdiktisaintek,https://apibima.kemdiktisaintek.go.id/api/v1/ecatalog/perguruantinggi/search?page=187&limit=10,approved,
Sekolah Tinggi Ilmu Ekonomi Tenggarong,sekolah tinggi ilmu ekonomi tenggarong,university,,,6c04f70f-3e3f-4faf-b3ea-492ba2559f45,bima_kemdiktisaintek,https://apibima.kemdiktisaintek.go.id/api/v1/ecatalog/perguruantinggi/search?page=187&limit=10,approved,
Sekolah Tinggi Ilmu Kesehatan Duta Gama Klaten,sekolah tinggi ilmu kesehatan duta gama klaten,university,,,6c8813c1-c5a7-4dfa-a860-9b33fe10cbcc,bima_kemdiktisaintek,https://apibima.kemdiktisaintek.go.id/api/v1/ecatalog/perguruantinggi/search?page=187&limit=10,approved,
Institut Teknologi dan Kesehatan Jakarta,institut teknologi dan kesehatan jakarta,university,,,71995332-e29a-47b9-b34c-01bf567f0e86,bima_kemdiktisaintek,https://apibima.kemdiktisaintek.go.id/api/v1/ecatalog/perguruantinggi/search?page=187&limit=10,approved,
Institut Budi Utomo Nasional,institut budi utomo nasional,university,,,74b6df94-7cc3-455b-adab-8d14ce1ada01,bima_kemdiktisaintek,https://apibima.kemdiktisaintek.go.id/api/v1/ecatalog/perguruantinggi/search?page=187&limit=10,approved,
Universitas Prof Dr Hafiz MPH,universitas prof dr hafiz mph,university,,,7a09f25f-c80e-472e-ae33-26bddaa7481c,bima_kemdiktisaintek,https://apibima.kemdiktisaintek.go.id/api/v1/ecatalog/perguruantinggi/search?page=187&limit=10,approved,
Universitas Persada Bunda Indonesia,universitas persada bunda indonesia,university,,,7c061b13-2139-4f7b-9e96-cef4dfa33537,bima_kemdiktisaintek,https://apibima.kemdiktisaintek.go.id/api/v1/ecatalog/perguruantinggi/search?page=187&limit=10,approved,
STISIP Setia Budhi,stisip setia budhi,university,,,7c926348-8ab5-45ec-a34a-2774e7abb271,bima_kemdiktisaintek,https://apibima.kemdiktisaintek.go.id/api/v1/ecatalog/perguruantinggi/search?page=187&limit=10,approved,
STIKES Awal Bros Pekanbaru,stikes awal bros pekanbaru,university,,,7f8694d6-7d44-4e6e-8a24-98843cc74251,bima_kemdiktisaintek,https://apibima.kemdiktisaintek.go.id/api/v1/ecatalog/perguruantinggi/search?page=188&limit=10,approved,
STKIP Widyaswara Indonesia,stkip widyaswara indonesia,university,,,7fd600d8-d570-4369-8067-6d9c339d3d87,bima_kemdiktisaintek,https://apibima.kemdiktisaintek.go.id/api/v1/ecatalog/perguruantinggi/search?page=188&limit=10,approved,
Sekolah Tinggi Ilmu Kesehatan Mitra Sejati,sekolah tinggi ilmu kesehatan mitra sejati,university,,,80392b48-7c43-428c-a215-60b211725a8c,bima_kemdiktisaintek,https://apibima.kemdiktisaintek.go.id/api/v1/ecatalog/perguruantinggi/search?page=188&limit=10,approved,
Sekolah Tinggi Ilmu Ekonomi Muhammadiyah Tuban,sekolah tinggi ilmu ekonomi muhammadiyah tuban,university,,,89e4a7e1-fdb5-46c6-bbf5-d89c6b08c7bb,bima_kemdiktisaintek,https://apibima.kemdiktisaintek.go.id/api/v1/ecatalog/perguruantinggi/search?page=188&limit=10,approved,
Sekolah Tinggi Ilmu Kesehatan Tana Toraja,sekolah tinggi ilmu kesehatan tana toraja,university,,,8b95f25f-bfa1-436c-835c-575d0e7b3a86,bima_kemdiktisaintek,https://apibima.kemdiktisaintek.go.id/api/v1/ecatalog/perguruantinggi/search?page=188&limit=10,approved,
STIPER Santo Thomas Aquinas Jayapura,stiper santo thomas aquinas jayapura,university,,,93d1641c-a7e0-436b-aa43-ff35e23b9fdf,bima_kemdiktisaintek,https://apibima.kemdiktisaintek.go.id/api/v1/ecatalog/perguruantinggi/search?page=188&limit=10,approved,
Sekolah Tinggi Ilmu Kesehatan Permata Nusantara,sekolah tinggi ilmu kesehatan permata nusantara,university,,,992e74f5-c1e2-4721-9bc6-cf484f1b01da,bima_kemdiktisaintek,https://apibima.kemdiktisaintek.go.id/api/v1/ecatalog/perguruantinggi/search?page=188&limit=10,approved,
Sekolah Tinggi Bahasa Asing Sebelas April Sumedang,sekolah tinggi bahasa asing sebelas april sumedang,university,,,9fd0f3e6-316d-44f9-bfdb-e6a3d866850f,bima_kemdiktisaintek,https://apibima.kemdiktisaintek.go.id/api/v1/ecatalog/perguruantinggi/search?page=188&limit=10,approved,
Universitas Siguntang Mahaputra,universitas siguntang mahaputra,university,,,a3371b0f-d121-41bd-bdc3-e9d0d361706e,bima_kemdiktisaintek,https://apibima.kemdiktisaintek.go.id/api/v1/ecatalog/perguruantinggi/search?page=188&limit=10,approved,
Universitas Widya Dharma Pontianak,universitas widya dharma pontianak,university,,,a3f154b8-3444-4b2c-8f2f-8d2b65d31920,bima_kemdiktisaintek,https://apibima.kemdiktisaintek.go.id/api/v1/ecatalog/perguruantinggi/search?page=188&limit=10,approved,
STMIK Syaikh Zainuddin Nahdlatul Wathan,stmik syaikh zainuddin nahdlatul wathan,university,,,a42a2830-2f51-492a-9ef4-1bafabb0e26f,bima_kemdiktisaintek,https://apibima.kemdiktisaintek.go.id/api/v1/ecatalog/perguruantinggi/search?page=189&limit=10,approved,
Universitas Ary Ginanjar,universitas ary ginanjar,university,,,a5317837-26d1-4ae8-bde0-699b53176c77,bima_kemdiktisaintek,https://apibima.kemdiktisaintek.go.id/api/v1/ecatalog/perguruantinggi/search?page=189&limit=10,approved,
Sekolah Tinggi Ilmu Administrasi Tabalong,sekolah tinggi ilmu administrasi tabalong,university,,,a7bb8fa3-90c6-435a-86f1-e2b3d0a2440e,bima_kemdiktisaintek,https://apibima.kemdiktisaintek.go.id/api/v1/ecatalog/perguruantinggi/search?page=189&limit=10,approved,
Sekolah Tinggi Ilmu Administrasi YPPT Tasikmalaya,sekolah tinggi ilmu administrasi yppt tasikmalaya,university,,,ab4b347a-cfc3-4760-bbbf-a440a88ee7d7,bima_kemdiktisaintek,https://apibima.kemdiktisaintek.go.id/api/v1/ecatalog/perguruantinggi/search?page=189&limit=10,approved,
Universitas Salakanagara,universitas salakanagara,university,,,ab7be3f1-2b33-400e-a0a1-dc10699b18b8,bima_kemdiktisaintek,https://apibima.kemdiktisaintek.go.id/api/v1/ecatalog/perguruantinggi/search?page=189&limit=10,approved,
Universitas Bhakti Asih Tangerang,universitas bhakti asih tangerang,university,,,adeaa6d1-4e4f-4ef7-b770-e5f4ab480133,bima_kemdiktisaintek,https://apibima.kemdiktisaintek.go.id/api/v1/ecatalog/perguruantinggi/search?page=189&limit=10,approved,
STMIK Borneo Internasional,stmik borneo internasional,university,,,ae9bf246-dc43-40a5-b0df-11d45d2f6d8e,bima_kemdiktisaintek,https://apibima.kemdiktisaintek.go.id/api/v1/ecatalog/perguruantinggi/search?page=189&limit=10,approved,
Sekolah Tinggi Keguruan dan Ilmu Pendidikan Tanjungpura,sekolah tinggi keguruan dan ilmu pendidikan tanjungpura,university,,,b2b82c1d-c6bc-44b7-8b7f-4e1d920430ab,bima_kemdiktisaintek,https://apibima.kemdiktisaintek.go.id/api/v1/ecatalog/perguruantinggi/search?page=189&limit=10,approved,
Sekolah Tinggi Ilmu Ekonomi Widya Praja,sekolah tinggi ilmu ekonomi widya praja,university,,,b35354a2-c24b-42f3-a9bc-810b0e64975d,bima_kemdiktisaintek,https://apibima.kemdiktisaintek.go.id/api/v1/ecatalog/perguruantinggi/search?page=189&limit=10,approved,
Sekolah Tinggi Ilmu Kesehatan Abdi Persada Banjarmasin,sekolah tinggi ilmu kesehatan abdi persada banjarmasin,university,,,b40ed731-b387-4cee-ae1d-96e07d6b95e0,bima_kemdiktisaintek,https://apibima.kemdiktisaintek.go.id/api/v1/ecatalog/perguruantinggi/search?page=189&limit=10,approved,
Universitas Islam Sumatera Barat,universitas islam sumatera barat,university,,,b60c81c5-7c55-457e-8b50-1eb1a97b2372,bima_kemdiktisaintek,https://apibima.kemdiktisaintek.go.id/api/v1/ecatalog/perguruantinggi/search?page=190&limit=10,approved,
Sekolah Tinggi Keguruan dan Ilmu Pendidikan Tunas Papua,sekolah tinggi keguruan dan ilmu pendidikan tunas papua,university,,,b67f0763-c187-42c3-aa64-8c7fa4550f0b,bima_kemdiktisaintek,https://apibima.kemdiktisaintek.go.id/api/v1/ecatalog/perguruantinggi/search?page=190&limit=10,approved,
Sekolah Tinggi Ilmu Pertanian,sekolah tinggi ilmu pertanian,university,,,b78462ea-3f8e-4d9c-ad7d-e3df23cb06ad,bima_kemdiktisaintek,https://apibima.kemdiktisaintek.go.id/api/v1/ecatalog/perguruantinggi/search?page=190&limit=10,approved,
STMIK Bandung,stmik bandung,university,,,b78cff03-6d55-46e5-bdd3-c08a322cfa8d,bima_kemdiktisaintek,https://apibima.kemdiktisaintek.go.id/api/v1/ecatalog/perguruantinggi/search?page=190&limit=10,approved,
STIKES Bahrul Ulum Jombang,stikes bahrul ulum jombang,university,,,b92452d5-16bd-4d6f-80ff-4293f0764c61,bima_kemdiktisaintek,https://apibima.kemdiktisaintek.go.id/api/v1/ecatalog/perguruantinggi/search?page=190&limit=10,approved,
Universitas Wira Buana,universitas wira buana,university,,,bdadf409-5a7d-4660-89e7-aef69e3b7c3a,bima_kemdiktisaintek,https://apibima.kemdiktisaintek.go.id/api/v1/ecatalog/perguruantinggi/search?page=190&limit=10,approved,
Institut Kesehatan dan Bisnis Annisa,institut kesehatan dan bisnis annisa,university,,,c0a6d264-c836-4380-bbcc-73b5d34b5781,bima_kemdiktisaintek,https://apibima.kemdiktisaintek.go.id/api/v1/ecatalog/perguruantinggi/search?page=190&limit=10,approved,
Sekolah Tinggi Filsafat Jaffray Makassar,sekolah tinggi filsafat jaffray makassar,university,,,c608f753-3cdb-4dff-bac7-8e43257e5ea9,bima_kemdiktisaintek,https://apibima.kemdiktisaintek.go.id/api/v1/ecatalog/perguruantinggi/search?page=190&limit=10,approved,
STKIP Widya Yuwana,stkip widya yuwana,university,,,c8d4bf19-cfd0-45f0-a360-0bb9cb9002a8,bima_kemdiktisaintek,https://apibima.kemdiktisaintek.go.id/api/v1/ecatalog/perguruantinggi/search?page=190&limit=10,approved,
STISIP Veteran Palopo,stisip veteran palopo,university,,,c9739bbb-7834-4842-a9e1-26191ea2b4cb,bima_kemdiktisaintek,https://apibima.kemdiktisaintek.go.id/api/v1/ecatalog/perguruantinggi/search?page=190&limit=10,approved,
STKIP Pelita Nusantara Buton,stkip pelita nusantara buton,university,,,caf3c7b1-d3ba-4c62-857f-5ed339882aba,bima_kemdiktisaintek,https://apibima.kemdiktisaintek.go.id/api/v1/ecatalog/perguruantinggi/search?page=191&limit=10,approved,
Sekolah Tinggi Ilmu Komputer 22 Januari Kendari,sekolah tinggi ilmu komputer 22 januari kendari,university,,,cb9e9b6c-226c-48bb-a367-944d5cc4dd20,bima_kemdiktisaintek,https://apibima.kemdiktisaintek.go.id/api/v1/ecatalog/perguruantinggi/search?page=191&limit=10,approved,
Sekolah Tinggi Ilmu Ekonomi Wibawa Karta Raharja,sekolah tinggi ilmu ekonomi wibawa karta raharja,university,,,ce3147a8-2389-4227-b269-baca08a19ae5,bima_kemdiktisaintek,https://apibima.kemdiktisaintek.go.id/api/v1/ecatalog/perguruantinggi/search?page=191&limit=10,approved,
STMIK Amik Bandung,stmik amik bandung,university,,,d0b08dd2-05d1-48ca-bca4-10e1ca3ce65b,bima_kemdiktisaintek,https://apibima.kemdiktisaintek.go.id/api/v1/ecatalog/perguruantinggi/search?page=191&limit=10,approved,
Universitas Cakrawala,universitas cakrawala,university,,,d4766efd-f8f8-4bbc-867f-01b72d9ffbbd,bima_kemdiktisaintek,https://apibima.kemdiktisaintek.go.id/api/v1/ecatalog/perguruantinggi/search?page=191&limit=10,approved,
STMIK Abulyatama,stmik abulyatama,university,,,d70645aa-4879-439e-8dbe-a03866cf3b7b,bima_kemdiktisaintek,https://apibima.kemdiktisaintek.go.id/api/v1/ecatalog/perguruantinggi/search?page=191&limit=10,approved,
Universitas Muhammadiyah Banten,universitas muhammadiyah banten,university,,,d9008e44-bdd6-4e77-8a78-9ada6b3cdb57,bima_kemdiktisaintek,https://apibima.kemdiktisaintek.go.id/api/v1/ecatalog/perguruantinggi/search?page=191&limit=10,approved,
Sekolah Tinggi Ilmu Administrasi Muhammadiyah Selong,sekolah tinggi ilmu administrasi muhammadiyah selong,university,,,d91b66ec-4e37-44ff-a147-a37702a35994,bima_kemdiktisaintek,https://apibima.kemdiktisaintek.go.id/api/v1/ecatalog/perguruantinggi/search?page=191&limit=10,approved,
Sekolah Tinggi Ilmu Kesehatan Persada Nabire,sekolah tinggi ilmu kesehatan persada nabire,university,,,db49f548-a30f-4aa3-b66d-d4f7096cdeaa,bima_kemdiktisaintek,https://apibima.kemdiktisaintek.go.id/api/v1/ecatalog/perguruantinggi/search?page=191&limit=10,approved,
Sekolah Tinggi Teknologi Cahaya Surya,sekolah tinggi teknologi cahaya surya,university,,,dd944f3f-f439-42e8-9341-452d4b6b9f71,bima_kemdiktisaintek,https://apibima.kemdiktisaintek.go.id/api/v1/ecatalog/perguruantinggi/search?page=191&limit=10,approved,
Sekolah Tinggi Ilmu Kesehatan Kesdam IV / Diponegoro,sekolah tinggi ilmu kesehatan kesdam iv / diponegoro,university,,,de05c045-5825-42c2-923e-eded40ef9b57,bima_kemdiktisaintek,https://apibima.kemdiktisaintek.go.id/api/v1/ecatalog/perguruantinggi/search?page=192&limit=10,approved,
Universitas Bhakti Pertiwi Indonesia,universitas bhakti pertiwi indonesia,university,,,de2b0f72-4191-4bc0-b962-d2148c3818a5,bima_kemdiktisaintek,https://apibima.kemdiktisaintek.go.id/api/v1/ecatalog/perguruantinggi/search?page=192&limit=10,approved,
STIKES Muhammadiyah Tegal,stikes muhammadiyah tegal,university,,,deebf481-de94-4f94-93e0-440cefe1a20f,bima_kemdiktisaintek,https://apibima.kemdiktisaintek.go.id/api/v1/ecatalog/perguruantinggi/search?page=192&limit=10,approved,
STIKES Darussalam Lhokseumawe,stikes darussalam lhokseumawe,university,,,dfef28e6-5e68-4c2c-965c-6c0b136422bb,bima_kemdiktisaintek,https://apibima.kemdiktisaintek.go.id/api/v1/ecatalog/perguruantinggi/search?page=192&limit=10,approved,
Sekolah Tinggi Ilmu Kesehatan Immanuel Bandung,sekolah tinggi ilmu kesehatan immanuel bandung,university,,,e09e3b47-8391-4da6-b95d-6294a3f93aca,bima_kemdiktisaintek,https://apibima.kemdiktisaintek.go.id/api/v1/ecatalog/perguruantinggi/search?page=192&limit=10,approved,
Sekolah Tinggi Ilmu Hukum Sumpah Pemuda,sekolah tinggi ilmu hukum sumpah pemuda,university,,,e35bf92a-6c60-44d8-8f5a-8ac808eb8f4f,bima_kemdiktisaintek,https://apibima.kemdiktisaintek.go.id/api/v1/ecatalog/perguruantinggi/search?page=192&limit=10,approved,
Sekolah Tinggi Ilmu Ekonomi Kasih Bangsa,sekolah tinggi ilmu ekonomi kasih bangsa,university,,,e4baff2a-d606-4e0d-8fcd-73d3eebeccaf,bima_kemdiktisaintek,https://apibima.kemdiktisaintek.go.id/api/v1/ecatalog/perguruantinggi/search?page=192&limit=10,approved,
Institut Teknologi Bisnis Riau,institut teknologi bisnis riau,university,,,e58d244a-91a0-4311-a167-78d2e3553352,bima_kemdiktisaintek,https://apibima.kemdiktisaintek.go.id/api/v1/ecatalog/perguruantinggi/search?page=192&limit=10,approved,
Universitas Sapta Mandiri,universitas sapta mandiri,university,,,e69c781d-d1d8-4a92-bdc2-fc67a52b6a0f,bima_kemdiktisaintek,https://apibima.kemdiktisaintek.go.id/api/v1/ecatalog/perguruantinggi/search?page=192&limit=10,approved,
Sekolah Tinggi Pariwisata Pelita Harapan,sekolah tinggi pariwisata pelita harapan,university,,,f1864fbb-09dc-40c3-9aec-7464cfc83527,bima_kemdiktisaintek,https://apibima.kemdiktisaintek.go.id/api/v1/ecatalog/perguruantinggi/search?page=192&limit=10,approved,
Sekolah Tinggi Ilmu Administrasi Karya Dharma Merauke,sekolah tinggi ilmu administrasi karya dharma merauke,university,,,fa4db058-d15e-4ffa-9649-31cd08ece913,bima_kemdiktisaintek,https://apibima.kemdiktisaintek.go.id/api/v1/ecatalog/perguruantinggi/search?page=193&limit=10,approved,
Sekolah Tinggi Ilmu Hukum Asy-Syafi iyah Medan,sekolah tinggi ilmu hukum asy-syafi iyah medan,university,,,fa520aa6-6c6b-4f05-a0c0-e05bb5cc9c61,bima_kemdiktisaintek,https://apibima.kemdiktisaintek.go.id/api/v1/ecatalog/perguruantinggi/search?page=193&limit=10,approved,
STIE Mahaputra Riau,stie mahaputra riau,university,,,faa1dc9e-53d3-4bc5-acf2-5ee5b780287b,bima_kemdiktisaintek,https://apibima.kemdiktisaintek.go.id/api/v1/ecatalog/perguruantinggi/search?page=193&limit=10,approved,
Sekolah Tinggi Ilmu Kesehatan Fatmawati,sekolah tinggi ilmu kesehatan fatmawati,university,,,fcf4e673-b2af-44e8-8a2f-4bae1d2bc2cc,bima_kemdiktisaintek,https://apibima.kemdiktisaintek.go.id/api/v1/ecatalog/perguruantinggi/search?page=193&limit=10,approved,
Sekolah Tinggi Ilmu Kesehatan Cianjur,sekolah tinggi ilmu kesehatan cianjur,university,,,febae07c-25e9-47de-b555-3b356f7cd8ce,bima_kemdiktisaintek,https://apibima.kemdiktisaintek.go.id/api/v1/ecatalog/perguruantinggi/search?page=193&limit=10,approved,
Sekolah Tinggi Ilmu Kesehatan Faletehan,sekolah tinggi ilmu kesehatan faletehan,university,,,ff4cfab7-1e27-4eb9-8532-a327d4220852,bima_kemdiktisaintek,https://apibima.kemdiktisaintek.go.id/api/v1/ecatalog/perguruantinggi/search?page=193&limit=10,approved,
Sekolah Tinggi Ilmu Ekonomi Bhakti Pembangunan,sekolah tinggi ilmu ekonomi bhakti pembangunan,university,,,00af24d9-32ee-4d2f-82ad-92b2f1bb45fa,bima_kemdiktisaintek,https://apibima.kemdiktisaintek.go.id/api/v1/ecatalog/perguruantinggi/search?page=193&limit=10,approved,
STMIK Bandung Bali,stmik bandung bali,university,,,00dff03d-039b-41b5-9d38-12cd31f95b57,bima_kemdiktisaintek,https://apibima.kemdiktisaintek.go.id/api/v1/ecatalog/perguruantinggi/search?page=193&limit=10,approved,
Sekolah Tinggi Bahasa Asing Technocrat,sekolah tinggi bahasa asing technocrat,university,,,01a0e9c7-a37f-45a8-87ef-5d432c5d14f7,bima_kemdiktisaintek,https://apibima.kemdiktisaintek.go.id/api/v1/ecatalog/perguruantinggi/search?page=193&limit=10,approved,
Sekolah Tinggi Ilmu Ekonomi Dharma Putra Semarang,sekolah tinggi ilmu ekonomi dharma putra semarang,university,,,02a7580c-d4c6-4943-97f0-0d655694723d,bima_kemdiktisaintek,https://apibima.kemdiktisaintek.go.id/api/v1/ecatalog/perguruantinggi/search?page=193&limit=10,approved,
Institut Maritim Prasetiya Mandiri,institut maritim prasetiya mandiri,university,,,03b34767-4478-43bb-8817-3fafd07d387d,bima_kemdiktisaintek,https://apibima.kemdiktisaintek.go.id/api/v1/ecatalog/perguruantinggi/search?page=194&limit=10,approved,
Sekolah Tinggi Keguruan dan Ilmu Pendidikan Padang Lawas,sekolah tinggi keguruan dan ilmu pendidikan padang lawas,university,,,07e09194-48c0-4d56-b483-91312c1a5ede,bima_kemdiktisaintek,https://apibima.kemdiktisaintek.go.id/api/v1/ecatalog/perguruantinggi/search?page=194&limit=10,approved,
Sekolah Tinggi Ilmu Kesehatan Bali Wisnu Dharma Denpasar,sekolah tinggi ilmu kesehatan bali wisnu dharma denpasar,university,,,08e77f98-5106-4d16-8f2c-b9ed07089bde,bima_kemdiktisaintek,https://apibima.kemdiktisaintek.go.id/api/v1/ecatalog/perguruantinggi/search?page=194&limit=10,approved,
STIKES Bhakti Mulia,stikes bhakti mulia,university,,,092ac0af-c371-415f-b96d-701d8ee47855,bima_kemdiktisaintek,https://apibima.kemdiktisaintek.go.id/api/v1/ecatalog/perguruantinggi/search?page=194&limit=10,approved,
Sekolah Tinggi Bahasa Asing Persada Bunda,sekolah tinggi bahasa asing persada bunda,university,,,0cae138a-f087-44f8-9030-86d9913dd0a3,bima_kemdiktisaintek,https://apibima.kemdiktisaintek.go.id/api/v1/ecatalog/perguruantinggi/search?page=194&limit=10,approved,
Sekolah Tinggi Ilmu Ekonomi AKA,sekolah tinggi ilmu ekonomi aka,university,,,0ed5385e-816e-4764-b3b9-d117ce677602,bima_kemdiktisaintek,https://apibima.kemdiktisaintek.go.id/api/v1/ecatalog/perguruantinggi/search?page=194&limit=10,approved,
STIA & Pemerintahan Annisa Dwi Salfarizi,stia & pemerintahan annisa dwi salfarizi,university,,,100f7995-2fb1-459f-8f61-4f01eb466b91,bima_kemdiktisaintek,https://apibima.kemdiktisaintek.go.id/api/v1/ecatalog/perguruantinggi/search?page=194&limit=10,approved,
Sekolah Tinggi Keguruan dan Ilmu Pendidikan Rosalia Lampung,sekolah tinggi keguruan dan ilmu pendidikan rosalia lampung,university,,,1271891f-df7f-48fa-9e2f-2b66a08ffadd,bima_kemdiktisaintek,https://apibima.kemdiktisaintek.go.id/api/v1/ecatalog/perguruantinggi/search?page=194&limit=10,approved,
Sekolah Tinggi Ilmu Ekonomi Persada Bunda,sekolah tinggi ilmu ekonomi persada bunda,university,,,1387a54a-4b26-4e30-8cfc-5195226cb088,bima_kemdiktisaintek,https://apibima.kemdiktisaintek.go.id/api/v1/ecatalog/perguruantinggi/search?page=194&limit=10,approved,
STIKES Bina Mandiri Gorontalo,stikes bina mandiri gorontalo,university,,,147a5d9b-b851-4c27-a520-e5e6fc9753c5,bima_kemdiktisaintek,https://apibima.kemdiktisaintek.go.id/api/v1/ecatalog/perguruantinggi/search?page=194&limit=10,approved,
Institut Ilmu Hukum dan Ekonomi Lamaddukelleng,institut ilmu hukum dan ekonomi lamaddukelleng,university,,,157d37eb-d6ea-40e0-87be-c00833bd4031,bima_kemdiktisaintek,https://apibima.kemdiktisaintek.go.id/api/v1/ecatalog/perguruantinggi/search?page=195&limit=10,approved,
Sekolah Tinggi Ilmu Ekonomi Kesumanegara,sekolah tinggi ilmu ekonomi kesumanegara,university,,,189f113d-3670-4cc9-a6e9-18ee43d84160,bima_kemdiktisaintek,https://apibima.kemdiktisaintek.go.id/api/v1/ecatalog/perguruantinggi/search?page=195&limit=10,approved,
Sekolah Tinggi Ilmu Kesehatan Indonesia,sekolah tinggi ilmu kesehatan indonesia,university,,,1aa30ff9-248c-4334-ac91-73249b4708c4,bima_kemdiktisaintek,https://apibima.kemdiktisaintek.go.id/api/v1/ecatalog/perguruantinggi/search?page=195&limit=10,approved,
STIE Madani Balikpapan,stie madani balikpapan,university,,,1b2a13a0-c176-4098-a234-931fd85e3107,bima_kemdiktisaintek,https://apibima.kemdiktisaintek.go.id/api/v1/ecatalog/perguruantinggi/search?page=195&limit=10,approved,
Sekolah Tinggi Ilmu Ekonomi Pelita Nusantara,sekolah tinggi ilmu ekonomi pelita nusantara,university,,,1c92ca6b-0dfe-4569-9aa6-0136be8b968c,bima_kemdiktisaintek,https://apibima.kemdiktisaintek.go.id/api/v1/ecatalog/perguruantinggi/search?page=195&limit=10,approved,
STMIK Amik Riau,stmik amik riau,university,,,1d10619f-61d9-4562-9176-7dc5a191e397,bima_kemdiktisaintek,https://apibima.kemdiktisaintek.go.id/api/v1/ecatalog/perguruantinggi/search?page=195&limit=10,approved,
STIE Widyaswara Indonesia,stie widyaswara indonesia,university,,,1e0efd28-135e-4899-a7f9-1f069703d38a,bima_kemdiktisaintek,https://apibima.kemdiktisaintek.go.id/api/v1/ecatalog/perguruantinggi/search?page=195&limit=10,approved,
Sekolah Tinggi Ilmu Kesehatan Baramuli,sekolah tinggi ilmu kesehatan baramuli,university,,,1f910189-0de8-484a-a847-24533b887a4a,bima_kemdiktisaintek,https://apibima.kemdiktisaintek.go.id/api/v1/ecatalog/perguruantinggi/search?page=195&limit=10,approved,
Institut Sains dan Teknologi Muhammadiyah Tarakan,institut sains dan teknologi muhammadiyah tarakan,university,,,20643a72-1049-4902-a882-a72dc3e44984,bima_kemdiktisaintek,https://apibima.kemdiktisaintek.go.id/api/v1/ecatalog/perguruantinggi/search?page=195&limit=10,approved,
STKIP Hermon Timika,stkip hermon timika,university,,,2103b69a-1636-4c7a-b537-6c1f92cda857,bima_kemdiktisaintek,https://apibima.kemdiktisaintek.go.id/api/v1/ecatalog/perguruantinggi/search?page=195&limit=10,approved,
Sekolah Tinggi Ilmu Kesehatan Arjuna,sekolah tinggi ilmu kesehatan arjuna,university,,,2229daba-bdfa-41c4-9d64-44f76ab8ab8b,bima_kemdiktisaintek,https://apibima.kemdiktisaintek.go.id/api/v1/ecatalog/perguruantinggi/search?page=196&limit=10,approved,
Sekolah Tinggi Manajemen Informatika dan Komputer Al-Fath,sekolah tinggi manajemen informatika dan komputer al-fath,university,,,2259da71-be8d-4a8a-be02-9ad84488e3b0,bima_kemdiktisaintek,https://apibima.kemdiktisaintek.go.id/api/v1/ecatalog/perguruantinggi/search?page=196&limit=10,approved,
Sekolah Tinggi Ilmu Ekonomi Dwi Sakti Baturaja,sekolah tinggi ilmu ekonomi dwi sakti baturaja,university,,,22829334-baff-4068-b0bf-888337db2a73,bima_kemdiktisaintek,https://apibima.kemdiktisaintek.go.id/api/v1/ecatalog/perguruantinggi/search?page=196&limit=10,approved,
STMIK El Rahma,stmik el rahma,university,,,22dda99b-5e19-4e75-8827-7898c810bec0,bima_kemdiktisaintek,https://apibima.kemdiktisaintek.go.id/api/v1/ecatalog/perguruantinggi/search?page=196&limit=10,approved,
Sekolah Tinggi Ilmu Kesehatan Fatima Parepare,sekolah tinggi ilmu kesehatan fatima parepare,university,,,27a3e516-ab82-46a9-b5ad-0f0f597a935f,bima_kemdiktisaintek,https://apibima.kemdiktisaintek.go.id/api/v1/ecatalog/perguruantinggi/search?page=196&limit=10,approved,
STMIK Multicom Bolaan Mongondow,stmik multicom bolaan mongondow,university,,,28179b90-b922-49f1-945c-79d9cc05c31b,bima_kemdiktisaintek,https://apibima.kemdiktisaintek.go.id/api/v1/ecatalog/perguruantinggi/search?page=196&limit=10,approved,
Universitas Internasional Papua,universitas internasional papua,university,,,284f51ef-7a09-487c-91ad-7954d7fbb404,bima_kemdiktisaintek,https://apibima.kemdiktisaintek.go.id/api/v1/ecatalog/perguruantinggi/search?page=196&limit=10,approved,
Institut Media Digital Emtek,institut media digital emtek,university,,,298e1c05-9d08-42d1-8d29-1a27ded0bedf,bima_kemdiktisaintek,https://apibima.kemdiktisaintek.go.id/api/v1/ecatalog/perguruantinggi/search?page=196&limit=10,approved,
Sekolah Tinggi Ilmu Ekonomi Widya Manggala,sekolah tinggi ilmu ekonomi widya manggala,university,,,2a9c8e2c-878c-4347-a8ff-ba8fd8572f5c,bima_kemdiktisaintek,https://apibima.kemdiktisaintek.go.id/api/v1/ecatalog/perguruantinggi/search?page=196&limit=10,approved,
Universitas Karyadarma Kupang,universitas karyadarma kupang,university,,,2aa9a87d-cb4d-4be0-be4d-05c1f85bf865,bima_kemdiktisaintek,https://apibima.kemdiktisaintek.go.id/api/v1/ecatalog/perguruantinggi/search?page=196&limit=10,approved,
STKIP Hamzar,stkip hamzar,university,,,2b2b1485-31b9-4d0b-ad6c-a1cb45762d91,bima_kemdiktisaintek,https://apibima.kemdiktisaintek.go.id/api/v1/ecatalog/perguruantinggi/search?page=197&limit=10,approved,
STKIP Insan Madani Airmolek,stkip insan madani airmolek,university,,,2cb554a9-7113-40b9-8bb4-ea600ef58fec,bima_kemdiktisaintek,https://apibima.kemdiktisaintek.go.id/api/v1/ecatalog/perguruantinggi/search?page=197&limit=10,approved,
Sekolah Tinggi Ilmu Ekonomi IBMT,sekolah tinggi ilmu ekonomi ibmt,university,,,2d88bf57-542a-4988-87a9-359f32dedf51,bima_kemdiktisaintek,https://apibima.kemdiktisaintek.go.id/api/v1/ecatalog/perguruantinggi/search?page=197&limit=10,approved,
Universitas Graha Karya Muara Bulian,universitas graha karya muara bulian,university,,,2e3d477c-e68d-40ff-b27a-7033825f1f49,bima_kemdiktisaintek,https://apibima.kemdiktisaintek.go.id/api/v1/ecatalog/perguruantinggi/search?page=197&limit=10,approved,
Sekolah Tinggi Ilmu Ekonomi Dr Kh Ez Mutaqien,sekolah tinggi ilmu ekonomi dr kh ez mutaqien,university,,,2e7da171-efbb-4f58-b788-63c61ba460f2,bima_kemdiktisaintek,https://apibima.kemdiktisaintek.go.id/api/v1/ecatalog/perguruantinggi/search?page=197&limit=10,approved,
Sekolah Tinggi Ilmu Ekonomi Stan Im,sekolah tinggi ilmu ekonomi stan im,university,,,2f0ae088-607e-460f-afe1-f075ba0dafa7,bima_kemdiktisaintek,https://apibima.kemdiktisaintek.go.id/api/v1/ecatalog/perguruantinggi/search?page=197&limit=10,approved,
Sekolah Tinggi Ilmu Ekonomi Nasional Banjarmasin,sekolah tinggi ilmu ekonomi nasional banjarmasin,university,,,302ce8bc-c6ef-440f-8a9f-1778c33a6756,bima_kemdiktisaintek,https://apibima.kemdiktisaintek.go.id/api/v1/ecatalog/perguruantinggi/search?page=197&limit=10,approved,
STIKES Raflesia,stikes raflesia,university,,,315d4556-b9ae-4341-a873-e4d04850573e,bima_kemdiktisaintek,https://apibima.kemdiktisaintek.go.id/api/v1/ecatalog/perguruantinggi/search?page=197&limit=10,approved,
Sekolah Tinggi Ilmu Ekonomi Ahmad Dahlan Jakarta,sekolah tinggi ilmu ekonomi ahmad dahlan jakarta,university,,,328c0bae-9b2e-4510-8ed5-fbcfb46ea059,bima_kemdiktisaintek,https://apibima.kemdiktisaintek.go.id/api/v1/ecatalog/perguruantinggi/search?page=197&limit=10,approved,
Sekolah Tinggi Ilmu Kesehatan Muhammadiyah Kendal,sekolah tinggi ilmu kesehatan muhammadiyah kendal,university,,,3581e3fb-08f6-4c0e-9f29-f761cc516850,bima_kemdiktisaintek,https://apibima.kemdiktisaintek.go.id/api/v1/ecatalog/perguruantinggi/search?page=197&limit=10,approved,
STIE Harapan Duri,stie harapan duri,university,,,3a75ee20-c68a-4942-b387-32b7f79a2b5e,bima_kemdiktisaintek,https://apibima.kemdiktisaintek.go.id/api/v1/ecatalog/perguruantinggi/search?page=198&limit=10,approved,
Sekolah Tinggi Teknologi Cipasung,sekolah tinggi teknologi cipasung,university,,,3df7f08f-75e2-4c4a-8e1e-5eb33ebfa633,bima_kemdiktisaintek,https://apibima.kemdiktisaintek.go.id/api/v1/ecatalog/perguruantinggi/search?page=198&limit=10,approved,
Sekolah Tinggi Ilmu Kesehatan Aksari,sekolah tinggi ilmu kesehatan aksari,university,,,3fc024bf-e0f7-43e0-9903-28ded1e7ff7a,bima_kemdiktisaintek,https://apibima.kemdiktisaintek.go.id/api/v1/ecatalog/perguruantinggi/search?page=198&limit=10,approved,
Universitas Darul Ma`arif,universitas darul ma`arif,university,,,418445ad-8441-47b3-9fc2-8b87993f02dd,bima_kemdiktisaintek,https://apibima.kemdiktisaintek.go.id/api/v1/ecatalog/perguruantinggi/search?page=198&limit=10,approved,
Sekolah Tinggi Ilmu Kesehatan Kamus Arunika,sekolah tinggi ilmu kesehatan kamus arunika,university,,,4364f7dc-8e8c-4614-a9e4-9d6f9d0e14bd,bima_kemdiktisaintek,https://apibima.kemdiktisaintek.go.id/api/v1/ecatalog/perguruantinggi/search?page=198&limit=10,approved,
Sekolah Tinggi Ilmu Kesehatan Bina Insani Sakti,sekolah tinggi ilmu kesehatan bina insani sakti,university,,,43c08efe-d543-4660-8838-9f4077c738eb,bima_kemdiktisaintek,https://apibima.kemdiktisaintek.go.id/api/v1/ecatalog/perguruantinggi/search?page=198&limit=10,approved,
STIKS Tarakanita,stiks tarakanita,university,,,4401aa9b-ba65-4952-97bd-6ca741e76424,bima_kemdiktisaintek,https://apibima.kemdiktisaintek.go.id/api/v1/ecatalog/perguruantinggi/search?page=198&limit=10,approved,
Institut Teknologi dan Bisnis Bina Sriwijaya Palembang,institut teknologi dan bisnis bina sriwijaya palembang,university,,,44c95498-8d9e-4405-88fc-c29e91b7dd3c,bima_kemdiktisaintek,https://apibima.kemdiktisaintek.go.id/api/v1/ecatalog/perguruantinggi/search?page=198&limit=10,approved,
Sekolah Tinggi Ilmu Ekonomi Dwimulya,sekolah tinggi ilmu ekonomi dwimulya,university,,,462ea22c-324d-40da-908c-d24070b1b8ff,bima_kemdiktisaintek,https://apibima.kemdiktisaintek.go.id/api/v1/ecatalog/perguruantinggi/search?page=198&limit=10,approved,
Sekolah Tinggi Ilmu Ekonomi Cirebon,sekolah tinggi ilmu ekonomi cirebon,university,,,46727512-6b93-404f-8263-e71b630db6ce,bima_kemdiktisaintek,https://apibima.kemdiktisaintek.go.id/api/v1/ecatalog/perguruantinggi/search?page=198&limit=10,approved,
STKIP Muhammadiyah Rappang,stkip muhammadiyah rappang,university,,,4864c008-5260-492c-831c-7b666d48f927,bima_kemdiktisaintek,https://apibima.kemdiktisaintek.go.id/api/v1/ecatalog/perguruantinggi/search?page=199&limit=10,approved,
Sekolah Tinggi Ilmu Ekonomi Insan Pembangunan,sekolah tinggi ilmu ekonomi insan pembangunan,university,,,4fe528e6-95c1-49c3-ade0-7eb7dada307b,bima_kemdiktisaintek,https://apibima.kemdiktisaintek.go.id/api/v1/ecatalog/perguruantinggi/search?page=199&limit=10,approved,
Institut Teknologi Telkom Jakarta,institut teknologi telkom jakarta,university,,,509be411-789e-4c0a-93fc-634d87706be5,bima_kemdiktisaintek,https://apibima.kemdiktisaintek.go.id/api/v1/ecatalog/perguruantinggi/search?page=199&limit=10,approved,
STISIP Banten Raya,stisip banten raya,university,,,50f80560-6e88-4885-ac70-27af777b490d,bima_kemdiktisaintek,https://apibima.kemdiktisaintek.go.id/api/v1/ecatalog/perguruantinggi/search?page=199&limit=10,approved,
Universitas Saintek Muhammadiyah,universitas saintek muhammadiyah,university,,,526fa4af-5ed0-4f23-8d80-55fa7aee17de,bima_kemdiktisaintek,https://apibima.kemdiktisaintek.go.id/api/v1/ecatalog/perguruantinggi/search?page=199&limit=10,approved,
STIMIK Tunas Bangsa Banjarnegara,stimik tunas bangsa banjarnegara,university,,,53e004ca-ead9-454c-83a0-b676f45e9b3e,bima_kemdiktisaintek,https://apibima.kemdiktisaintek.go.id/api/v1/ecatalog/perguruantinggi/search?page=199&limit=10,approved,
Sekolah Tinggi Ilmu Kesehatan Garuda Putih,sekolah tinggi ilmu kesehatan garuda putih,university,,,564c81aa-53c6-44f5-b859-219e0f417c8e,bima_kemdiktisaintek,https://apibima.kemdiktisaintek.go.id/api/v1/ecatalog/perguruantinggi/search?page=199&limit=10,approved,
STMIK Sentra Pendidikan Bisnis,stmik sentra pendidikan bisnis,university,,,57fbe2b3-7cb2-432c-99ad-2320d766a9f3,bima_kemdiktisaintek,https://apibima.kemdiktisaintek.go.id/api/v1/ecatalog/perguruantinggi/search?page=199&limit=10,approved,
Universitas Merangin,universitas merangin,university,,,583db4a5-c3af-4f40-9242-7f05eada035b,bima_kemdiktisaintek,https://apibima.kemdiktisaintek.go.id/api/v1/ecatalog/perguruantinggi/search?page=199&limit=10,approved,
Universitas Nagoya Indonesia,universitas nagoya indonesia,university,,,599978a0-003f-4371-8694-7256f9249700,bima_kemdiktisaintek,https://apibima.kemdiktisaintek.go.id/api/v1/ecatalog/perguruantinggi/search?page=199&limit=10,approved,
Sekolah Tinggi Ilmu Administrasi Bandung,sekolah tinggi ilmu administrasi bandung,university,,,61c9fcd3-eaf6-4fac-ac06-431e20003a05,bima_kemdiktisaintek,https://apibima.kemdiktisaintek.go.id/api/v1/ecatalog/perguruantinggi/search?page=200&limit=10,approved,
Sekolah Tinggi Ilmu Ekonomi Riau,sekolah tinggi ilmu ekonomi riau,university,,,62d39fb1-a194-45f9-974e-2ff4bb0b45f9,bima_kemdiktisaintek,https://apibima.kemdiktisaintek.go.id/api/v1/ecatalog/perguruantinggi/search?page=200&limit=10,approved,
Institut Teknologi Insan Cendekia Mandiri,institut teknologi insan cendekia mandiri,university,,,62d48a32-a2e5-4eac-a9a7-164fad55850f,bima_kemdiktisaintek,https://apibima.kemdiktisaintek.go.id/api/v1/ecatalog/perguruantinggi/search?page=200&limit=10,approved,
Sekolah Tinggi Ilmu Kesehatan Istara Nusantara,sekolah tinggi ilmu kesehatan istara nusantara,university,,,641bd1ca-85ac-40ed-8647-efd665cabbad,bima_kemdiktisaintek,https://apibima.kemdiktisaintek.go.id/api/v1/ecatalog/perguruantinggi/search?page=200&limit=10,approved,
Sekolah Tinggi Teknik Poliprofesi,sekolah tinggi teknik poliprofesi,university,,,65bc41d9-12f6-4da8-803c-bd6695b5c3f4,bima_kemdiktisaintek,https://apibima.kemdiktisaintek.go.id/api/v1/ecatalog/perguruantinggi/search?page=200&limit=10,approved,
Sekolah Tinggi Ilmu Ekonomi Widya Dharma,sekolah tinggi ilmu ekonomi widya dharma,university,,,66d69628-e11b-41b8-8ac2-86f19ece1abf,bima_kemdiktisaintek,https://apibima.kemdiktisaintek.go.id/api/v1/ecatalog/perguruantinggi/search?page=200&limit=10,approved,
Sekolah Tinggi Ilmu Ekonomi Trisna Negara,sekolah tinggi ilmu ekonomi trisna negara,university,,,6cbd8f87-d49f-45db-b2bc-935253f1e4aa,bima_kemdiktisaintek,https://apibima.kemdiktisaintek.go.id/api/v1/ecatalog/perguruantinggi/search?page=200&limit=10,approved,
Sekolah Tinggi Teknologi YBS Internasional,sekolah tinggi teknologi ybs internasional,university,,,6f248d7b-710d-413f-87b6-8b88527a7ff9,bima_kemdiktisaintek,https://apibima.kemdiktisaintek.go.id/api/v1/ecatalog/perguruantinggi/search?page=200&limit=10,approved,
Sekolah Tinggi Ilmu Ekonomi Tridharma,sekolah tinggi ilmu ekonomi tridharma,university,,,7389e153-ce8d-4a4a-8746-04a257666600,bima_kemdiktisaintek,https://apibima.kemdiktisaintek.go.id/api/v1/ecatalog/perguruantinggi/search?page=200&limit=10,approved,
Sekolah Tinggi Ilmu Hukum Awang Long,sekolah tinggi ilmu hukum awang long,university,,,75969050-5bc5-4f7b-8aac-9171100c6d38,bima_kemdiktisaintek,https://apibima.kemdiktisaintek.go.id/api/v1/ecatalog/perguruantinggi/search?page=200&limit=10,approved,
Universitas Singaperbangsa Karawang,universitas singaperbangsa karawang,university,,,762b09f2-f73a-4594-837e-9960787f0605,bima_kemdiktisaintek,https://apibima.kemdiktisaintek.go.id/api/v1/ecatalog/perguruantinggi/search?page=201&limit=10,approved,
Sekolah Tinggi Ilmu Manajemen Pase,sekolah tinggi ilmu manajemen pase,university,,,77a49d16-7b95-4c3e-9bc5-071e36c8fb10,bima_kemdiktisaintek,https://apibima.kemdiktisaintek.go.id/api/v1/ecatalog/perguruantinggi/search?page=201&limit=10,approved,
Sekolah Tinggi Ilmu Pertanian Berau,sekolah tinggi ilmu pertanian berau,university,,,7afe2111-1cb3-4d51-a2ac-4aceafa8d88a,bima_kemdiktisaintek,https://apibima.kemdiktisaintek.go.id/api/v1/ecatalog/perguruantinggi/search?page=201&limit=10,approved,
Institut Teknologi Petroleum Balongan,institut teknologi petroleum balongan,university,,,7b360c62-4623-4d2f-bd24-2c48467462f8,bima_kemdiktisaintek,https://apibima.kemdiktisaintek.go.id/api/v1/ecatalog/perguruantinggi/search?page=201&limit=10,approved,
Universitas Mandiri Bina Prestasi,universitas mandiri bina prestasi,university,,,7c73b1a3-3667-498b-9641-966926f0d314,bima_kemdiktisaintek,https://apibima.kemdiktisaintek.go.id/api/v1/ecatalog/perguruantinggi/search?page=201&limit=10,approved,
Sekolah Tinggi Maritim Dan Transpor AMNI,sekolah tinggi maritim dan transpor amni,university,,,7cb32285-c0fc-408b-80b8-a6d254c30419,bima_kemdiktisaintek,https://apibima.kemdiktisaintek.go.id/api/v1/ecatalog/perguruantinggi/search?page=201&limit=10,approved,
Sekolah Tinggi Ilmu Eknomi Yapis Merauke,sekolah tinggi ilmu eknomi yapis merauke,university,,,7cbcd538-030e-4029-8e99-5d348f6ec939,bima_kemdiktisaintek,https://apibima.kemdiktisaintek.go.id/api/v1/ecatalog/perguruantinggi/search?page=201&limit=10,approved,
Institut Teknologi dan Bisnis Haji Agus Salim Bukittinggi,institut teknologi dan bisnis haji agus salim bukittinggi,university,,,7f7a9cee-8b8f-4411-baaf-1ac0f8192abb,bima_kemdiktisaintek,https://apibima.kemdiktisaintek.go.id/api/v1/ecatalog/perguruantinggi/search?page=201&limit=10,approved,
Universitas Nusa Megarkencana,universitas nusa megarkencana,university,,,7fc5f52c-d94b-4515-8309-ab0277fcf7e5,bima_kemdiktisaintek,https://apibima.kemdiktisaintek.go.id/api/v1/ecatalog/perguruantinggi/search?page=201&limit=10,approved,
Sekolah Tinggi Ilmu Administrasi Adabiah,sekolah tinggi ilmu administrasi adabiah,university,,,81ce5446-53ff-4bb5-acf5-bc3c2d336201,bima_kemdiktisaintek,https://apibima.kemdiktisaintek.go.id/api/v1/ecatalog/perguruantinggi/search?page=201&limit=10,approved,
Sekolah Tinggi Teknik Surabaya,sekolah tinggi teknik surabaya,university,,,82b5d988-f8bd-42dd-a95b-70282026125f,bima_kemdiktisaintek,https://apibima.kemdiktisaintek.go.id/api/v1/ecatalog/perguruantinggi/search?page=202&limit=10,approved,
Sekolah Tinggi Ilmu Kesehatan Panca Bhakti Pontianak,sekolah tinggi ilmu kesehatan panca bhakti pontianak,university,,,82fc921b-d5cb-41d1-b11d-7a59d22ff9cb,bima_kemdiktisaintek,https://apibima.kemdiktisaintek.go.id/api/v1/ecatalog/perguruantinggi/search?page=202&limit=10,approved,
STIP Graha Karya,stip graha karya,university,,,8345ea9d-e599-4945-ac7f-9d94c35d9e4b,bima_kemdiktisaintek,https://apibima.kemdiktisaintek.go.id/api/v1/ecatalog/perguruantinggi/search?page=202&limit=10,approved,
Institut Bisnis Nusantara,institut bisnis nusantara,university,,,84cc750c-9c01-4834-ba27-727658e2339d,bima_kemdiktisaintek,https://apibima.kemdiktisaintek.go.id/api/v1/ecatalog/perguruantinggi/search?page=202&limit=10,approved,
Sekolah Tinggi Ilmu Kesehatan Pasar Rebo,sekolah tinggi ilmu kesehatan pasar rebo,university,,,86261b64-13a5-4bd7-8c46-abfd0ba5af04,bima_kemdiktisaintek,https://apibima.kemdiktisaintek.go.id/api/v1/ecatalog/perguruantinggi/search?page=202&limit=10,approved,
Universitas Tridharma,universitas tridharma,university,,,8b1ea8a3-5a22-44e4-94bb-12159a6dd4d5,bima_kemdiktisaintek,https://apibima.kemdiktisaintek.go.id/api/v1/ecatalog/perguruantinggi/search?page=202&limit=10,approved,
Sekolah Tinggi Ilmu Ekonomi Deli Sumatera,sekolah tinggi ilmu ekonomi deli sumatera,university,,,8bd14cce-9072-417f-8175-3e0579743610,bima_kemdiktisaintek,https://apibima.kemdiktisaintek.go.id/api/v1/ecatalog/perguruantinggi/search?page=202&limit=10,approved,
STKIP Abdi Wacana Wamena,stkip abdi wacana wamena,university,,,8d68b632-95c9-4e34-b4e8-74f05d26f552,bima_kemdiktisaintek,https://apibima.kemdiktisaintek.go.id/api/v1/ecatalog/perguruantinggi/search?page=202&limit=10,approved,
Institut Teknologi dan Bisnis Jakarta,institut teknologi dan bisnis jakarta,university,,,8daeef7e-3e5c-498f-9bc9-7c89b94f8243,bima_kemdiktisaintek,https://apibima.kemdiktisaintek.go.id/api/v1/ecatalog/perguruantinggi/search?page=202&limit=10,approved,
Institut Teknologi Sosial dan Kesehatan Muhammadiyah Selong,institut teknologi sosial dan kesehatan muhammadiyah selong,university,,,8e8deeb9-9acc-405b-aeae-93cf660f0031,bima_kemdiktisaintek,https://apibima.kemdiktisaintek.go.id/api/v1/ecatalog/perguruantinggi/search?page=202&limit=10,approved,
Sekolah Tinggi Ilmu Ekonomi dan Bisnis Prana Putra,sekolah tinggi ilmu ekonomi dan bisnis prana putra,university,,,8fa01496-8921-4b9a-92b4-8dcd28ff5278,bima_kemdiktisaintek,https://apibima.kemdiktisaintek.go.id/api/v1/ecatalog/perguruantinggi/search?page=203&limit=10,approved,
Sekolah Tinggi Ilmu Manajemen dan Ilmu Komputer ESQ,sekolah tinggi ilmu manajemen dan ilmu komputer esq,university,,,901c88e0-f6ff-419c-9fbb-6871ad53c61d,bima_kemdiktisaintek,https://apibima.kemdiktisaintek.go.id/api/v1/ecatalog/perguruantinggi/search?page=203&limit=10,approved,
Sekolah Tinggi Manajemen Pariwisata dan Logistik Lentera Mondial,sekolah tinggi manajemen pariwisata dan logistik lentera mondial,university,,,9295dc98-e296-4b49-890f-52b3c9b28eef,bima_kemdiktisaintek,https://apibima.kemdiktisaintek.go.id/api/v1/ecatalog/perguruantinggi/search?page=203&limit=10,approved,
STMIK Kuwera,stmik kuwera,university,,,9716903d-223c-48b4-b5a8-88fb3eeaa2ab,bima_kemdiktisaintek,https://apibima.kemdiktisaintek.go.id/api/v1/ecatalog/perguruantinggi/search?page=203&limit=10,approved,
Sekolah Tinggi Teknologi Bontang,sekolah tinggi teknologi bontang,university,,,979b85fa-d7ae-41ee-b9ea-08c178a78fea,bima_kemdiktisaintek,https://apibima.kemdiktisaintek.go.id/api/v1/ecatalog/perguruantinggi/search?page=203&limit=10,approved,
Institut Sains Dan Teknologi Td Pardede,institut sains dan teknologi td pardede,university,,,98161513-552d-4bbd-8d28-0d69e1f028f0,bima_kemdiktisaintek,https://apibima.kemdiktisaintek.go.id/api/v1/ecatalog/perguruantinggi/search?page=203&limit=10,approved,
Institut Teknologi Bisnis dan Bahasa Dian Cipta Cendikia,institut teknologi bisnis dan bahasa dian cipta cendikia,university,,,99664ac3-7a7f-451d-b2c6-b6fdec8092e1,bima_kemdiktisaintek,https://apibima.kemdiktisaintek.go.id/api/v1/ecatalog/perguruantinggi/search?page=203&limit=10,approved,
Sekolah Tinggi Ilmu Ekonomi Yapi Bone,sekolah tinggi ilmu ekonomi yapi bone,university,,,99bd41d6-02a9-46f0-9029-834035b95436,bima_kemdiktisaintek,https://apibima.kemdiktisaintek.go.id/api/v1/ecatalog/perguruantinggi/search?page=203&limit=10,approved,
Sekolah Tinggi Ilmu Ekonomi Arlindo,sekolah tinggi ilmu ekonomi arlindo,university,,,9b0bd2b1-45fc-4e06-baa5-c6f9d6030fba,bima_kemdiktisaintek,https://apibima.kemdiktisaintek.go.id/api/v1/ecatalog/perguruantinggi/search?page=203&limit=10,approved,
STIKES Muhammadiyah Pringsewu,stikes muhammadiyah pringsewu,university,,,9b5a132f-b766-4d6a-88d8-d1e0e3709f21,bima_kemdiktisaintek,https://apibima.kemdiktisaintek.go.id/api/v1/ecatalog/perguruantinggi/search?page=203&limit=10,approved,
Sekolah Tinggi Ilmu Administrasi Bengkulu,sekolah tinggi ilmu administrasi bengkulu,university,,,9d99a629-2218-450f-ac90-87441069444e,bima_kemdiktisaintek,https://apibima.kemdiktisaintek.go.id/api/v1/ecatalog/perguruantinggi/search?page=204&limit=10,approved,
Sekolah Tinggi Ilmu Ekonomi Artha Bodhi Iswara,sekolah tinggi ilmu ekonomi artha bodhi iswara,university,,,9e36982f-c672-445c-b15c-020ce25dfd98,bima_kemdiktisaintek,https://apibima.kemdiktisaintek.go.id/api/v1/ecatalog/perguruantinggi/search?page=204&limit=10,approved,
STIKES Medika Nurul Islam,stikes medika nurul islam,university,,,9fc9d3d6-c351-4dce-9edf-313acf442284,bima_kemdiktisaintek,https://apibima.kemdiktisaintek.go.id/api/v1/ecatalog/perguruantinggi/search?page=204&limit=10,approved,
STMIK Bina Mulia,stmik bina mulia,university,,,a582f4a6-3704-4461-bc0d-69f8d3a79192,bima_kemdiktisaintek,https://apibima.kemdiktisaintek.go.id/api/v1/ecatalog/perguruantinggi/search?page=204&limit=10,approved,
Universitas Cipta Mandiri,universitas cipta mandiri,university,,,a91ed8a0-8170-4165-98ea-52efaccfa86a,bima_kemdiktisaintek,https://apibima.kemdiktisaintek.go.id/api/v1/ecatalog/perguruantinggi/search?page=204&limit=10,approved,
Institut Teknologi AI Mahrusiyah,institut teknologi ai mahrusiyah,university,,,aa4fa71d-a47e-4b3c-827a-7a5e601f681b,bima_kemdiktisaintek,https://apibima.kemdiktisaintek.go.id/api/v1/ecatalog/perguruantinggi/search?page=204&limit=10,approved,
STKIP Tunas Palapa,stkip tunas palapa,university,,,aacad4e4-4fca-4b33-a264-b5e5e310d1f3,bima_kemdiktisaintek,https://apibima.kemdiktisaintek.go.id/api/v1/ecatalog/perguruantinggi/search?page=204&limit=10,approved,
Institut Teknologi dan Sains Nahdlatul Ulama Lampung,institut teknologi dan sains nahdlatul ulama lampung,university,,,ab5534ba-a84f-43b6-97fe-922806f35f2f,bima_kemdiktisaintek,https://apibima.kemdiktisaintek.go.id/api/v1/ecatalog/perguruantinggi/search?page=204&limit=10,approved,
STIE YBPK Palangka Raya,stie ybpk palangka raya,university,,,aba430aa-607d-42f5-95e0-b001c1cbeb4b,bima_kemdiktisaintek,https://apibima.kemdiktisaintek.go.id/api/v1/ecatalog/perguruantinggi/search?page=204&limit=10,approved,
Sekolah Tinggi Ilmu Kesehatan Kesehatan Baru,sekolah tinggi ilmu kesehatan kesehatan baru,university,,,ac184c9b-8c44-465d-a65c-13cdb768ed2a,bima_kemdiktisaintek,https://apibima.kemdiktisaintek.go.id/api/v1/ecatalog/perguruantinggi/search?page=204&limit=10,approved,
Universitas Kartamulia Purwakarta,universitas kartamulia purwakarta,university,,,ac5c7a53-6f7d-4246-b6db-54b306c56bf5,bima_kemdiktisaintek,https://apibima.kemdiktisaintek.go.id/api/v1/ecatalog/perguruantinggi/search?page=205&limit=10,approved,
Universitas Yarsi Pratama,universitas yarsi pratama,university,,,ae0d2aaf-0a11-4439-b497-eae2ccf10200,bima_kemdiktisaintek,https://apibima.kemdiktisaintek.go.id/api/v1/ecatalog/perguruantinggi/search?page=205&limit=10,approved,
Sekolah Tinggi Manajemen Risiko Dan Asuransi,sekolah tinggi manajemen risiko dan asuransi,university,,,af5f049e-7220-4a88-b45d-0524d0b99fc2,bima_kemdiktisaintek,https://apibima.kemdiktisaintek.go.id/api/v1/ecatalog/perguruantinggi/search?page=205&limit=10,approved,
Institut Kesenian Makassar,institut kesenian makassar,university,,,af7704a3-55e3-45df-88b4-5bbef741080f,bima_kemdiktisaintek,https://apibima.kemdiktisaintek.go.id/api/v1/ecatalog/perguruantinggi/search?page=205&limit=10,approved,
Institut Teknologi dan Bisnis Bank Rakyat Indonesia,institut teknologi dan bisnis bank rakyat indonesia,university,,,afde07f7-da92-4929-bcb7-9cfc7228a39e,bima_kemdiktisaintek,https://apibima.kemdiktisaintek.go.id/api/v1/ecatalog/perguruantinggi/search?page=205&limit=10,approved,
STIKES Muhammadiyah Lamongan,stikes muhammadiyah lamongan,university,,,b0d1a0de-a14b-453d-bdfd-a7df3eaaf4b7,bima_kemdiktisaintek,https://apibima.kemdiktisaintek.go.id/api/v1/ecatalog/perguruantinggi/search?page=205&limit=10,approved,
Sekolah Tinggi Pariwisata Riau,sekolah tinggi pariwisata riau,university,,,b0d99ddf-ea8b-4a4b-9dda-7f304469b1d4,bima_kemdiktisaintek,https://apibima.kemdiktisaintek.go.id/api/v1/ecatalog/perguruantinggi/search?page=205&limit=10,approved,
Sekolah Tinggi Manajemen Informatika dan Komputer Pesat Nabire,sekolah tinggi manajemen informatika dan komputer pesat nabire,university,,,b15739ac-2c0c-42c4-999d-9458163be4f8,bima_kemdiktisaintek,https://apibima.kemdiktisaintek.go.id/api/v1/ecatalog/perguruantinggi/search?page=205&limit=10,approved,
Sekolah Tinggi Manajemen Logistik Indonesia,sekolah tinggi manajemen logistik indonesia,university,,,b3b0b7b4-de87-4b6b-af79-0a7297c8aa51,bima_kemdiktisaintek,https://apibima.kemdiktisaintek.go.id/api/v1/ecatalog/perguruantinggi/search?page=205&limit=10,approved,
Universitas Okmin Papua,universitas okmin papua,university,,,b4b4a04c-310c-4c6d-b8f8-04243581c70e,bima_kemdiktisaintek,https://apibima.kemdiktisaintek.go.id/api/v1/ecatalog/perguruantinggi/search?page=205&limit=10,approved,
Institut Teknologi Bisnis dan Kesehatan Bhakti Putra Bangsa Indonesia,institut teknologi bisnis dan kesehatan bhakti putra bangsa indonesia,university,,,b5298f35-e897-435a-bef1-4a8b6e4d5eb4,bima_kemdiktisaintek,https://apibima.kemdiktisaintek.go.id/api/v1/ecatalog/perguruantinggi/search?page=206&limit=10,approved,
Institut Kesehatan dan Teknologi Kartini Batam,institut kesehatan dan teknologi kartini batam,university,,,b7adc358-422c-4b8a-964f-09678d0e18b0,bima_kemdiktisaintek,https://apibima.kemdiktisaintek.go.id/api/v1/ecatalog/perguruantinggi/search?page=206&limit=10,approved,
STIKES Muhammadiyah Bojonegoro,stikes muhammadiyah bojonegoro,university,,,b7d02e70-acac-463e-859a-c4ce738c11c3,bima_kemdiktisaintek,https://apibima.kemdiktisaintek.go.id/api/v1/ecatalog/perguruantinggi/search?page=206&limit=10,approved,
Sekolah Tinggi Ilmu Kesehatan Columbia Asia,sekolah tinggi ilmu kesehatan columbia asia,university,,,b8b05315-0c44-4072-914d-1d2f2c37318e,bima_kemdiktisaintek,https://apibima.kemdiktisaintek.go.id/api/v1/ecatalog/perguruantinggi/search?page=206&limit=10,approved,
STT Minyak dan Gas Cilacap,stt minyak dan gas cilacap,university,,,bb9505ea-4555-4e16-93fd-0b2778a70432,bima_kemdiktisaintek,https://apibima.kemdiktisaintek.go.id/api/v1/ecatalog/perguruantinggi/search?page=206&limit=10,approved,
Universitas Doktor Husni Ingratubun Tual,universitas doktor husni ingratubun tual,university,,,bc585cbe-b994-45f9-89c5-d798974c8395,bima_kemdiktisaintek,https://apibima.kemdiktisaintek.go.id/api/v1/ecatalog/perguruantinggi/search?page=206&limit=10,approved,
Sekolah Tinggi Teknik Karawang,sekolah tinggi teknik karawang,university,,,bd518d9f-e5f7-4cdb-a614-96d712f4045c,bima_kemdiktisaintek,https://apibima.kemdiktisaintek.go.id/api/v1/ecatalog/perguruantinggi/search?page=206&limit=10,approved,
STIE Nias Selatan,stie nias selatan,university,,,bf40e961-cdaa-4f95-9de7-6d7c35b1f133,bima_kemdiktisaintek,https://apibima.kemdiktisaintek.go.id/api/v1/ecatalog/perguruantinggi/search?page=206&limit=10,approved,
STKIP Muhammadiyah Aceh Tengah,stkip muhammadiyah aceh tengah,university,,,c291a753-1a3b-4dc0-98c7-a3ba00bfecf2,bima_kemdiktisaintek,https://apibima.kemdiktisaintek.go.id/api/v1/ecatalog/perguruantinggi/search?page=206&limit=10,approved,
STIE Indonesia Banking School,stie indonesia banking school,university,,,c3b1f494-d9bf-4d3a-9163-2ddb8491a106,bima_kemdiktisaintek,https://apibima.kemdiktisaintek.go.id/api/v1/ecatalog/perguruantinggi/search?page=206&limit=10,approved,
Universitas Binaniaga Indonesia,universitas binaniaga indonesia,university,,,c4cf72d6-8660-4e11-b1e9-bcddeec9d3dd,bima_kemdiktisaintek,https://apibima.kemdiktisaintek.go.id/api/v1/ecatalog/perguruantinggi/search?page=207&limit=10,approved,
Sekolah Tinggi Ilmu Kesehatan Mitra Adiguna,sekolah tinggi ilmu kesehatan mitra adiguna,university,,,c4d5884f-3a55-4793-9baf-3224c200d451,bima_kemdiktisaintek,https://apibima.kemdiktisaintek.go.id/api/v1/ecatalog/perguruantinggi/search?page=207&limit=10,approved,
Sekolah Tinggi Ilmu Hukum Lubuk Sikaping,sekolah tinggi ilmu hukum lubuk sikaping,university,,,c5599cd2-b205-4a7a-955a-a203ec178599,bima_kemdiktisaintek,https://apibima.kemdiktisaintek.go.id/api/v1/ecatalog/perguruantinggi/search?page=207&limit=10,approved,
Sekolah Tinggi Ilmu Komputer Medan,sekolah tinggi ilmu komputer medan,university,,,c5a30a66-e8cf-4a32-bc28-3f8ffb90237d,bima_kemdiktisaintek,https://apibima.kemdiktisaintek.go.id/api/v1/ecatalog/perguruantinggi/search?page=207&limit=10,approved,
Sekolah Tinggi Perkebunan Lampung,sekolah tinggi perkebunan lampung,university,,,c6042fc4-df7d-4e53-a288-88a6802a378b,bima_kemdiktisaintek,https://apibima.kemdiktisaintek.go.id/api/v1/ecatalog/perguruantinggi/search?page=207&limit=10,approved,
STIKES Panca Atma Jaya,stikes panca atma jaya,university,,,c6b8a499-bb0b-4254-aec9-40e84add822d,bima_kemdiktisaintek,https://apibima.kemdiktisaintek.go.id/api/v1/ecatalog/perguruantinggi/search?page=207&limit=10,approved,
Institut Jambatan Bulan,institut jambatan bulan,university,,,c6bd6764-993d-45d6-8bf7-9d674a5ff32e,bima_kemdiktisaintek,https://apibima.kemdiktisaintek.go.id/api/v1/ecatalog/perguruantinggi/search?page=207&limit=10,approved,
STMIK Citra Mandiri Padangsidimpuan,stmik citra mandiri padangsidimpuan,university,,,c8076e69-97f5-4a91-9f87-53a69ec2cb82,bima_kemdiktisaintek,https://apibima.kemdiktisaintek.go.id/api/v1/ecatalog/perguruantinggi/search?page=207&limit=10,approved,
STIKES Namira Madina,stikes namira madina,university,,,c939a5ae-d8cd-4efb-9039-e081cab6e073,bima_kemdiktisaintek,https://apibima.kemdiktisaintek.go.id/api/v1/ecatalog/perguruantinggi/search?page=207&limit=10,approved,
Sekolah Tinggi Bahasa Asing JIA,sekolah tinggi bahasa asing jia,university,,,ca200750-bc8f-42e9-a3ed-4dc99d05481d,bima_kemdiktisaintek,https://apibima.kemdiktisaintek.go.id/api/v1/ecatalog/perguruantinggi/search?page=207&limit=10,approved,
Sekolah Tinggi Ilmu Kesehatan Pemkab Purworejo,sekolah tinggi ilmu kesehatan pemkab purworejo,university,,,ca61f20c-4899-42d6-a9ac-e024448a6ec8,bima_kemdiktisaintek,https://apibima.kemdiktisaintek.go.id/api/v1/ecatalog/perguruantinggi/search?page=208&limit=10,approved,
Sekolah Tinggi Ilmu Kesehatan Mitra Lampung,sekolah tinggi ilmu kesehatan mitra lampung,university,,,cb383aa1-bea6-4502-8e3f-4fdbc3ab6e87,bima_kemdiktisaintek,https://apibima.kemdiktisaintek.go.id/api/v1/ecatalog/perguruantinggi/search?page=208&limit=10,approved,
Universitas Kristen Palangka Raya,universitas kristen palangka raya,university,,,ccb2ec37-3490-432a-9ffe-11284ebf1f4f,bima_kemdiktisaintek,https://apibima.kemdiktisaintek.go.id/api/v1/ecatalog/perguruantinggi/search?page=208&limit=10,approved,
Sekolah Tinggi Ilmu Ekonomi Hidayatullah Depok,sekolah tinggi ilmu ekonomi hidayatullah depok,university,,,cdaa939a-5dc3-465d-8c52-7b7dc300a33d,bima_kemdiktisaintek,https://apibima.kemdiktisaintek.go.id/api/v1/ecatalog/perguruantinggi/search?page=208&limit=10,approved,
Sekolah Tinggi Ilmu Sosial Teminabuan,sekolah tinggi ilmu sosial teminabuan,university,,,cdc384f7-43db-4c5b-8902-3bb9006c1ee1,bima_kemdiktisaintek,https://apibima.kemdiktisaintek.go.id/api/v1/ecatalog/perguruantinggi/search?page=208&limit=10,approved,
STMIK Muhammadiyah Paguyangan Brebes,stmik muhammadiyah paguyangan brebes,university,,,ce37042d-d009-4c83-870b-14a9f582688a,bima_kemdiktisaintek,https://apibima.kemdiktisaintek.go.id/api/v1/ecatalog/perguruantinggi/search?page=208&limit=10,approved,
Institut Teknologi dan Bisnis Swadharma,institut teknologi dan bisnis swadharma,university,,,cf3071fb-8b46-477d-8dcc-1c4f739c9af9,bima_kemdiktisaintek,https://apibima.kemdiktisaintek.go.id/api/v1/ecatalog/perguruantinggi/search?page=208&limit=10,approved,
Sekolah Tinggi Ilmu Kesehatan Artha Bodhi Iswara,sekolah tinggi ilmu kesehatan artha bodhi iswara,university,,,cfc7f290-35dc-44b0-bd8e-25b344f3a261,bima_kemdiktisaintek,https://apibima.kemdiktisaintek.go.id/api/v1/ecatalog/perguruantinggi/search?page=208&limit=10,approved,
Universitas Tama Jagakarsa,universitas tama jagakarsa,university,,,d2538ab7-44aa-436a-b536-750aeb3fc39d,bima_kemdiktisaintek,https://apibima.kemdiktisaintek.go.id/api/v1/ecatalog/perguruantinggi/search?page=208&limit=10,approved,
Sekolah Tinggi Ilmu Ekonomi Wiyatamandala,sekolah tinggi ilmu ekonomi wiyatamandala,university,,,d38e7687-2cce-4c56-9a86-3afac626d583,bima_kemdiktisaintek,https://apibima.kemdiktisaintek.go.id/api/v1/ecatalog/perguruantinggi/search?page=208&limit=10,approved,
Sekolah Tinggi Ilmu Ekonomi Indonesia Makassar,sekolah tinggi ilmu ekonomi indonesia makassar,university,,,d499f0a8-1c45-493f-b34b-03ef661bbcdd,bima_kemdiktisaintek,https://apibima.kemdiktisaintek.go.id/api/v1/ecatalog/perguruantinggi/search?page=209&limit=10,approved,
Sekolah Tinggi Manajemen dan Ilmu Komputer Umel Mandiri,sekolah tinggi manajemen dan ilmu komputer umel mandiri,university,,,d4ee0b09-5265-4c58-a92f-9bba86fd58a1,bima_kemdiktisaintek,https://apibima.kemdiktisaintek.go.id/api/v1/ecatalog/perguruantinggi/search?page=209&limit=10,approved,
STKIP PGRI Sukabumi,stkip pgri sukabumi,university,,,d5f19228-ff53-4df4-ae91-c10b9506b883,bima_kemdiktisaintek,https://apibima.kemdiktisaintek.go.id/api/v1/ecatalog/perguruantinggi/search?page=209&limit=10,approved,
Sekolah Tinggi Ilmu Ekonomi Dharma Nasional Jember,sekolah tinggi ilmu ekonomi dharma nasional jember,university,,,d6d09108-6958-4d95-a1c8-326342316ee5,bima_kemdiktisaintek,https://apibima.kemdiktisaintek.go.id/api/v1/ecatalog/perguruantinggi/search?page=209&limit=10,approved,
STIKES Surya Mitra Husada,stikes surya mitra husada,university,,,da8fe909-5687-4dc1-ae8b-096698010452,bima_kemdiktisaintek,https://apibima.kemdiktisaintek.go.id/api/v1/ecatalog/perguruantinggi/search?page=209&limit=10,approved,
Sekolah Tinggi Ilmu Kesehatan Bantul,sekolah tinggi ilmu kesehatan bantul,university,,,dcd5c730-d67a-41d5-9c8b-28a199d1c581,bima_kemdiktisaintek,https://apibima.kemdiktisaintek.go.id/api/v1/ecatalog/perguruantinggi/search?page=209&limit=10,approved,
Sekolah Tinggi Penerbangan Aviasi,sekolah tinggi penerbangan aviasi,university,,,deec14f7-75c0-4c20-a250-37715ee9928f,bima_kemdiktisaintek,https://apibima.kemdiktisaintek.go.id/api/v1/ecatalog/perguruantinggi/search?page=209&limit=10,approved,
Sekolah Tinggi Media Komunikasi Trisakti,sekolah tinggi media komunikasi trisakti,university,,,e13c1e98-8905-4b02-8dc1-dcf4e970940a,bima_kemdiktisaintek,https://apibima.kemdiktisaintek.go.id/api/v1/ecatalog/perguruantinggi/search?page=209&limit=10,approved,
STIE Bali Internasional Institute of Tourism Management,stie bali internasional institute of tourism management,university,,,e1f8481c-86de-45ce-991e-8b87a9bcb13d,bima_kemdiktisaintek,https://apibima.kemdiktisaintek.go.id/api/v1/ecatalog/perguruantinggi/search?page=209&limit=10,approved,
Institut Ilmu Sosial Dan Ilmu Politik Jakarta,institut ilmu sosial dan ilmu politik jakarta,university,,,e27768c3-cc72-4e6a-a1ad-445caf24bd7d,bima_kemdiktisaintek,https://apibima.kemdiktisaintek.go.id/api/v1/ecatalog/perguruantinggi/search?page=209&limit=10,approved,
STMIK Dharma Wacana,stmik dharma wacana,university,,,e2a2ee35-7800-4319-8d58-94d8187a83aa,bima_kemdiktisaintek,https://apibima.kemdiktisaintek.go.id/api/v1/ecatalog/perguruantinggi/search?page=210&limit=10,approved,
STISIP Trimasda Cilegon,stisip trimasda cilegon,university,,,e7867143-a320-41dc-bd7d-57423c1cd29a,bima_kemdiktisaintek,https://apibima.kemdiktisaintek.go.id/api/v1/ecatalog/perguruantinggi/search?page=210&limit=10,approved,
Institut Kesehatan Helvetia Pekanbaru,institut kesehatan helvetia pekanbaru,university,,,e89aea90-aa73-403d-bb45-c45f396bf9a6,bima_kemdiktisaintek,https://apibima.kemdiktisaintek.go.id/api/v1/ecatalog/perguruantinggi/search?page=210&limit=10,approved,
Institut Kesehatan Indonesia,institut kesehatan indonesia,university,,,eb0fb044-dda8-476a-9ca3-2cb7b09fe61c,bima_kemdiktisaintek,https://apibima.kemdiktisaintek.go.id/api/v1/ecatalog/perguruantinggi/search?page=210&limit=10,approved,
Sekolah Tinggi Ilmu Teknik Serasan,sekolah tinggi ilmu teknik serasan,university,,,eb73209d-3112-47b1-9fa2-6c2283a40ce0,bima_kemdiktisaintek,https://apibima.kemdiktisaintek.go.id/api/v1/ecatalog/perguruantinggi/search?page=210&limit=10,approved,
Institut Teknologi dan Bisnis Indragiri,institut teknologi dan bisnis indragiri,university,,,ec3247b2-25a7-4fc1-a120-db6887694555,bima_kemdiktisaintek,https://apibima.kemdiktisaintek.go.id/api/v1/ecatalog/perguruantinggi/search?page=210&limit=10,approved,
Institut Teknologi Sains dan Kesehatan Insan Cendekia Medika Jombang,institut teknologi sains dan kesehatan insan cendekia medika jombang,university,,,ec3e692b-a7c1-489d-8edb-f4899eb66929,bima_kemdiktisaintek,https://apibima.kemdiktisaintek.go.id/api/v1/ecatalog/perguruantinggi/search?page=210&limit=10,approved,
Sekolah Tinggi Ilmu Kesehatan Hesti Wira Sriwijaya,sekolah tinggi ilmu kesehatan hesti wira sriwijaya,university,,,ec55c3d8-0601-4b14-802e-6f04a1a42b6e,bima_kemdiktisaintek,https://apibima.kemdiktisaintek.go.id/api/v1/ecatalog/perguruantinggi/search?page=210&limit=10,approved,
STIE IBMI Medan,stie ibmi medan,university,,,ef3b375f-1dec-4b73-a0dc-824d106a90fe,bima_kemdiktisaintek,https://apibima.kemdiktisaintek.go.id/api/v1/ecatalog/perguruantinggi/search?page=210&limit=10,approved,
Universitas Dharma Indonesia,universitas dharma indonesia,university,,,ef67967d-10af-4aa2-b76b-5a540313ee1c,bima_kemdiktisaintek,https://apibima.kemdiktisaintek.go.id/api/v1/ecatalog/perguruantinggi/search?page=210&limit=10,approved,
STMIK Prabumulih,stmik prabumulih,university,,,ef7287f8-221f-4300-aeee-3c21cae35844,bima_kemdiktisaintek,https://apibima.kemdiktisaintek.go.id/api/v1/ecatalog/perguruantinggi/search?page=211&limit=10,approved,
Institut Teknologi dan Kesehatan Ika Bina,institut teknologi dan kesehatan ika bina,university,,,ef854027-f6e1-4257-ad15-2c6e37bd5499,bima_kemdiktisaintek,https://apibima.kemdiktisaintek.go.id/api/v1/ecatalog/perguruantinggi/search?page=211&limit=10,approved,
Sekolah Tinggi Ilmu Kesehatan Sehati,sekolah tinggi ilmu kesehatan sehati,university,,,f3f6f31f-1649-491e-847c-1d92d467197c,bima_kemdiktisaintek,https://apibima.kemdiktisaintek.go.id/api/v1/ecatalog/perguruantinggi/search?page=211&limit=10,approved,
Universitas Pelita Harapan Medan,universitas pelita harapan medan,university,,,f3ff5c40-083a-4768-b64e-f0c44cb82f27,bima_kemdiktisaintek,https://apibima.kemdiktisaintek.go.id/api/v1/ecatalog/perguruantinggi/search?page=211&limit=10,approved,
STIA Abdul Azis Kataloka,stia abdul azis kataloka,university,,,f4daabb4-3e98-4656-920a-dd16ffc550b8,bima_kemdiktisaintek,https://apibima.kemdiktisaintek.go.id/api/v1/ecatalog/perguruantinggi/search?page=211&limit=10,approved,
Sekolah Tinggi Ilmu Hukum Muhammadiyah Kotabumi,sekolah tinggi ilmu hukum muhammadiyah kotabumi,university,,,f71a5ce4-2ca3-423b-94d1-e376fe951f8b,bima_kemdiktisaintek,https://apibima.kemdiktisaintek.go.id/api/v1/ecatalog/perguruantinggi/search?page=211&limit=10,approved,
Sekolah Tinggi Ilmu Kesehatan Bina Cipta Husada Purwokerto,sekolah tinggi ilmu kesehatan bina cipta husada purwokerto,university,,,f7817663-ada7-48ff-810c-447eba5fc6dd,bima_kemdiktisaintek,https://apibima.kemdiktisaintek.go.id/api/v1/ecatalog/perguruantinggi/search?page=211&limit=10,approved,
STISIP Guna Nusantara,stisip guna nusantara,university,,,f8b88e36-093b-47e6-a499-5c4e43df8d2b,bima_kemdiktisaintek,https://apibima.kemdiktisaintek.go.id/api/v1/ecatalog/perguruantinggi/search?page=211&limit=10,approved,
Universitas Islam Dr Khez Muttaqien,universitas islam dr khez muttaqien,university,,,f8e91a22-10da-4974-ab9e-4624f65ba7c3,bima_kemdiktisaintek,https://apibima.kemdiktisaintek.go.id/api/v1/ecatalog/perguruantinggi/search?page=211&limit=10,approved,
Sekolah Tinggi Hukum Pasundan,sekolah tinggi hukum pasundan,university,,,fa5bf2b6-133b-42be-b832-719d5431d82f,bima_kemdiktisaintek,https://apibima.kemdiktisaintek.go.id/api/v1/ecatalog/perguruantinggi/search?page=211&limit=10,approved,
Sekolah Tinggi Ilmu Administrasi Lppn,sekolah tinggi ilmu administrasi lppn,university,,,fc20fe30-7337-47a0-a405-6ed5709a2c3d,bima_kemdiktisaintek,https://apibima.kemdiktisaintek.go.id/api/v1/ecatalog/perguruantinggi/search?page=212&limit=10,approved,
Sekolah Tinggi Ilmu Kesehatan Rustida,sekolah tinggi ilmu kesehatan rustida,university,,,fc2e9bd4-397f-4e21-ac75-e193fa362002,bima_kemdiktisaintek,https://apibima.kemdiktisaintek.go.id/api/v1/ecatalog/perguruantinggi/search?page=212&limit=10,approved,
Sekolah Tinggi Ilmu Ekonomi Widya Manggalia,sekolah tinggi ilmu ekonomi widya manggalia,university,,,fc3bdf77-2890-4ad9-9a4d-617fa8157d10,bima_kemdiktisaintek,https://apibima.kemdiktisaintek.go.id/api/v1/ecatalog/perguruantinggi/search?page=212&limit=10,approved,
Sekolah Tinggi Ilmu Ekonomi Gema Widya Bangsa,sekolah tinggi ilmu ekonomi gema widya bangsa,university,,,fd7dc96c-71c1-4ffa-9293-f332505fcdd7,bima_kemdiktisaintek,https://apibima.kemdiktisaintek.go.id/api/v1/ecatalog/perguruantinggi/search?page=212&limit=10,approved,
STISIPOL Yaleka Maro,stisipol yaleka maro,university,,,ff509265-0f35-4e0e-b71b-def36e614afa,bima_kemdiktisaintek,https://apibima.kemdiktisaintek.go.id/api/v1/ecatalog/perguruantinggi/search?page=212&limit=10,approved,
Sekolah Tinggi Ilmu Kesehatan Deli Husada,sekolah tinggi ilmu kesehatan deli husada,university,,,ff7887b2-9165-49a9-afa7-fa2e803ca72f,bima_kemdiktisaintek,https://apibima.kemdiktisaintek.go.id/api/v1/ecatalog/perguruantinggi/search?page=212&limit=10,approved,
Sekolah Tinggi Keguruan dan Ilum Pendidikan Abdul Mujib Laewang Dampal Selatan,sekolah tinggi keguruan dan ilum pendidikan abdul mujib laewang dampal selatan,university,,,ff945c1d-7e92-46ed-9902-d489dd4c2bcd,bima_kemdiktisaintek,https://apibima.kemdiktisaintek.go.id/api/v1/ecatalog/perguruantinggi/search?page=212&limit=10,approved,
Sekolah Tinggi Teknologi Industri Bontang,sekolah tinggi teknologi industri bontang,university,,,ffa71ab4-0dbe-4110-96ac-bb8cf44b13cd,bima_kemdiktisaintek,https://apibima.kemdiktisaintek.go.id/api/v1/ecatalog/perguruantinggi/search?page=212&limit=10,approved,
Sekolah Tinggi Teknologi Jakarta,sekolah tinggi teknologi jakarta,university,,,31a90219-f7fa-40d5-b2b7-fd2535a19ae8,bima_kemdiktisaintek,https://apibima.kemdiktisaintek.go.id/api/v1/ecatalog/perguruantinggi/search?page=212&limit=10,approved,
Sekolah Tinggi Ilmu Ekonomi Harapan Bangsa,sekolah tinggi ilmu ekonomi harapan bangsa,university,,,3409ae0d-50d9-4eeb-a8e9-994729d169c6,bima_kemdiktisaintek,https://apibima.kemdiktisaintek.go.id/api/v1/ecatalog/perguruantinggi/search?page=212&limit=10,approved,
Sekolah Tinggi Ilmu Hukum Pengayoman,sekolah tinggi ilmu hukum pengayoman,university,,,377b13eb-83d5-4538-b133-73af8468adab,bima_kemdiktisaintek,https://apibima.kemdiktisaintek.go.id/api/v1/ecatalog/perguruantinggi/search?page=213&limit=10,approved,
Sekolah Tinggi Ilmu Ekonomi Swadaya,sekolah tinggi ilmu ekonomi swadaya,university,,,3ed9371e-1f56-4baa-abdb-c45e82704de7,bima_kemdiktisaintek,https://apibima.kemdiktisaintek.go.id/api/v1/ecatalog/perguruantinggi/search?page=213&limit=10,approved,
Universitas Soerjo,universitas soerjo,university,,,3f9337fd-f9f7-41ca-a8e2-50ae4e875ea8,bima_kemdiktisaintek,https://apibima.kemdiktisaintek.go.id/api/v1/ecatalog/perguruantinggi/search?page=213&limit=10,approved,
STIKES Bhakti Pertiwi Indonesia,stikes bhakti pertiwi indonesia,university,,,58e45422-15e7-4a54-a8ad-d0dcb2006634,bima_kemdiktisaintek,https://apibima.kemdiktisaintek.go.id/api/v1/ecatalog/perguruantinggi/search?page=213&limit=10,approved,
STIKES Al Irsyad Al Islamiyyah Cilacap,stikes al irsyad al islamiyyah cilacap,university,,,6d59585b-f984-432f-94e1-756f7e95b9f6,bima_kemdiktisaintek,https://apibima.kemdiktisaintek.go.id/api/v1/ecatalog/perguruantinggi/search?page=213&limit=10,approved,
Sekolah Tinggi Ilmu Ekonomi Nusa Megar Kencana,sekolah tinggi ilmu ekonomi nusa megar kencana,university,,,8d667d01-c5ea-47be-ad60-0afaa6cce036,bima_kemdiktisaintek,https://apibima.kemdiktisaintek.go.id/api/v1/ecatalog/perguruantinggi/search?page=213&limit=10,approved,
STIKES Muhammadiyah Klaten,stikes muhammadiyah klaten,university,,,94949ec4-19b8-4c7a-be60-e52f71db9e59,bima_kemdiktisaintek,https://apibima.kemdiktisaintek.go.id/api/v1/ecatalog/perguruantinggi/search?page=213&limit=10,approved,
STIKES Muhammadiyah Pekajangan,stikes muhammadiyah pekajangan,university,,,a4590a58-6249-463f-ae5e-87aed07c03ca,bima_kemdiktisaintek,https://apibima.kemdiktisaintek.go.id/api/v1/ecatalog/perguruantinggi/search?page=213&limit=10,approved,
Sekolah Tinggi Ilmu Pertanian Amuntai,sekolah tinggi ilmu pertanian amuntai,university,,,b23d64e4-2be2-4593-8770-bc3dcd89d253,bima_kemdiktisaintek,https://apibima.kemdiktisaintek.go.id/api/v1/ecatalog/perguruantinggi/search?page=213&limit=10,approved,
Sekolah Tinggi Pertanian Haji Agus Salim,sekolah tinggi pertanian haji agus salim,university,,,c07096f1-8f1d-44cd-85c2-0a55609c9959,bima_kemdiktisaintek,https://apibima.kemdiktisaintek.go.id/api/v1/ecatalog/perguruantinggi/search?page=213&limit=10,approved,
IKIP Saraswati,ikip saraswati,university,,,ee88a6a7-9be1-4592-9017-506495377c6c,bima_kemdiktisaintek,https://apibima.kemdiktisaintek.go.id/api/v1/ecatalog/perguruantinggi/search?page=214&limit=10,approved,
